M107 ; disable fan
M190 S45 ; set bed temperature and wait for it to be reached
M104 S230 ; set temperature
G28 ; home all axes
G1 Z5 F5000 ; lift nozzle

; Filament gcode

M109 S230 ; set temperature and wait for it to be reached
G21 ; set units to millimeters
G90 ; use absolute coordinates
M82 ; use absolute distances for extrusion
G92 E0 ; reset extrusion distance

G1 Z7.400 F7800.000 ; move to next layer (36)
G1 Z7.400 F7800.000 ; Move up before moving
G1 X42.361 Y64.030 F7800.000 ; move to first perimeter point
G1 X80.826 Y65.662 F7800.000 ; move to first perimeter point
G1 X90.002 Y69.504 F7800.000 ; move to first perimeter point
G1 X90.002 Y112.551 F7800.000 ; move to first perimeter point
G1 X82.290 Y125.773 F7800.000 ; move to first perimeter point
G1 X79.209 Y132.112 F7800.000 ; move to first perimeter point
G1 X80.957 Y134.911 F7800.000 ; move to first perimeter point
G1 X85.050 Y140.106 F7800.000 ; move to first perimeter point
G1 X84.902 Y153.436 F7800.000 ; move to first perimeter point
G1 X84.528 Y153.806 F7800.000 ; move to first perimeter point
G1 X84.152 Y154.440 F7800.000 ; move to first perimeter point
G1 Z4.022 F7800.000 ; Move down after moving

G1 F1800
G1 X84.152 Y154.175 Z4.043 E770.11150 ; perimeter
G1 X81.740 Y154.175 Z4.043 E770.23879 ; perimeter
G1 X79.945 Y154.131 Z4.039 E770.33355 ; perimeter
G1 X78.086 Y153.992 Z4.035 E770.43190 ; perimeter
G1 X76.317 Y153.785 Z4.032 E770.52587 ; perimeter
G1 X74.427 Y153.489 Z4.028 E770.62681 ; perimeter
G1 X72.448 Y153.101 Z4.025 E770.73327 ; perimeter
G1 X70.471 Y152.611 Z4.022 E770.84074 ; perimeter
G1 X68.385 Y151.935 Z4.019 E770.95644 ; perimeter
G1 X67.366 Y151.527 Z4.017 E771.01433 ; perimeter
G1 X66.376 Y151.068 Z4.015 E771.07193 ; perimeter
G1 X65.248 Y150.458 Z4.014 E771.13961 ; perimeter
G1 X64.152 Y149.767 Z4.012 E771.20799 ; perimeter
G1 X63.101 Y149.004 Z4.010 E771.27652 ; perimeter
G1 X62.117 Y148.182 Z4.008 E771.34416 ; perimeter
G1 X61.385 Y147.494 Z4.006 E771.39718 ; perimeter
G1 X60.699 Y146.779 Z4.004 E771.44945 ; perimeter
G1 X59.452 Y145.261 Z4.001 E771.55311 ; perimeter
G1 X59.013 Y144.643 Z3.999 E771.59311 ; perimeter
G1 X58.605 Y144.015 Z3.998 E771.63265 ; perimeter
G1 X58.143 Y143.218 Z3.997 E771.68126 ; perimeter
G1 X57.788 Y142.522 Z3.995 E771.72248 ; perimeter
G1 X57.525 Y141.954 Z3.994 E771.75550 ; perimeter
G1 X57.213 Y141.188 Z3.993 E771.79916 ; perimeter
G1 X56.911 Y140.328 Z3.991 E771.84725 ; perimeter
G1 X56.640 Y139.397 Z3.989 E771.89839 ; perimeter
G1 X56.404 Y138.389 Z3.987 E771.95301 ; perimeter
G1 X56.208 Y137.252 Z3.985 E772.01390 ; perimeter
G1 X56.080 Y136.093 Z3.983 E772.07545 ; perimeter
G1 X56.021 Y134.920 Z3.982 E772.13744 ; perimeter
G1 X56.032 Y133.742 Z3.980 E772.19958 ; perimeter
G1 X56.201 Y131.884 Z3.976 E772.29802 ; perimeter
G1 X56.490 Y130.272 Z3.974 E772.38444 ; perimeter
G1 X56.718 Y129.345 Z3.969 E772.43484 ; perimeter
G1 X57.269 Y127.605 Z3.968 E772.53114 ; perimeter
G1 X57.876 Y126.065 Z3.967 E772.61849 ; perimeter
G1 X58.939 Y123.748 Z3.966 E772.75300 ; perimeter
G1 X60.770 Y119.976 Z3.965 E772.97422 ; perimeter
G1 X61.935 Y117.485 Z3.965 E773.11934 ; perimeter
G1 X62.731 Y115.666 Z3.964 E773.22409 ; perimeter
G1 X62.896 Y115.253 Z3.964 E773.24759 ; perimeter
G1 X63.223 Y114.314 Z3.964 E773.30006 ; perimeter
G1 X63.488 Y113.283 Z3.965 E773.35620 ; perimeter
G1 X63.663 Y112.193 Z3.965 E773.41449 ; perimeter
G1 X63.780 Y110.766 Z3.964 E773.49003 ; perimeter
G1 X63.761 Y109.301 Z3.964 E773.56734 ; perimeter
G1 X63.717 Y108.850 Z3.964 E773.59126 ; perimeter
G1 X63.601 Y108.094 Z3.963 E773.63159 ; perimeter
G1 X63.439 Y107.433 Z3.963 E773.66752 ; perimeter
G1 X63.218 Y106.791 Z3.962 E773.70336 ; perimeter
G1 X62.903 Y106.102 Z3.960 E773.74332 ; perimeter
G1 X62.505 Y105.408 Z3.959 E773.78554 ; perimeter
G1 X62.020 Y104.689 Z3.958 E773.83131 ; perimeter
G1 X61.442 Y103.924 Z3.958 E773.88189 ; perimeter
G1 X60.422 Y102.679 Z3.958 E773.96683 ; perimeter
G1 X54.613 Y95.921 Z3.957 E774.43705 ; perimeter
G1 X52.768 Y93.740 Z3.955 E774.58782 ; perimeter
G1 X51.400 Y92.072 Z3.953 E774.70161 ; perimeter
G1 X49.696 Y89.870 Z3.953 E774.84853 ; perimeter
G1 X48.607 Y88.350 Z3.952 E774.94724 ; perimeter
G1 X47.735 Y87.026 Z3.952 E775.03088 ; perimeter
G1 X46.927 Y85.695 Z3.952 E775.11303 ; perimeter
G1 X46.174 Y84.335 Z3.952 E775.19504 ; perimeter
G1 X45.467 Y82.928 Z3.951 E775.27813 ; perimeter
G1 X44.821 Y81.498 Z3.951 E775.36097 ; perimeter
G1 X44.160 Y79.846 Z3.951 E775.45483 ; perimeter
G1 X43.588 Y78.209 Z3.951 E775.54637 ; perimeter
G1 X43.052 Y76.408 Z3.950 E775.64551 ; perimeter
G1 X42.693 Y75.014 Z3.950 E775.72146 ; perimeter
G1 X42.364 Y73.500 Z3.949 E775.80319 ; perimeter
G1 X42.111 Y72.094 Z3.948 E775.87860 ; perimeter
G1 X41.932 Y70.871 Z3.948 E775.94383 ; perimeter
G1 X41.784 Y69.597 Z3.947 E776.01148 ; perimeter
G1 X41.690 Y68.512 Z3.947 E776.06896 ; perimeter
G1 X41.587 Y66.223 Z3.947 E776.18989 ; perimeter
G1 X41.609 Y64.005 Z3.948 E776.30689 ; perimeter
G1 X41.737 Y61.900 Z3.948 E776.41819 ; perimeter
G1 X41.952 Y59.904 Z3.948 E776.52414 ; perimeter
G1 X42.279 Y57.800 Z3.948 E776.63649 ; perimeter
G1 X42.531 Y56.464 Z3.949 E776.70821 ; perimeter
G1 X42.895 Y54.849 Z3.949 E776.79557 ; perimeter
G1 X43.315 Y53.261 Z3.948 E776.88227 ; perimeter
G1 X43.877 Y51.458 Z3.948 E776.98192 ; perimeter
G1 X44.532 Y49.691 Z3.948 E777.08134 ; perimeter
G1 X45.287 Y47.962 Z3.948 E777.18092 ; perimeter
G1 X46.145 Y46.278 Z3.948 E777.28064 ; perimeter
G1 X47.323 Y44.305 Z3.948 E777.40187 ; perimeter
G1 X48.640 Y42.415 Z3.948 E777.52346 ; perimeter
G1 X50.078 Y40.617 Z3.947 E777.64490 ; perimeter
G1 X51.642 Y38.898 Z3.947 E777.76757 ; perimeter
G1 X53.459 Y37.139 Z3.947 E777.90101 ; perimeter
G1 X55.387 Y35.494 Z3.946 E778.03472 ; perimeter
G1 X57.415 Y33.967 Z3.946 E778.16868 ; perimeter
G1 X59.537 Y32.561 Z3.945 E778.30301 ; perimeter
G1 X61.928 Y31.189 Z3.944 E778.44846 ; perimeter
G1 X64.397 Y29.982 Z3.944 E778.59348 ; perimeter
G1 X66.921 Y28.942 Z3.943 E778.73755 ; perimeter
G1 X69.500 Y28.062 Z3.943 E778.88133 ; perimeter
G1 X71.200 Y27.573 Z3.943 E778.97466 ; perimeter
G1 X72.929 Y27.142 Z3.942 E779.06869 ; perimeter
G1 X74.680 Y26.767 Z3.942 E779.16320 ; perimeter
G1 X76.440 Y26.449 Z3.942 E779.25756 ; perimeter
G1 X77.929 Y26.223 Z3.942 E779.33702 ; perimeter
G1 X80.201 Y25.937 Z3.942 E779.45789 ; perimeter
G1 X82.177 Y25.749 Z3.942 E779.56259 ; perimeter
G1 X84.241 Y25.604 Z3.942 E779.67176 ; perimeter
G1 X87.053 Y25.485 Z3.942 E779.82029 ; perimeter
G1 X89.997 Y25.444 Z3.939 E779.97568 ; perimeter
G1 X93.475 Y25.501 Z3.942 E780.15920 ; perimeter
G1 X96.744 Y25.666 Z3.942 E780.33191 ; perimeter
G1 X99.984 Y25.957 Z3.942 E780.50356 ; perimeter
G1 X103.260 Y26.401 Z3.942 E780.67802 ; perimeter
G1 X105.989 Y26.905 Z3.942 E780.82445 ; perimeter
G1 X108.211 Y27.430 Z3.942 E780.94494 ; perimeter
G1 X108.736 Y27.558 Z3.943 E780.97344 ; perimeter
G1 X111.361 Y28.338 Z3.943 E781.11795 ; perimeter
G1 X113.934 Y29.273 Z3.944 E781.26241 ; perimeter
G1 X116.186 Y30.250 Z3.944 E781.39196 ; perimeter
G1 X118.365 Y31.349 Z3.944 E781.52074 ; perimeter
G1 X120.070 Y32.336 Z3.945 E781.62469 ; perimeter
G1 X120.476 Y32.574 Z3.945 E781.64948 ; perimeter
G1 X122.472 Y33.891 Z3.945 E781.77569 ; perimeter
G1 X122.724 Y34.075 Z3.946 E781.79217 ; perimeter
G1 X124.708 Y35.575 Z3.946 E781.92338 ; perimeter
G1 X126.582 Y37.184 Z3.946 E782.05373 ; perimeter
G1 X128.701 Y39.264 Z3.947 E782.21042 ; perimeter
G1 X130.463 Y41.271 Z3.947 E782.35136 ; perimeter
G1 X131.755 Y42.960 Z3.947 E782.46357 ; perimeter
G1 X132.936 Y44.724 Z3.948 E782.57556 ; perimeter
G1 X133.991 Y46.540 Z3.948 E782.68638 ; perimeter
G1 X134.920 Y48.416 Z3.948 E782.79683 ; perimeter
G1 X135.692 Y50.273 Z3.948 E782.90296 ; perimeter
G1 X136.351 Y52.162 Z3.948 E783.00855 ; perimeter
G1 X136.882 Y53.985 Z3.948 E783.10871 ; perimeter
G1 X137.312 Y55.756 Z3.948 E783.20491 ; perimeter
G1 X137.732 Y57.871 Z3.949 E783.31871 ; perimeter
G1 X138.044 Y59.911 Z3.948 E783.42760 ; perimeter
G1 X138.262 Y61.943 Z3.948 E783.53544 ; perimeter
G1 X138.384 Y63.967 Z3.948 E783.64242 ; perimeter
G1 X138.389 Y66.913 Z3.947 E783.79788 ; perimeter
G1 X138.224 Y69.475 Z3.947 E783.93332 ; perimeter
G1 X138.087 Y70.703 Z3.948 E783.99852 ; perimeter
G1 X137.832 Y72.417 Z3.949 E784.08996 ; perimeter
G1 X137.570 Y73.786 Z3.949 E784.16351 ; perimeter
G1 X137.110 Y75.794 Z3.950 E784.27224 ; perimeter
G1 X136.654 Y77.421 Z3.950 E784.36139 ; perimeter
G1 X136.140 Y79.002 Z3.951 E784.44911 ; perimeter
G1 X135.567 Y80.541 Z3.951 E784.53576 ; perimeter
G1 X134.939 Y82.035 Z3.951 E784.62126 ; perimeter
G1 X134.388 Y83.210 Z3.951 E784.68977 ; perimeter
G1 X133.521 Y84.894 Z3.952 E784.78973 ; perimeter
G1 X132.609 Y86.467 Z3.952 E784.88567 ; perimeter
G1 X131.653 Y87.958 Z3.952 E784.97913 ; perimeter
G1 X130.694 Y89.335 Z3.953 E785.06767 ; perimeter
G1 X129.242 Y91.261 Z3.953 E785.19491 ; perimeter
G1 X127.807 Y93.043 Z3.954 E785.31567 ; perimeter
G1 X126.767 Y94.292 Z3.955 E785.40142 ; perimeter
G1 X119.645 Y102.597 Z3.958 E785.97874 ; perimeter
G1 X118.795 Y103.624 Z3.957 E786.04906 ; perimeter
G1 X117.993 Y104.663 Z3.958 E786.11836 ; perimeter
G1 X117.237 Y105.833 Z3.960 E786.19185 ; perimeter
G1 X116.923 Y106.464 Z3.961 E786.22901 ; perimeter
G1 X116.733 Y106.912 Z3.962 E786.25471 ; perimeter
G1 X116.530 Y107.523 Z3.963 E786.28868 ; perimeter
G1 X116.374 Y108.185 Z3.963 E786.32458 ; perimeter
G1 X116.247 Y109.126 Z3.964 E786.37465 ; perimeter
G1 X116.205 Y110.034 Z3.964 E786.42266 ; perimeter
G1 X116.221 Y110.863 Z3.964 E786.46639 ; perimeter
G1 X116.268 Y111.572 Z3.964 E786.50387 ; perimeter
G1 X116.384 Y112.578 Z3.964 E786.55732 ; perimeter
G1 X116.545 Y113.455 Z3.965 E786.60439 ; perimeter
G1 X116.847 Y114.545 Z3.964 E786.66407 ; perimeter
G1 X117.242 Y115.613 Z3.964 E786.72416 ; perimeter
G1 X118.109 Y117.593 Z3.965 E786.83822 ; perimeter
G1 X119.251 Y120.032 Z3.965 E786.98032 ; perimeter
G1 X121.584 Y124.857 Z3.967 E787.26314 ; perimeter
G1 X122.156 Y126.149 Z3.967 E787.33766 ; perimeter
G1 X122.671 Y127.455 Z3.968 E787.41172 ; perimeter
G1 X123.102 Y128.742 Z3.968 E787.48338 ; perimeter
G1 X123.511 Y130.300 Z3.974 E787.56836 ; perimeter
G1 X123.761 Y131.635 Z3.976 E787.64004 ; perimeter
G1 X123.908 Y132.897 Z3.978 E787.70709 ; perimeter
G1 X123.971 Y134.048 Z3.980 E787.76792 ; perimeter
G1 X123.960 Y135.359 Z3.982 E787.83708 ; perimeter
G1 X123.843 Y136.822 Z3.984 E787.91452 ; perimeter
G1 X123.616 Y138.073 Z3.986 E787.98163 ; perimeter
G1 X123.365 Y138.856 Z3.986 E788.02499 ; perimeter
G1 X123.185 Y139.262 Z3.986 E788.04846 ; perimeter
G1 X122.919 Y139.710 Z3.987 E788.07595 ; perimeter
G1 X122.663 Y140.041 Z3.988 E788.09800 ; perimeter
G1 X122.398 Y140.308 Z3.989 E788.11787 ; perimeter
G1 X121.996 Y140.590 Z3.994 E788.14379 ; perimeter
G1 X121.613 Y140.758 Z3.999 E788.16584 ; perimeter
G1 X121.240 Y140.842 Z4.006 E788.18603 ; perimeter
G1 X120.875 Y140.854 Z4.016 E788.20533 ; perimeter
G1 X120.567 Y140.807 Z4.027 E788.22174 ; perimeter
G1 X120.205 Y140.679 Z4.045 E788.24201 ; perimeter
G1 X119.866 Y140.480 Z4.063 E788.26275 ; perimeter
G1 X119.539 Y140.207 Z4.081 E788.28520 ; perimeter
G1 X119.018 Y139.623 Z4.112 E788.32654 ; perimeter
G1 X117.798 Y137.962 Z4.218 E788.43528 ; perimeter
G1 X116.947 Y136.906 Z4.299 E788.50686 ; perimeter
G1 X116.550 Y136.481 Z4.341 E788.53753 ; perimeter
G1 X115.857 Y135.793 Z4.418 E788.58906 ; perimeter
G1 X115.345 Y135.353 Z4.470 E788.62467 ; perimeter
G1 X114.757 Y134.910 Z4.535 E788.66355 ; perimeter
G1 X113.949 Y134.412 Z4.626 E788.71364 ; perimeter
G1 X113.420 Y134.132 Z4.686 E788.74520 ; perimeter
G1 X113.081 Y133.977 Z4.726 E788.76487 ; perimeter
G1 X112.248 Y133.646 Z4.821 E788.81217 ; perimeter
G1 X111.261 Y133.384 Z4.931 E788.86608 ; perimeter
G1 X110.290 Y133.223 Z5.036 E788.91802 ; perimeter
G1 X109.307 Y133.157 Z5.141 E788.96999 ; perimeter
G1 X108.330 Y133.184 Z5.238 E789.02158 ; perimeter
G1 X107.340 Y133.300 Z5.325 E789.07420 ; perimeter
G1 X106.297 Y133.520 Z5.398 E789.13040 ; perimeter
G1 X105.262 Y133.842 Z5.454 E789.18760 ; perimeter
G1 X104.263 Y134.261 Z5.486 E789.24479 ; perimeter
G1 X103.234 Y134.824 Z5.492 E789.30665 ; perimeter
G1 X102.536 Y135.299 Z5.478 E789.35120 ; perimeter
G1 X101.862 Y135.848 Z5.449 E789.39707 ; perimeter
G1 X101.288 Y136.415 Z5.410 E789.43968 ; perimeter
G1 X100.806 Y136.955 Z5.369 E789.47784 ; perimeter
G1 X100.453 Y137.420 Z5.333 E789.50867 ; perimeter
G1 X99.975 Y138.162 Z5.275 E789.55524 ; perimeter
G1 X99.536 Y139.002 Z5.209 E789.60524 ; perimeter
G1 X99.170 Y139.877 Z5.141 E789.65529 ; perimeter
G1 X98.873 Y140.775 Z5.071 E789.70519 ; perimeter
G1 X98.618 Y141.758 Z4.996 E789.75881 ; perimeter
G1 X98.419 Y142.756 Z4.921 E789.81250 ; perimeter
G1 X98.146 Y144.759 Z4.767 E789.91915 ; perimeter
G1 X97.982 Y146.529 Z4.631 E790.01299 ; perimeter
G1 X97.826 Y149.331 Z4.416 E790.16107 ; perimeter
G1 X97.632 Y154.556 Z4.014 E790.43695 ; perimeter
G1 X84.152 Y154.556 Z4.014 E791.14823 ; perimeter
G1 X84.152 Y154.500 Z4.022 E791.15116 ; perimeter

G1 X84.609 Y154.099 Z4.049 F7800.000 ; move to first infill point
G1 F1800
G1 X97.191 Y154.099 Z4.049 E791.63496 ; infill
G1 X97.209 Y153.641 Z4.084 E791.65257 ; infill
G1 X79.517 Y153.641 Z4.071 E792.33282 ; infill
G1 X78.130 Y153.537 Z4.065 E792.38632 ; infill
G1 X76.379 Y153.332 Z4.060 E792.45409 ; infill
G1 X75.427 Y153.183 Z4.058 E792.49114 ; infill
G1 X81.720 Y153.183 Z4.119 E792.73313 ; infill
G1 X97.226 Y153.183 Z4.119 E793.32931 ; infill
G1 X97.243 Y152.725 Z4.154 E793.34693 ; infill
G1 X81.715 Y152.725 Z4.154 E793.94399 ; infill
G1 X72.904 Y152.725 Z4.052 E794.28275 ; infill
G1 X72.546 Y152.655 Z4.049 E794.29678 ; infill
G1 X70.982 Y152.267 Z4.046 E794.35874 ; infill
G1 X81.709 Y152.267 Z4.190 E794.77119 ; infill
G1 X97.260 Y152.267 Z4.190 E795.36913 ; infill
G1 X97.277 Y151.809 Z4.225 E795.38675 ; infill
G1 X81.703 Y151.809 Z4.225 E795.98558 ; infill
G1 X69.479 Y151.809 Z4.043 E796.45560 ; infill
G1 X68.540 Y151.505 Z4.039 E796.49353 ; infill
G1 X68.157 Y151.352 Z4.038 E796.50941 ; infill
G1 X81.697 Y151.352 Z4.260 E797.03003 ; infill
G1 X97.294 Y151.352 Z4.260 E797.62974 ; infill
G1 X97.311 Y150.894 Z4.295 E797.64736 ; infill
G1 X81.691 Y150.894 Z4.295 E798.24795 ; infill
G1 X67.086 Y150.894 Z4.037 E798.80951 ; infill
G1 X66.581 Y150.660 Z4.034 E798.83093 ; infill
G1 X66.167 Y150.436 Z4.034 E798.84901 ; infill
G1 X75.305 Y150.436 Z4.224 E799.20037 ; infill
G1 X81.685 Y150.436 Z4.331 E799.44569 ; infill
G1 X97.328 Y150.436 Z4.331 E800.04716 ; infill
G1 X97.345 Y149.978 Z4.366 E800.06478 ; infill
G1 X81.679 Y149.978 Z4.366 E800.66713 ; infill
G1 X74.459 Y149.978 Z4.237 E800.94476 ; infill
G1 X65.344 Y149.978 Z4.031 E801.29526 ; infill
G1 X64.617 Y149.520 Z4.030 E801.32828 ; infill
G1 X72.464 Y149.520 Z4.223 E801.62999 ; infill
G1 X81.044 Y149.520 Z4.394 E801.95992 ; infill
G1 X97.362 Y149.520 Z4.401 E802.58735 ; infill
G1 X97.384 Y149.062 Z4.436 E802.60498 ; infill
G1 X81.288 Y149.062 Z4.432 E803.22387 ; infill
G1 X72.660 Y149.062 Z4.255 E803.55563 ; infill
G1 X63.959 Y149.062 Z4.026 E803.89017 ; infill
G1 X63.336 Y148.604 Z4.024 E803.91991 ; infill
G1 X73.921 Y148.604 Z4.315 E804.32692 ; infill
G1 X81.531 Y148.604 Z4.470 E804.61953 ; infill
G1 X97.409 Y148.604 Z4.471 E805.23004 ; infill
G1 X97.434 Y148.147 Z4.507 E805.24767 ; infill
G1 X81.656 Y148.147 Z4.507 E805.85437 ; infill
G1 X73.054 Y148.147 Z4.326 E806.18512 ; infill
G1 X65.436 Y148.147 Z4.087 E806.47802 ; infill
G1 X62.787 Y148.147 Z4.023 E806.57988 ; infill
G1 X62.259 Y147.689 Z4.020 E806.60676 ; infill
G1 X64.801 Y147.689 Z4.082 E806.70450 ; infill
G1 X73.252 Y147.689 Z4.363 E807.02943 ; infill
G1 X81.650 Y147.689 Z4.542 E807.35236 ; infill
G1 X97.460 Y147.689 Z4.542 E807.96026 ; infill
G1 X97.485 Y147.231 Z4.577 E807.97789 ; infill
G1 X81.140 Y147.231 Z4.569 E808.60637 ; infill
G1 X72.389 Y147.231 Z4.371 E808.94284 ; infill
G1 X64.211 Y147.231 Z4.078 E809.25730 ; infill
G1 X61.772 Y147.231 Z4.020 E809.35107 ; infill
G1 X61.327 Y146.773 Z4.017 E809.37563 ; infill
G1 X63.659 Y146.773 Z4.073 E809.46531 ; infill
G1 X72.614 Y146.773 Z4.409 E809.80963 ; infill
G1 X80.931 Y146.773 Z4.601 E810.12941 ; infill
G1 X97.511 Y146.773 Z4.612 E810.76692 ; infill
G1 X97.543 Y146.315 Z4.648 E810.78457 ; infill
G1 X81.632 Y146.315 Z4.648 E811.39633 ; infill
G1 X80.109 Y146.315 Z4.623 E811.45490 ; infill
G1 X75.655 Y146.315 Z4.525 E811.62616 ; infill
G1 X71.772 Y146.315 Z4.414 E811.77546 ; infill
G1 X63.163 Y146.315 Z4.069 E812.10649 ; infill
G1 X60.910 Y146.315 Z4.015 E812.19314 ; infill
G1 X60.533 Y145.857 Z4.014 E812.21592 ; infill
G1 X62.698 Y145.857 Z4.065 E812.29914 ; infill
G1 X69.786 Y145.857 Z4.371 E812.57169 ; infill
G1 X72.888 Y145.857 Z4.483 E812.69099 ; infill
G1 X80.143 Y145.857 Z4.659 E812.96992 ; infill
G1 X81.627 Y145.857 Z4.683 E813.02697 ; infill
G1 X97.585 Y145.857 Z4.683 E813.64059 ; infill
G1 X97.627 Y145.400 Z4.718 E813.65827 ; infill
G1 X81.621 Y145.400 Z4.718 E814.27373 ; infill
G1 X79.545 Y145.400 Z4.684 E814.35355 ; infill
G1 X75.458 Y145.400 Z4.592 E814.51069 ; infill
G1 X72.285 Y145.400 Z4.497 E814.63271 ; infill
G1 X62.256 Y145.400 Z4.060 E815.01834 ; infill
G1 X60.157 Y145.400 Z4.014 E815.09903 ; infill
G1 X59.785 Y144.942 Z4.011 E815.12170 ; infill
G1 X61.858 Y144.942 Z4.056 E815.20138 ; infill
G1 X72.542 Y144.942 Z4.540 E815.61221 ; infill
G1 X79.470 Y144.942 Z4.718 E815.87860 ; infill
G1 X81.615 Y144.942 Z4.753 E815.96106 ; infill
G1 X97.670 Y144.942 Z4.753 E816.57838 ; infill
G1 X97.722 Y144.484 Z4.789 E816.59610 ; infill
G1 X81.609 Y144.484 Z4.789 E817.21565 ; infill
G1 X78.756 Y144.484 Z4.741 E817.32536 ; infill
G1 X74.644 Y144.484 Z4.641 E817.48345 ; infill
G1 X71.798 Y144.484 Z4.546 E817.59290 ; infill
G1 X61.479 Y144.484 Z4.052 E817.98968 ; infill
G1 X59.460 Y144.484 Z4.010 E818.06729 ; infill
G1 X59.157 Y144.026 Z4.008 E818.08840 ; infill
G1 X61.122 Y144.026 Z4.048 E818.16393 ; infill
G1 X62.071 Y144.026 Z4.090 E818.20045 ; infill
G1 X64.283 Y144.026 Z4.190 E818.28550 ; infill
G1 X69.995 Y144.026 Z4.498 E818.50512 ; infill
G1 X72.087 Y144.026 Z4.590 E818.58554 ; infill
G1 X74.782 Y144.026 Z4.682 E818.68917 ; infill
G1 X78.212 Y144.026 Z4.767 E818.82105 ; infill
G1 X81.603 Y144.026 Z4.824 E818.95146 ; infill
G1 X97.784 Y144.026 Z4.824 E819.57364 ; infill
G1 X97.847 Y143.568 Z4.859 E819.59141 ; infill
G1 X81.597 Y143.568 Z4.859 E820.21621 ; infill
G1 X77.659 Y143.568 Z4.793 E820.36764 ; infill
G1 X74.092 Y143.568 Z4.698 E820.50480 ; infill
G1 X71.524 Y143.568 Z4.599 E820.60353 ; infill
G1 X69.265 Y143.568 Z4.491 E820.69042 ; infill
G1 X63.863 Y143.568 Z4.184 E820.89813 ; infill
G1 X60.797 Y143.568 Z4.044 E821.01601 ; infill
G1 X58.874 Y143.568 Z4.006 E821.08993 ; infill
G1 X58.609 Y143.110 Z4.005 E821.11028 ; infill
G1 X60.487 Y143.110 Z4.039 E821.18248 ; infill
G1 X63.468 Y143.110 Z4.178 E821.29712 ; infill
G1 X68.555 Y143.110 Z4.480 E821.49271 ; infill
G1 X71.713 Y143.110 Z4.641 E821.61412 ; infill
G1 X74.232 Y143.110 Z4.740 E821.71101 ; infill
G1 X77.095 Y143.110 Z4.818 E821.82107 ; infill
G1 X81.591 Y143.110 Z4.894 E821.99397 ; infill
G1 X97.909 Y143.110 Z4.894 E822.62140 ; infill
G1 X97.973 Y142.652 Z4.929 E822.63918 ; infill
G1 X81.586 Y142.652 Z4.929 E823.26931 ; infill
G1 X78.294 Y142.652 Z4.881 E823.39588 ; infill
G1 X75.128 Y142.652 Z4.805 E823.51759 ; infill
G1 X72.758 Y142.652 Z4.722 E823.60873 ; infill
G1 X70.050 Y142.652 Z4.590 E823.71284 ; infill
G1 X63.108 Y142.652 Z4.171 E823.97978 ; infill
G1 X60.201 Y142.652 Z4.035 E824.09158 ; infill
G1 X58.367 Y142.652 Z4.003 E824.16207 ; infill
G1 X58.140 Y142.195 Z4.001 E824.18173 ; infill
G1 X59.939 Y142.195 Z4.031 E824.25091 ; infill
G1 X62.776 Y142.195 Z4.165 E824.35998 ; infill
G1 X68.341 Y142.195 Z4.520 E824.57397 ; infill
G1 X72.372 Y142.195 Z4.740 E824.72897 ; infill
G1 X75.244 Y142.195 Z4.846 E824.83941 ; infill
G1 X78.826 Y142.195 Z4.928 E824.97714 ; infill
G1 X81.558 Y142.195 Z4.965 E825.08218 ; infill
G1 X98.065 Y142.195 Z4.965 E825.71689 ; infill
G1 X98.156 Y141.737 Z5.000 E825.73484 ; infill
G1 X81.462 Y141.737 Z5.000 E826.37676 ; infill
G1 X77.825 Y141.737 Z4.947 E826.51659 ; infill
G1 X74.653 Y141.737 Z4.865 E826.63854 ; infill
G1 X70.671 Y141.737 Z4.687 E826.79169 ; infill
G1 X62.464 Y141.737 Z4.159 E827.10725 ; infill
G1 X59.689 Y141.737 Z4.027 E827.21395 ; infill
G1 X57.930 Y141.737 Z4.000 E827.28157 ; infill
G1 X57.743 Y141.279 Z3.999 E827.30058 ; infill
G1 X59.470 Y141.279 Z4.024 E827.36698 ; infill
G1 X62.174 Y141.279 Z4.152 E827.47094 ; infill
G1 X69.211 Y141.279 Z4.628 E827.74153 ; infill
G1 X71.787 Y141.279 Z4.779 E827.84057 ; infill
G1 X74.634 Y141.279 Z4.901 E827.95004 ; infill
G1 X77.324 Y141.279 Z4.975 E828.05348 ; infill
G1 X81.366 Y141.279 Z5.036 E828.20887 ; infill
G1 X98.270 Y141.279 Z5.035 E828.85887 ; infill
G1 X98.389 Y140.821 Z5.071 E828.87705 ; infill
G1 X81.269 Y140.821 Z5.071 E829.53530 ; infill
G1 X77.960 Y140.821 Z5.026 E829.66254 ; infill
G1 X74.934 Y140.821 Z4.949 E829.77890 ; infill
G1 X72.808 Y140.821 Z4.863 E829.86066 ; infill
G1 X70.430 Y140.821 Z4.734 E829.95209 ; infill
G1 X61.916 Y140.821 Z4.146 E830.27945 ; infill
G1 X59.261 Y140.821 Z4.020 E830.38155 ; infill
G1 X57.568 Y140.821 Z3.996 E830.44663 ; infill
G1 X57.408 Y140.363 Z3.996 E830.46528 ; infill
G1 X59.074 Y140.363 Z4.016 E830.52936 ; infill
G1 X61.676 Y140.363 Z4.140 E830.62939 ; infill
G1 X70.756 Y140.363 Z4.784 E830.97853 ; infill
G1 X73.739 Y140.363 Z4.940 E831.09322 ; infill
G1 X76.981 Y140.363 Z5.044 E831.21788 ; infill
G1 X81.173 Y140.363 Z5.107 E831.37909 ; infill
G1 X98.528 Y140.363 Z5.105 E832.04638 ; infill
G1 X98.679 Y139.905 Z5.139 E832.06492 ; infill
G1 X81.077 Y139.905 Z5.142 E832.74175 ; infill
G1 X78.127 Y139.905 Z5.107 E832.85519 ; infill
G1 X75.321 Y139.905 Z5.037 E832.96306 ; infill
G1 X72.562 Y139.905 Z4.918 E833.06915 ; infill
G1 X70.296 Y139.905 Z4.785 E833.15629 ; infill
G1 X61.454 Y139.905 Z4.135 E833.49628 ; infill
G1 X58.901 Y139.905 Z4.013 E833.59445 ; infill
G1 X57.264 Y139.905 Z3.994 E833.65739 ; infill
G1 X57.130 Y139.448 Z3.994 E833.67573 ; infill
G1 X58.745 Y139.448 Z4.010 E833.73783 ; infill
G1 X61.260 Y139.448 Z4.129 E833.83452 ; infill
G1 X70.658 Y139.448 Z4.837 E834.19587 ; infill
G1 X73.559 Y139.448 Z5.002 E834.30744 ; infill
G1 X76.691 Y139.448 Z5.115 E834.42788 ; infill
G1 X80.981 Y139.448 Z5.178 E834.59282 ; infill
G1 X98.854 Y139.448 Z5.174 E835.28007 ; infill
G1 X99.046 Y138.990 Z5.211 E835.29915 ; infill
G1 X80.885 Y138.990 Z5.213 E835.99746 ; infill
G1 X78.293 Y138.990 Z5.187 E836.09710 ; infill
G1 X75.727 Y138.990 Z5.126 E836.19576 ; infill
G1 X73.177 Y138.990 Z5.017 E836.29385 ; infill
G1 X70.274 Y138.990 Z4.839 E836.40547 ; infill
G1 X63.737 Y138.990 Z4.316 E836.65683 ; infill
G1 X61.076 Y138.990 Z4.124 E836.75913 ; infill
G1 X58.602 Y138.990 Z4.006 E836.85426 ; infill
G1 X57.014 Y138.990 Z3.991 E836.91533 ; infill
G1 X56.907 Y138.532 Z3.991 E836.93341 ; infill
G1 X58.476 Y138.532 Z4.003 E836.99374 ; infill
G1 X60.917 Y138.532 Z4.119 E837.08762 ; infill
G1 X63.523 Y138.532 Z4.309 E837.18779 ; infill
G1 X68.336 Y138.532 Z4.718 E837.37287 ; infill
G1 X70.672 Y138.532 Z4.894 E837.46270 ; infill
G1 X73.509 Y138.532 Z5.068 E837.57178 ; infill
G1 X76.472 Y138.532 Z5.186 E837.68571 ; infill
G1 X78.786 Y138.532 Z5.233 E837.77469 ; infill
G1 X80.789 Y138.532 Z5.248 E837.85170 ; infill
G1 X99.266 Y138.532 Z5.248 E838.56217 ; infill
G1 X99.506 Y138.074 Z5.284 E838.58204 ; infill
G1 X80.326 Y138.074 Z5.284 E839.31951 ; infill
G1 X78.044 Y138.074 Z5.261 E839.40726 ; infill
G1 X75.598 Y138.074 Z5.196 E839.50133 ; infill
G1 X73.201 Y138.074 Z5.084 E839.59348 ; infill
G1 X70.368 Y138.074 Z4.899 E839.70241 ; infill
G1 X68.022 Y138.074 Z4.714 E839.79264 ; infill
G1 X63.328 Y138.074 Z4.303 E839.97310 ; infill
G1 X60.770 Y138.074 Z4.114 E840.07146 ; infill
G1 X58.358 Y138.074 Z4.000 E840.16423 ; infill
G1 X56.814 Y138.074 Z3.989 E840.22360 ; infill
G1 X56.735 Y137.616 Z3.988 E840.24146 ; infill
G1 X58.261 Y137.616 Z3.998 E840.30013 ; infill
G1 X60.641 Y137.616 Z4.110 E840.39167 ; infill
G1 X63.163 Y137.616 Z4.298 E840.48863 ; infill
G1 X68.576 Y137.616 Z4.782 E840.69676 ; infill
G1 X70.839 Y137.616 Z4.960 E840.78377 ; infill
G1 X74.174 Y137.616 Z5.169 E840.91202 ; infill
G1 X76.821 Y137.616 Z5.273 E841.01381 ; infill
G1 X80.356 Y137.616 Z5.321 E841.14971 ; infill
G1 X99.783 Y137.616 Z5.320 E841.89673 ; infill
G1 X100.078 Y137.158 Z5.357 E841.91767 ; infill
G1 X80.024 Y137.158 Z5.357 E842.68877 ; infill
G1 X77.928 Y137.158 Z5.335 E842.76936 ; infill
G1 X76.064 Y137.158 Z5.287 E842.84105 ; infill
G1 X73.342 Y137.158 Z5.156 E842.94572 ; infill
G1 X70.632 Y137.158 Z4.970 E843.04992 ; infill
G1 X68.317 Y137.158 Z4.780 E843.13892 ; infill
G1 X63.010 Y137.158 Z4.292 E843.34300 ; infill
G1 X60.526 Y137.158 Z4.105 E843.43850 ; infill
G1 X58.164 Y137.158 Z3.995 E843.52933 ; infill
G1 X56.658 Y137.158 Z3.987 E843.58724 ; infill
G1 X56.607 Y136.700 Z3.985 E843.60495 ; infill
G1 X58.095 Y136.700 Z3.992 E843.66217 ; infill
G1 X60.426 Y136.700 Z4.101 E843.75180 ; infill
G1 X62.877 Y136.700 Z4.287 E843.84604 ; infill
G1 X68.056 Y136.700 Z4.774 E844.04518 ; infill
G1 X71.200 Y136.700 Z5.039 E844.16608 ; infill
G1 X74.306 Y136.700 Z5.243 E844.28551 ; infill
G1 X76.837 Y136.700 Z5.346 E844.38284 ; infill
G1 X80.083 Y136.700 Z5.394 E844.50765 ; infill
G1 X100.425 Y136.700 Z5.393 E845.28982 ; infill
G1 X100.816 Y136.243 Z5.428 E845.31295 ; infill
G1 X79.878 Y136.243 Z5.431 E846.11802 ; infill
G1 X77.926 Y136.243 Z5.409 E846.19309 ; infill
G1 X76.212 Y136.243 Z5.361 E846.25899 ; infill
G1 X74.153 Y136.243 Z5.267 E846.33816 ; infill
G1 X71.076 Y136.243 Z5.054 E846.45649 ; infill
G1 X68.689 Y136.243 Z4.850 E846.54825 ; infill
G1 X62.763 Y136.243 Z4.282 E846.77615 ; infill
G1 X60.338 Y136.243 Z4.097 E846.86937 ; infill
G1 X58.027 Y136.243 Z3.989 E846.95822 ; infill
G1 X56.556 Y136.243 Z3.985 E847.01478 ; infill
G1 X56.522 Y135.785 Z3.983 E847.03243 ; infill
G1 X57.976 Y135.785 Z3.986 E847.08833 ; infill
G1 X60.267 Y135.785 Z4.092 E847.17644 ; infill
G1 X62.659 Y135.785 Z4.277 E847.26841 ; infill
G1 X68.450 Y135.785 Z4.844 E847.49109 ; infill
G1 X71.688 Y135.785 Z5.127 E847.61558 ; infill
G1 X74.168 Y135.785 Z5.300 E847.71094 ; infill
G1 X76.981 Y135.785 Z5.421 E847.81913 ; infill
G1 X79.955 Y135.785 Z5.469 E847.93347 ; infill
G1 X101.276 Y135.785 Z5.462 E848.75327 ; infill
G1 X101.557 Y135.507 Z5.480 E848.76845 ; infill
G1 X101.778 Y135.327 Z5.492 E848.77944 ; infill
G1 X99.902 Y135.327 Z5.507 E848.85158 ; infill
G1 X98.505 Y135.327 Z5.493 E848.90530 ; infill
G1 X79.790 Y135.327 Z5.506 E849.62489 ; infill
G1 X78.017 Y135.327 Z5.485 E849.69307 ; infill
G1 X76.483 Y135.327 Z5.439 E849.75206 ; infill
G1 X73.726 Y135.327 Z5.303 E849.85806 ; infill
G1 X71.640 Y135.327 Z5.147 E849.93826 ; infill
G1 X69.067 Y135.327 Z4.918 E850.03723 ; infill
G1 X62.579 Y135.327 Z4.272 E850.28669 ; infill
G1 X60.204 Y135.327 Z4.088 E850.37803 ; infill
G1 X57.937 Y135.327 Z3.984 E850.46518 ; infill
G1 X56.499 Y135.327 Z3.982 E850.52048 ; infill
G1 X56.478 Y134.869 Z3.981 E850.53811 ; infill
G1 X57.900 Y134.869 Z3.981 E850.59279 ; infill
G1 X60.162 Y134.869 Z4.084 E850.67975 ; infill
G1 X62.505 Y134.869 Z4.267 E850.76984 ; infill
G1 X68.906 Y134.869 Z4.917 E851.01599 ; infill
G1 X72.297 Y134.869 Z5.224 E851.14638 ; infill
G1 X74.614 Y134.869 Z5.381 E851.23545 ; infill
G1 X77.597 Y134.869 Z5.511 E851.35016 ; infill
G1 X79.886 Y134.869 Z5.545 E851.43817 ; infill
G1 X81.486 Y134.869 Z5.528 E851.49969 ; infill
G1 X98.511 Y134.869 Z5.528 E852.15431 ; infill
G1 X100.107 Y134.869 Z5.545 E852.21568 ; infill
G1 X102.355 Y134.869 Z5.516 E852.30214 ; infill
G1 X103.036 Y134.411 Z5.528 E852.33370 ; infill
G1 X101.427 Y134.411 Z5.572 E852.39559 ; infill
G1 X100.118 Y134.411 Z5.583 E852.44591 ; infill
G1 X98.517 Y134.411 Z5.564 E852.50749 ; infill
G1 X81.480 Y134.411 Z5.564 E853.16256 ; infill
G1 X79.766 Y134.411 Z5.583 E853.22846 ; infill
G1 X77.239 Y134.411 Z5.534 E853.32561 ; infill
G1 X74.707 Y134.411 Z5.413 E853.42298 ; infill
G1 X72.319 Y134.411 Z5.249 E853.51480 ; infill
G1 X68.744 Y134.411 Z4.912 E853.65226 ; infill
G1 X62.457 Y134.411 Z4.263 E853.89403 ; infill
G1 X60.120 Y134.411 Z4.080 E853.98388 ; infill
G1 X57.891 Y134.411 Z3.979 E854.06960 ; infill
G1 X56.483 Y134.411 Z3.979 E854.12375 ; infill
G1 X56.487 Y133.953 Z3.979 E854.14135 ; infill
G1 X57.882 Y133.953 Z3.976 E854.19496 ; infill
G1 X60.108 Y133.953 Z4.076 E854.28057 ; infill
G1 X62.412 Y133.953 Z4.258 E854.36916 ; infill
G1 X64.819 Y133.953 Z4.497 E854.46172 ; infill
G1 X69.602 Y133.953 Z5.010 E854.64563 ; infill
G1 X72.788 Y133.953 Z5.310 E854.76814 ; infill
G1 X75.787 Y133.953 Z5.501 E854.88345 ; infill
G1 X77.923 Y133.953 Z5.592 E854.96560 ; infill
G1 X79.709 Y133.953 Z5.618 E855.03427 ; infill
G1 X81.474 Y133.953 Z5.599 E855.10213 ; infill
G1 X98.522 Y133.953 Z5.599 E855.75766 ; infill
G1 X100.266 Y133.953 Z5.618 E855.82470 ; infill
G1 X101.999 Y133.953 Z5.595 E855.89132 ; infill
G1 X103.874 Y133.953 Z5.525 E855.96341 ; infill
G1 X104.064 Y133.849 Z5.521 E855.97177 ; infill
G1 X104.907 Y133.496 Z5.493 E856.00690 ; infill
G1 X102.513 Y133.496 Z5.613 E856.09894 ; infill
G1 X100.465 Y133.496 Z5.652 E856.17767 ; infill
G1 X98.528 Y133.496 Z5.634 E856.25215 ; infill
G1 X81.468 Y133.496 Z5.634 E856.90813 ; infill
G1 X79.885 Y133.496 Z5.654 E856.96901 ; infill
G1 X77.777 Y133.496 Z5.623 E857.05006 ; infill
G1 X75.545 Y133.496 Z5.516 E857.13587 ; infill
G1 X72.584 Y133.496 Z5.312 E857.24974 ; infill
G1 X69.355 Y133.496 Z4.994 E857.37390 ; infill
G1 X64.771 Y133.496 Z4.493 E857.55018 ; infill
G1 X62.394 Y133.496 Z4.254 E857.64156 ; infill
G1 X60.096 Y133.496 Z4.073 E857.72995 ; infill
G1 X57.887 Y133.496 Z3.974 E857.81486 ; infill
G1 X56.514 Y133.496 Z3.977 E857.86767 ; infill
G1 X56.555 Y133.038 Z3.976 E857.88535 ; infill
G1 X57.908 Y133.038 Z3.971 E857.93737 ; infill
G1 X60.104 Y133.038 Z4.069 E858.02181 ; infill
G1 X62.379 Y133.038 Z4.250 E858.10926 ; infill
G1 X72.424 Y133.038 Z5.314 E858.49553 ; infill
G1 X75.811 Y133.038 Z5.559 E858.62578 ; infill
G1 X77.901 Y133.038 Z5.656 E858.70613 ; infill
G1 X79.893 Y133.038 Z5.689 E858.78274 ; infill
G1 X81.462 Y133.038 Z5.669 E858.84307 ; infill
G1 X98.534 Y133.038 Z5.669 E859.49950 ; infill
G1 X100.395 Y133.038 Z5.688 E859.57106 ; infill
G1 X103.217 Y133.038 Z5.615 E859.67955 ; infill
G1 X105.080 Y133.038 Z5.505 E859.75119 ; infill
G1 X106.369 Y133.038 Z5.407 E859.80074 ; infill
G1 Z7.400 F7800.000 ; Move up before moving
G1 X110.047 Y92.840 F7800.000 ; move to first infill point
G1 X120.687 Y140.363 F7800.000 ; move to first infill point
G1 Z4.027 F7800.000 ; Move down after moving
G1 F1800
G1 X121.287 Y140.363 Z4.008 E859.82381 ; infill
G1 X121.470 Y140.322 Z4.005 E859.83100 ; infill
G1 X121.771 Y140.190 Z4.001 E859.84363 ; infill
G1 X122.154 Y139.905 Z3.994 E859.86198 ; infill
G1 X121.068 Y139.905 Z4.014 E859.90370 ; infill
G1 X119.891 Y139.905 Z4.068 E859.94898 ; infill
G1 X119.473 Y139.448 Z4.094 E859.97280 ; infill
G1 X121.224 Y139.448 Z4.011 E860.04012 ; infill
G1 X122.544 Y139.448 Z3.993 E860.09086 ; infill
G1 X122.806 Y138.990 Z3.990 E860.11115 ; infill
G1 X121.368 Y138.990 Z4.007 E860.16645 ; infill
G1 X119.119 Y138.990 Z4.115 E860.25292 ; infill
G1 X118.783 Y138.532 Z4.140 E860.27476 ; infill
G1 X121.494 Y138.532 Z4.004 E860.37899 ; infill
G1 X122.989 Y138.532 Z3.990 E860.43649 ; infill
G1 X123.136 Y138.074 Z3.988 E860.45498 ; infill
G1 X121.613 Y138.074 Z4.001 E860.51355 ; infill
G1 X119.201 Y138.074 Z4.116 E860.60630 ; infill
G1 X118.447 Y138.074 Z4.171 E860.63528 ; infill
G1 X118.106 Y137.616 Z4.204 E860.65723 ; infill
G1 X119.330 Y137.616 Z4.111 E860.70427 ; infill
G1 X121.710 Y137.616 Z3.998 E860.79579 ; infill
G1 X123.235 Y137.616 Z3.988 E860.85443 ; infill
G1 X123.318 Y137.158 Z3.988 E860.87232 ; infill
G1 X121.807 Y137.158 Z3.995 E860.93042 ; infill
G1 X119.446 Y137.158 Z4.107 E861.02120 ; infill
G1 X117.737 Y137.158 Z4.237 E861.08690 ; infill
G1 X117.368 Y136.700 Z4.269 E861.10951 ; infill
G1 X119.546 Y136.700 Z4.102 E861.19322 ; infill
G1 X121.876 Y136.700 Z3.993 E861.28283 ; infill
G1 X123.395 Y136.700 Z3.986 E861.34121 ; infill
G1 X123.431 Y136.243 Z3.984 E861.35887 ; infill
G1 X121.944 Y136.243 Z3.990 E861.41605 ; infill
G1 X119.634 Y136.243 Z4.098 E861.50486 ; infill
G1 X116.953 Y136.243 Z4.308 E861.60797 ; infill
G1 X116.498 Y135.785 Z4.356 E861.63279 ; infill
G1 X119.705 Y135.785 Z4.094 E861.75612 ; infill
G1 X121.996 Y135.785 Z3.987 E861.84420 ; infill
G1 X123.467 Y135.785 Z3.983 E861.90078 ; infill
G1 X123.503 Y135.327 Z3.982 E861.91844 ; infill
G1 X122.035 Y135.327 Z3.984 E861.97490 ; infill
G1 X119.769 Y135.327 Z4.090 E862.06201 ; infill
G1 X117.394 Y135.327 Z4.274 E862.15332 ; infill
G1 X116.017 Y135.327 Z4.408 E862.20630 ; infill
G1 X115.463 Y134.869 Z4.465 E862.23393 ; infill
G1 X117.469 Y134.869 Z4.269 E862.31106 ; infill
G1 X119.811 Y134.869 Z4.086 E862.40112 ; infill
G1 X122.072 Y134.869 Z3.982 E862.48806 ; infill
G1 X123.507 Y134.869 Z3.980 E862.54323 ; infill
G1 X123.511 Y134.411 Z3.979 E862.56084 ; infill
G1 X122.081 Y134.411 Z3.979 E862.61580 ; infill
G1 X119.853 Y134.411 Z4.082 E862.70149 ; infill
G1 X117.517 Y134.411 Z4.265 E862.79130 ; infill
G1 X114.819 Y134.411 Z4.533 E862.89503 ; infill
G1 X114.059 Y133.953 Z4.621 E862.92916 ; infill
G1 X117.562 Y133.953 Z4.260 E863.06387 ; infill
G1 X119.865 Y133.953 Z4.078 E863.15243 ; infill
G1 X122.090 Y133.953 Z3.977 E863.23800 ; infill
G1 X123.508 Y133.953 Z3.979 E863.29249 ; infill
G1 X123.483 Y133.496 Z3.978 E863.31012 ; infill
G1 X122.085 Y133.496 Z3.974 E863.36387 ; infill
G1 X119.878 Y133.496 Z4.074 E863.44875 ; infill
G1 X117.580 Y133.496 Z4.256 E863.53709 ; infill
G1 X113.108 Y133.496 Z4.728 E863.70906 ; infill
G1 X112.392 Y133.211 Z4.809 E863.73870 ; infill
G1 X111.738 Y133.038 Z4.883 E863.76472 ; infill
G1 X115.230 Y133.038 Z4.491 E863.89900 ; infill
G1 X117.596 Y133.038 Z4.252 E863.98999 ; infill
G1 X119.869 Y133.038 Z4.070 E864.07740 ; infill
G1 X122.064 Y133.038 Z3.972 E864.16180 ; infill
G1 X123.458 Y133.038 Z3.977 E864.21540 ; infill
G1 X123.411 Y132.580 Z3.975 E864.23310 ; infill
G1 X122.043 Y132.580 Z3.969 E864.28570 ; infill
G1 X119.851 Y132.580 Z4.066 E864.36998 ; infill
G1 X117.585 Y132.580 Z4.247 E864.45712 ; infill
G1 X115.247 Y132.580 Z4.487 E864.54702 ; infill
G1 X111.570 Y132.580 Z4.905 E864.68840 ; infill
G1 X107.680 Y132.580 Z5.317 E864.83801 ; infill
G1 X104.265 Y132.580 Z5.580 E864.96929 ; infill
G1 X103.121 Y132.580 Z5.649 E865.01330 ; infill
G1 X101.267 Y132.580 Z5.707 E865.08460 ; infill
G1 X99.951 Y132.580 Z5.725 E865.13520 ; infill
G1 X98.540 Y132.580 Z5.704 E865.18944 ; infill
G1 X81.456 Y132.580 Z5.704 E865.84632 ; infill
G1 X80.095 Y132.580 Z5.725 E865.89867 ; infill
G1 X78.649 Y132.580 Z5.706 E865.95429 ; infill
G1 X76.866 Y132.580 Z5.648 E866.02284 ; infill
G1 X74.468 Y132.580 Z5.488 E866.11503 ; infill
G1 X71.552 Y132.580 Z5.240 E866.22717 ; infill
G1 X64.729 Y132.580 Z4.485 E866.48952 ; infill
G1 X62.390 Y132.580 Z4.245 E866.57947 ; infill
G1 X60.122 Y132.580 Z4.065 E866.66667 ; infill
G1 X57.929 Y132.580 Z3.968 E866.75099 ; infill
G1 X56.597 Y132.580 Z3.975 E866.80222 ; infill
G1 X56.639 Y132.122 Z3.974 E866.81990 ; infill
G1 X57.977 Y132.122 Z3.966 E866.87138 ; infill
G1 X60.151 Y132.122 Z4.061 E866.95496 ; infill
G1 X62.405 Y132.122 Z4.241 E867.04161 ; infill
G1 X64.741 Y132.122 Z4.481 E867.13144 ; infill
G1 X72.226 Y132.122 Z5.318 E867.41928 ; infill
G1 X76.591 Y132.122 Z5.659 E867.58710 ; infill
G1 X78.498 Y132.122 Z5.731 E867.66046 ; infill
G1 X80.139 Y132.122 Z5.761 E867.72356 ; infill
G1 X81.451 Y132.122 Z5.740 E867.77397 ; infill
G1 X98.546 Y132.122 Z5.740 E868.43130 ; infill
G1 X99.952 Y132.122 Z5.761 E868.48539 ; infill
G1 X101.390 Y132.122 Z5.734 E868.54066 ; infill
G1 X102.981 Y132.122 Z5.677 E868.60183 ; infill
G1 X105.162 Y132.122 Z5.532 E868.68571 ; infill
G1 X107.761 Y132.122 Z5.319 E868.78563 ; infill
G1 X115.235 Y132.122 Z4.483 E869.07305 ; infill
G1 X117.570 Y132.122 Z4.243 E869.16283 ; infill
G1 X119.823 Y132.122 Z4.063 E869.24944 ; infill
G1 X121.995 Y132.122 Z3.966 E869.33298 ; infill
G1 X123.358 Y132.122 Z3.975 E869.38537 ; infill
G1 X123.302 Y131.664 Z3.973 E869.40311 ; infill
G1 X121.944 Y131.664 Z3.964 E869.45531 ; infill
G1 X119.775 Y131.664 Z4.059 E869.53873 ; infill
G1 X117.531 Y131.664 Z4.239 E869.62502 ; infill
G1 X115.216 Y131.664 Z4.479 E869.71404 ; infill
G1 X107.807 Y131.664 Z5.321 E869.99891 ; infill
G1 X103.579 Y131.664 Z5.669 E870.16151 ; infill
G1 X101.136 Y131.664 Z5.771 E870.25543 ; infill
G1 X99.734 Y131.664 Z5.792 E870.30934 ; infill
G1 X98.552 Y131.664 Z5.775 E870.35480 ; infill
G1 X81.445 Y131.664 Z5.775 E871.01258 ; infill
G1 X80.148 Y131.664 Z5.791 E871.06245 ; infill
G1 X79.280 Y131.664 Z5.783 E871.09584 ; infill
G1 X77.907 Y131.664 Z5.737 E871.14861 ; infill
G1 X76.409 Y131.664 Z5.668 E871.20621 ; infill
G1 X72.180 Y131.664 Z5.320 E871.36883 ; infill
G1 X64.761 Y131.664 Z4.477 E871.65413 ; infill
G1 X62.444 Y131.664 Z4.236 E871.74320 ; infill
G1 X60.199 Y131.664 Z4.057 E871.82953 ; infill
G1 X58.029 Y131.664 Z3.963 E871.91299 ; infill
G1 X56.705 Y131.664 Z3.972 E871.96388 ; infill
G1 X56.787 Y131.206 Z3.971 E871.98177 ; infill
G1 X58.134 Y131.206 Z3.962 E872.03358 ; infill
G1 X60.216 Y131.206 Z4.052 E872.11361 ; infill
G1 X62.489 Y131.206 Z4.232 E872.20103 ; infill
G1 X64.802 Y131.206 Z4.473 E872.28998 ; infill
G1 X72.167 Y131.206 Z5.322 E872.57318 ; infill
G1 X76.305 Y131.206 Z5.677 E872.73228 ; infill
G1 X79.033 Y131.206 Z5.805 E872.83720 ; infill
G1 X80.623 Y131.206 Z5.822 E872.89831 ; infill
G1 X99.374 Y131.206 Z5.822 E873.61932 ; infill
G1 X101.522 Y131.206 Z5.783 E873.70192 ; infill
G1 X103.684 Y131.206 Z5.678 E873.78503 ; infill
G1 X107.820 Y131.206 Z5.323 E873.94408 ; infill
G1 X115.174 Y131.206 Z4.475 E874.22687 ; infill
G1 X117.486 Y131.206 Z4.234 E874.31577 ; infill
G1 X119.757 Y131.206 Z4.053 E874.40308 ; infill
G1 X121.842 Y131.206 Z3.962 E874.48325 ; infill
G1 X123.216 Y131.206 Z3.972 E874.53610 ; infill
G1 X123.130 Y130.748 Z3.971 E874.55401 ; infill
G1 X121.621 Y130.748 Z3.963 E874.61203 ; infill
G1 X119.329 Y130.748 Z4.073 E874.70016 ; infill
G1 X118.009 Y130.748 Z4.179 E874.75094 ; infill
G1 X115.477 Y130.748 Z4.431 E874.84829 ; infill
G1 X107.800 Y130.748 Z5.324 E875.14352 ; infill
G1 X103.720 Y130.748 Z5.686 E875.30038 ; infill
G1 X101.135 Y130.748 Z5.821 E875.39978 ; infill
G1 X99.014 Y130.748 Z5.852 E875.48135 ; infill
G1 X80.983 Y130.748 Z5.852 E876.17465 ; infill
G1 X78.857 Y130.748 Z5.820 E876.25639 ; infill
G1 X76.268 Y130.748 Z5.685 E876.35592 ; infill
G1 X72.188 Y130.748 Z5.323 E876.51283 ; infill
G1 X64.504 Y130.748 Z4.430 E876.80832 ; infill
G1 X61.973 Y130.748 Z4.178 E876.90564 ; infill
G1 X60.655 Y130.748 Z4.072 E876.95632 ; infill
G1 X58.363 Y130.748 Z3.962 E877.04444 ; infill
G1 X56.869 Y130.748 Z3.971 E877.10189 ; infill
G1 X56.956 Y130.291 Z3.972 E877.11981 ; infill
G1 X58.592 Y130.291 Z3.963 E877.18271 ; infill
G1 X61.294 Y130.291 Z4.110 E877.28660 ; infill
G1 X63.873 Y130.291 Z4.349 E877.38580 ; infill
G1 X72.074 Y130.291 Z5.307 E877.70117 ; infill
G1 X75.562 Y130.291 Z5.635 E877.83528 ; infill
G1 X77.199 Y130.291 Z5.749 E877.89822 ; infill
G1 X78.757 Y130.291 Z5.830 E877.95813 ; infill
G1 X81.343 Y130.291 Z5.882 E878.05757 ; infill
G1 X98.662 Y130.291 Z5.882 E878.72348 ; infill
G1 X101.234 Y130.291 Z5.831 E878.82241 ; infill
G1 X102.795 Y130.291 Z5.749 E878.88241 ; infill
G1 X104.430 Y130.291 Z5.636 E878.94526 ; infill
G1 X107.919 Y130.291 Z5.307 E879.07944 ; infill
G1 X116.119 Y130.291 Z4.349 E879.39477 ; infill
G1 X118.699 Y130.291 Z4.110 E879.49396 ; infill
G1 X121.401 Y130.291 Z3.963 E879.59787 ; infill
G1 X123.036 Y130.291 Z3.972 E879.66074 ; infill
G1 X122.916 Y129.833 Z3.966 E879.67894 ; infill
G1 X121.169 Y129.833 Z3.966 E879.74611 ; infill
G1 X118.570 Y129.833 Z4.111 E879.84604 ; infill
G1 X116.166 Y129.833 Z4.334 E879.93849 ; infill
G1 X107.857 Y129.833 Z5.313 E880.25799 ; infill
G1 X104.794 Y129.833 Z5.612 E880.37578 ; infill
G1 X102.050 Y129.833 Z5.801 E880.48130 ; infill
G1 X100.115 Y129.833 Z5.875 E880.55570 ; infill
G1 X98.583 Y129.833 Z5.895 E880.61460 ; infill
G1 X81.414 Y129.833 Z5.895 E881.27477 ; infill
G1 X79.882 Y129.833 Z5.875 E881.33368 ; infill
G1 X77.947 Y129.833 Z5.801 E881.40808 ; infill
G1 X75.202 Y129.833 Z5.612 E881.51362 ; infill
G1 X72.138 Y129.833 Z5.313 E881.63143 ; infill
G1 X63.829 Y129.833 Z4.334 E881.95094 ; infill
G1 X61.425 Y129.833 Z4.111 E882.04340 ; infill
G1 X58.826 Y129.833 Z3.966 E882.14333 ; infill
G1 X57.068 Y129.833 Z3.967 E882.21091 ; infill
G1 X57.188 Y129.375 Z3.960 E882.22910 ; infill
G1 X58.464 Y129.375 Z3.956 E882.27818 ; infill
G1 X59.682 Y129.375 Z3.998 E882.32499 ; infill
G1 X61.151 Y129.375 Z4.082 E882.38150 ; infill
G1 X62.637 Y129.375 Z4.209 E882.43863 ; infill
G1 X63.960 Y129.375 Z4.339 E882.48950 ; infill
G1 X66.163 Y129.375 Z4.591 E882.57423 ; infill
G1 X72.273 Y129.375 Z5.328 E882.80919 ; infill
G1 X75.512 Y129.375 Z5.642 E882.93371 ; infill
G1 X77.924 Y129.375 Z5.806 E883.02646 ; infill
G1 X79.169 Y129.375 Z5.861 E883.07434 ; infill
G1 X80.414 Y129.375 Z5.893 E883.12220 ; infill
G1 X82.634 Y129.375 Z5.904 E883.20757 ; infill
G1 X98.598 Y129.375 Z5.903 E883.82142 ; infill
G1 X99.859 Y129.375 Z5.889 E883.86991 ; infill
G1 X102.072 Y129.375 Z5.806 E883.95499 ; infill
G1 X104.484 Y129.375 Z5.642 E884.04772 ; infill
G1 X107.721 Y129.375 Z5.328 E884.17221 ; infill
G1 X115.209 Y129.375 Z4.433 E884.46014 ; infill
G1 X118.197 Y129.375 Z4.133 E884.57506 ; infill
G1 X119.467 Y129.375 Z4.042 E884.62388 ; infill
G1 X120.933 Y129.375 Z3.970 E884.68025 ; infill
G1 X122.795 Y129.375 Z3.959 E884.75185 ; infill
G1 X122.675 Y128.917 Z3.955 E884.77006 ; infill
G1 X121.625 Y128.917 Z3.952 E884.81042 ; infill
G1 X120.703 Y128.917 Z3.974 E884.84588 ; infill
G1 X119.768 Y128.917 Z4.016 E884.88183 ; infill
G1 X117.862 Y128.917 Z4.152 E884.95512 ; infill
G1 X115.908 Y128.917 Z4.343 E885.03027 ; infill
G1 X114.121 Y128.917 Z4.548 E885.09897 ; infill
G1 X107.626 Y128.917 Z5.337 E885.34874 ; infill
G1 X105.441 Y128.917 Z5.561 E885.43276 ; infill
G1 X103.210 Y128.917 Z5.742 E885.51853 ; infill
G1 X100.934 Y128.917 Z5.864 E885.60605 ; infill
G1 X99.779 Y128.917 Z5.898 E885.65048 ; infill
G1 X92.899 Y128.917 Z5.917 E885.91503 ; infill
G1 X81.385 Y128.917 Z5.911 E886.35773 ; infill
G1 X80.218 Y128.917 Z5.898 E886.40262 ; infill
G1 X77.918 Y128.917 Z5.812 E886.49105 ; infill
G1 X75.664 Y128.917 Z5.658 E886.57772 ; infill
G1 X72.368 Y128.917 Z5.337 E886.70444 ; infill
G1 X66.088 Y128.917 Z4.574 E886.94593 ; infill
G1 X64.087 Y128.917 Z4.343 E887.02289 ; infill
G1 X62.133 Y128.917 Z4.151 E887.09803 ; infill
G1 X60.227 Y128.917 Z4.015 E887.17132 ; infill
G1 X59.292 Y128.917 Z3.974 E887.20726 ; infill
G1 X57.333 Y128.917 Z3.952 E887.28261 ; infill
G1 X57.478 Y128.459 Z3.955 E887.30108 ; infill
G1 X58.513 Y128.459 Z3.951 E887.34089 ; infill
G1 X59.433 Y128.459 Z3.973 E887.37625 ; infill
G1 X60.364 Y128.459 Z4.015 E887.41206 ; infill
G1 X62.261 Y128.459 Z4.152 E887.48499 ; infill
G1 X64.202 Y128.459 Z4.343 E887.55964 ; infill
G1 X66.188 Y128.459 Z4.574 E887.63602 ; infill
G1 X72.415 Y128.459 Z5.340 E887.87547 ; infill
G1 X74.583 Y128.459 Z5.565 E887.95883 ; infill
G1 X76.798 Y128.459 Z5.747 E888.04399 ; infill
G1 X78.805 Y128.459 Z5.859 E888.12118 ; infill
G1 X80.211 Y128.459 Z5.905 E888.17522 ; infill
G1 X88.530 Y128.459 Z5.929 E888.49509 ; infill
G1 X98.623 Y128.459 Z5.918 E888.88320 ; infill
G1 X99.786 Y128.459 Z5.905 E888.92790 ; infill
G1 X102.073 Y128.459 Z5.817 E889.01584 ; infill
G1 X104.311 Y128.459 Z5.663 E889.10189 ; infill
G1 X107.579 Y128.459 Z5.340 E889.22757 ; infill
G1 X114.809 Y128.459 Z4.457 E889.50558 ; infill
G1 X117.734 Y128.459 Z4.152 E889.61808 ; infill
G1 X119.631 Y128.459 Z4.016 E889.69101 ; infill
G1 X120.562 Y128.459 Z3.973 E889.72682 ; infill
G1 X121.482 Y128.459 Z3.951 E889.76219 ; infill
G1 X122.525 Y128.459 Z3.955 E889.80228 ; infill
G1 X122.372 Y128.001 Z3.955 E889.82085 ; infill
G1 X121.339 Y128.001 Z3.951 E889.86056 ; infill
G1 X120.422 Y128.001 Z3.973 E889.89583 ; infill
G1 X119.328 Y128.001 Z4.026 E889.93788 ; infill
G1 X117.607 Y128.001 Z4.152 E890.00407 ; infill
G1 X115.678 Y128.001 Z4.344 E890.07824 ; infill
G1 X113.706 Y128.001 Z4.576 E890.15405 ; infill
G1 X107.530 Y128.001 Z5.343 E890.39154 ; infill
G1 X105.381 Y128.001 Z5.569 E890.47421 ; infill
G1 X103.183 Y128.001 Z5.752 E890.55872 ; infill
G1 X100.935 Y128.001 Z5.876 E890.64516 ; infill
G1 X99.791 Y128.001 Z5.911 E890.68913 ; infill
G1 X91.020 Y128.001 Z5.941 E891.02641 ; infill
G1 X81.363 Y128.001 Z5.926 E891.39772 ; infill
G1 X80.205 Y128.001 Z5.911 E891.44223 ; infill
G1 X77.930 Y128.001 Z5.823 E891.52970 ; infill
G1 X75.707 Y128.001 Z5.667 E891.61518 ; infill
G1 X72.688 Y128.001 Z5.367 E891.73129 ; infill
G1 X66.288 Y128.001 Z4.575 E891.97738 ; infill
G1 X64.317 Y128.001 Z4.344 E892.05318 ; infill
G1 X62.388 Y128.001 Z4.152 E892.12735 ; infill
G1 X60.501 Y128.001 Z4.015 E892.19991 ; infill
G1 X59.573 Y128.001 Z3.973 E892.23558 ; infill
G1 X58.656 Y128.001 Z3.951 E892.27086 ; infill
G1 X57.623 Y128.001 Z3.955 E892.31059 ; infill
G1 X57.784 Y127.544 Z3.955 E892.32926 ; infill
G1 X58.810 Y127.544 Z3.951 E892.36870 ; infill
G1 X59.726 Y127.544 Z3.973 E892.40393 ; infill
G1 X60.651 Y127.544 Z4.015 E892.43951 ; infill
G1 X62.530 Y127.544 Z4.152 E892.51175 ; infill
G1 X64.447 Y127.544 Z4.344 E892.58547 ; infill
G1 X66.403 Y127.544 Z4.576 E892.66068 ; infill
G1 X72.520 Y127.544 Z5.345 E892.89590 ; infill
G1 X74.650 Y127.544 Z5.572 E892.97782 ; infill
G1 X76.830 Y127.544 Z5.756 E893.06164 ; infill
G1 X78.776 Y127.544 Z5.868 E893.13645 ; infill
G1 X80.201 Y127.544 Z5.918 E893.19124 ; infill
G1 X89.422 Y127.544 Z5.952 E893.54581 ; infill
G1 X98.643 Y127.544 Z5.933 E893.90038 ; infill
G1 X99.795 Y127.544 Z5.918 E893.94467 ; infill
G1 X102.056 Y127.544 Z5.828 E894.03159 ; infill
G1 X104.261 Y127.544 Z5.670 E894.11639 ; infill
G1 X107.474 Y127.544 Z5.345 E894.23994 ; infill
G1 X114.306 Y127.544 Z4.490 E894.50265 ; infill
G1 X115.547 Y127.544 Z4.344 E894.55039 ; infill
G1 X117.464 Y127.544 Z4.152 E894.62411 ; infill
G1 X119.343 Y127.544 Z4.015 E894.69636 ; infill
G1 X120.269 Y127.544 Z3.973 E894.73194 ; infill
G1 X121.185 Y127.544 Z3.951 E894.76716 ; infill
G1 X122.214 Y127.544 Z3.955 E894.80675 ; infill
G1 X122.034 Y127.086 Z3.954 E894.82567 ; infill
G1 X121.017 Y127.086 Z3.951 E894.86477 ; infill
G1 X120.104 Y127.086 Z3.973 E894.89988 ; infill
G1 X119.183 Y127.086 Z4.015 E894.93531 ; infill
G1 X117.315 Y127.086 Z4.152 E895.00712 ; infill
G1 X115.413 Y127.086 Z4.344 E895.08027 ; infill
G1 X113.474 Y127.086 Z4.576 E895.15481 ; infill
G1 X107.418 Y127.086 Z5.348 E895.38771 ; infill
G1 X105.308 Y127.086 Z5.575 E895.46885 ; infill
G1 X103.147 Y127.086 Z5.760 E895.55195 ; infill
G1 X100.930 Y127.086 Z5.887 E895.63718 ; infill
G1 X99.800 Y127.086 Z5.924 E895.68065 ; infill
G1 X90.129 Y127.086 Z5.963 E896.05249 ; infill
G1 X81.344 Y127.086 Z5.940 E896.39030 ; infill
G1 X80.197 Y127.086 Z5.924 E896.43440 ; infill
G1 X77.950 Y127.086 Z5.832 E896.52079 ; infill
G1 X75.761 Y127.086 Z5.674 E896.60495 ; infill
G1 X72.651 Y127.086 Z5.356 E896.72455 ; infill
G1 X66.520 Y127.086 Z4.576 E896.96030 ; infill
G1 X64.582 Y127.086 Z4.344 E897.03484 ; infill
G1 X62.680 Y127.086 Z4.152 E897.10798 ; infill
G1 X60.812 Y127.086 Z4.015 E897.17979 ; infill
G1 X59.891 Y127.086 Z3.973 E897.21522 ; infill
G1 X58.978 Y127.086 Z3.951 E897.25033 ; infill
G1 X57.965 Y127.086 Z3.954 E897.28928 ; infill
G1 X58.146 Y126.628 Z3.954 E897.30820 ; infill
G1 X59.147 Y126.628 Z3.951 E897.34670 ; infill
G1 X60.058 Y126.628 Z3.973 E897.38175 ; infill
G1 X60.977 Y126.628 Z4.015 E897.41707 ; infill
G1 X62.835 Y126.628 Z4.151 E897.48853 ; infill
G1 X64.724 Y126.628 Z4.344 E897.56115 ; infill
G1 X66.645 Y126.628 Z4.576 E897.63503 ; infill
G1 X72.637 Y126.628 Z5.349 E897.86547 ; infill
G1 X74.726 Y126.628 Z5.577 E897.94579 ; infill
G1 X76.868 Y126.628 Z5.764 E898.02815 ; infill
G1 X78.781 Y126.628 Z5.878 E898.10171 ; infill
G1 X80.193 Y126.628 Z5.930 E898.15600 ; infill
G1 X89.998 Y126.628 Z5.974 E898.53302 ; infill
G1 X98.662 Y126.628 Z5.946 E898.86616 ; infill
G1 X99.803 Y126.628 Z5.930 E898.91003 ; infill
G1 X102.035 Y126.628 Z5.836 E898.99584 ; infill
G1 X104.205 Y126.628 Z5.677 E899.07928 ; infill
G1 X107.357 Y126.628 Z5.349 E899.20049 ; infill
G1 X113.891 Y126.628 Z4.510 E899.45177 ; infill
G1 X115.271 Y126.628 Z4.344 E899.50482 ; infill
G1 X117.160 Y126.628 Z4.152 E899.57744 ; infill
G1 X119.018 Y126.628 Z4.015 E899.64891 ; infill
G1 X119.937 Y126.628 Z3.973 E899.68423 ; infill
G1 X120.848 Y126.628 Z3.951 E899.71929 ; infill
G1 X121.853 Y126.628 Z3.954 E899.75793 ; infill
G1 X121.665 Y126.170 Z3.954 E899.77696 ; infill
G1 X120.660 Y126.170 Z3.951 E899.81561 ; infill
G1 X119.752 Y126.170 Z3.973 E899.85052 ; infill
G1 X118.838 Y126.170 Z4.015 E899.88566 ; infill
G1 X116.993 Y126.170 Z4.151 E899.95661 ; infill
G1 X115.122 Y126.170 Z4.344 E900.02857 ; infill
G1 X113.221 Y126.170 Z4.576 E900.10168 ; infill
G1 X107.296 Y126.170 Z5.350 E900.32951 ; infill
G1 X105.230 Y126.170 Z5.580 E900.40897 ; infill
G1 X103.108 Y126.170 Z5.767 E900.49054 ; infill
G1 X100.925 Y126.170 Z5.897 E900.57450 ; infill
G1 X99.808 Y126.170 Z5.935 E900.61745 ; infill
G1 X97.281 Y126.170 Z5.961 E900.71461 ; infill
G1 X89.998 Y126.170 Z5.985 E900.99464 ; infill
G1 X81.324 Y126.170 Z5.953 E901.32816 ; infill
G1 X80.188 Y126.170 Z5.935 E901.37183 ; infill
G1 X77.971 Y126.170 Z5.840 E901.45710 ; infill
G1 X75.819 Y126.170 Z5.679 E901.53985 ; infill
G1 X72.750 Y126.170 Z5.356 E901.65786 ; infill
G1 X66.774 Y126.170 Z4.576 E901.88766 ; infill
G1 X64.873 Y126.170 Z4.344 E901.96076 ; infill
G1 X63.002 Y126.170 Z4.151 E902.03272 ; infill
G1 X61.157 Y126.170 Z4.015 E902.10367 ; infill
G1 X60.243 Y126.170 Z3.973 E902.13880 ; infill
G1 X58.331 Y126.170 Z3.951 E902.21233 ; infill
G1 X58.541 Y125.712 Z3.951 E902.23170 ; infill
G1 X60.428 Y125.712 Z3.972 E902.30424 ; infill
G1 X61.337 Y125.712 Z4.014 E902.33921 ; infill
G1 X63.171 Y125.712 Z4.151 E902.40971 ; infill
G1 X65.025 Y125.712 Z4.343 E902.48104 ; infill
G1 X66.906 Y125.712 Z4.576 E902.55336 ; infill
G1 X72.759 Y125.712 Z5.351 E902.77845 ; infill
G1 X75.649 Y125.712 Z5.663 E902.88955 ; infill
G1 X77.893 Y125.712 Z5.838 E902.97587 ; infill
G1 X79.073 Y125.712 Z5.901 E903.02122 ; infill
G1 X81.313 Y125.712 Z5.959 E903.10738 ; infill
G1 X89.998 Y125.712 Z5.996 E903.44131 ; infill
G1 X98.683 Y125.712 Z5.959 E903.77525 ; infill
G1 X99.813 Y125.712 Z5.940 E903.81869 ; infill
G1 X102.015 Y125.712 Z5.844 E903.90338 ; infill
G1 X104.148 Y125.712 Z5.682 E903.98540 ; infill
G1 X107.235 Y125.712 Z5.351 E904.10410 ; infill
G1 X113.710 Y125.712 Z4.498 E904.35311 ; infill
G1 X114.969 Y125.712 Z4.343 E904.40153 ; infill
G1 X116.824 Y125.712 Z4.151 E904.47285 ; infill
G1 X118.658 Y125.712 Z4.014 E904.54336 ; infill
G1 X119.567 Y125.712 Z3.972 E904.57833 ; infill
G1 X120.472 Y125.712 Z3.951 E904.61311 ; infill
G1 X121.463 Y125.712 Z3.953 E904.65120 ; infill
G1 X121.260 Y125.254 Z3.953 E904.67045 ; infill
G1 X120.273 Y125.254 Z3.950 E904.70842 ; infill
G1 X119.371 Y125.254 Z3.972 E904.74309 ; infill
G1 X118.467 Y125.254 Z4.014 E904.77786 ; infill
G1 X116.648 Y125.254 Z4.150 E904.84778 ; infill
G1 X114.813 Y125.254 Z4.343 E904.91836 ; infill
G1 X112.998 Y125.254 Z4.570 E904.98815 ; infill
G1 X107.175 Y125.254 Z5.352 E905.21208 ; infill
G1 X104.122 Y125.254 Z5.683 E905.32948 ; infill
G1 X102.008 Y125.254 Z5.847 E905.41079 ; infill
G1 X99.819 Y125.254 Z5.945 E905.49492 ; infill
G1 X98.695 Y125.254 Z5.965 E905.53816 ; infill
G1 X89.998 Y125.254 Z6.008 E905.87255 ; infill
G1 X81.302 Y125.254 Z5.965 E906.20695 ; infill
G1 X79.815 Y125.254 Z5.932 E906.26410 ; infill
G1 X77.988 Y125.254 Z5.847 E906.33436 ; infill
G1 X75.873 Y125.254 Z5.683 E906.41568 ; infill
G1 X72.819 Y125.254 Z5.351 E906.53311 ; infill
G1 X67.040 Y125.254 Z4.575 E906.75535 ; infill
G1 X65.182 Y125.254 Z4.343 E906.82681 ; infill
G1 X63.347 Y125.254 Z4.150 E906.89739 ; infill
G1 X61.528 Y125.254 Z4.014 E906.96730 ; infill
G1 X60.624 Y125.254 Z3.972 E907.00207 ; infill
G1 X58.751 Y125.254 Z3.953 E907.07410 ; infill
G1 X58.961 Y124.796 Z3.952 E907.09347 ; infill
G1 X60.824 Y124.796 Z3.971 E907.16511 ; infill
G1 X61.723 Y124.796 Z4.013 E907.19967 ; infill
G1 X63.526 Y124.796 Z4.149 E907.26901 ; infill
G1 X65.342 Y124.796 Z4.341 E907.33881 ; infill
G1 X67.176 Y124.796 Z4.574 E907.40936 ; infill
G1 X72.894 Y124.796 Z5.353 E907.62926 ; infill
G1 X75.898 Y124.796 Z5.685 E907.74477 ; infill
G1 X77.994 Y124.796 Z5.849 E907.82538 ; infill
G1 X80.169 Y124.796 Z5.950 E907.90899 ; infill
G1 X81.289 Y124.796 Z5.971 E907.95204 ; infill
G1 X89.998 Y124.796 Z6.019 E908.28694 ; infill
G1 X98.708 Y124.796 Z5.971 E908.62184 ; infill
G1 X99.827 Y124.796 Z5.950 E908.66487 ; infill
G1 X102.001 Y124.796 Z5.850 E908.74846 ; infill
G1 X104.097 Y124.796 Z5.685 E908.82905 ; infill
G1 X107.116 Y124.796 Z5.351 E908.94515 ; infill
G1 X112.819 Y124.796 Z4.574 E909.16445 ; infill
G1 X114.653 Y124.796 Z4.342 E909.23500 ; infill
G1 X116.469 Y124.796 Z4.149 E909.30481 ; infill
G1 X118.272 Y124.796 Z4.013 E909.37415 ; infill
G1 X119.171 Y124.796 Z3.972 E909.40872 ; infill
G1 X120.069 Y124.796 Z3.950 E909.44325 ; infill
G1 X121.047 Y124.796 Z3.953 E909.48085 ; infill
G1 X120.826 Y124.339 Z3.952 E909.50041 ; infill
G1 X118.967 Y124.339 Z3.971 E909.57188 ; infill
G1 X118.074 Y124.339 Z4.013 E909.60623 ; infill
G1 X116.287 Y124.339 Z4.148 E909.67494 ; infill
G1 X114.493 Y124.339 Z4.340 E909.74392 ; infill
G1 X113.060 Y124.339 Z4.523 E909.79903 ; infill
G1 X107.060 Y124.339 Z5.350 E910.02976 ; infill
G1 X104.075 Y124.339 Z5.685 E910.14456 ; infill
G1 X101.997 Y124.339 Z5.852 E910.22446 ; infill
G1 X99.836 Y124.339 Z5.954 E910.30753 ; infill
G1 X98.722 Y124.339 Z5.976 E910.35038 ; infill
G1 X89.998 Y124.339 Z6.030 E910.68581 ; infill
G1 X81.275 Y124.339 Z5.976 E911.02124 ; infill
G1 X79.613 Y124.339 Z5.934 E911.08513 ; infill
G1 X77.999 Y124.339 Z5.852 E911.14719 ; infill
G1 X75.921 Y124.339 Z5.685 E911.22711 ; infill
G1 X73.658 Y124.339 Z5.438 E911.31413 ; infill
G1 X71.635 Y124.339 Z5.179 E911.39191 ; infill
G1 X67.312 Y124.339 Z4.572 E911.55817 ; infill
G1 X65.502 Y124.339 Z4.340 E911.62776 ; infill
G1 X63.708 Y124.339 Z4.148 E911.69674 ; infill
G1 X61.921 Y124.339 Z4.013 E911.76545 ; infill
G1 X61.028 Y124.339 Z3.971 E911.79979 ; infill
G1 X59.171 Y124.339 Z3.952 E911.87121 ; infill
G1 X59.383 Y123.881 Z3.952 E911.89060 ; infill
G1 X60.350 Y123.881 Z3.949 E911.92780 ; infill
G1 X62.125 Y123.881 Z4.012 E911.99605 ; infill
G1 X63.893 Y123.881 Z4.147 E912.06405 ; infill
G1 X65.664 Y123.881 Z4.339 E912.13213 ; infill
G1 X67.448 Y123.881 Z4.571 E912.20072 ; infill
G1 X72.990 Y123.881 Z5.349 E912.41389 ; infill
G1 X75.702 Y123.881 Z5.662 E912.51816 ; infill
G1 X77.796 Y123.881 Z5.839 E912.59868 ; infill
G1 X79.066 Y123.881 Z5.915 E912.64751 ; infill
G1 X81.261 Y123.881 Z5.982 E912.73191 ; infill
G1 X89.998 Y123.881 Z6.041 E913.06787 ; infill
G1 X98.736 Y123.881 Z5.982 E913.40382 ; infill
G1 X99.845 Y123.881 Z5.958 E913.44648 ; infill
G1 X101.992 Y123.881 Z5.854 E913.52903 ; infill
G1 X104.052 Y123.881 Z5.686 E913.60825 ; infill
G1 X107.004 Y123.881 Z5.349 E913.72176 ; infill
G1 X113.549 Y123.881 Z4.438 E913.97345 ; infill
G1 X116.102 Y123.881 Z4.147 E914.07162 ; infill
G1 X117.870 Y123.881 Z4.012 E914.13962 ; infill
G1 X118.756 Y123.881 Z3.970 E914.17370 ; infill
G1 X120.604 Y123.881 Z3.952 E914.24476 ; infill
G1 X120.383 Y123.423 Z3.952 E914.26431 ; infill
G1 X119.429 Y123.423 Z3.949 E914.30100 ; infill
G1 X117.666 Y123.423 Z4.011 E914.36877 ; infill
G1 X115.917 Y123.423 Z4.146 E914.43605 ; infill
G1 X114.169 Y123.423 Z4.337 E914.50325 ; infill
G1 X112.359 Y123.423 Z4.576 E914.57284 ; infill
G1 X106.948 Y123.423 Z5.348 E914.78095 ; infill
G1 X104.030 Y123.423 Z5.686 E914.89318 ; infill
G1 X101.988 Y123.423 Z5.855 E914.97170 ; infill
G1 X99.854 Y123.423 Z5.962 E915.05372 ; infill
G1 X98.750 Y123.423 Z5.987 E915.09619 ; infill
G1 X89.998 Y123.423 Z6.052 E915.43270 ; infill
G1 X85.949 Y123.423 Z6.034 E915.58838 ; infill
G1 X81.247 Y123.423 Z5.987 E915.76921 ; infill
G1 X79.247 Y123.423 Z5.926 E915.84608 ; infill
G1 X78.008 Y123.423 Z5.855 E915.89373 ; infill
G1 X75.966 Y123.423 Z5.686 E915.97227 ; infill
G1 X73.182 Y123.423 Z5.365 E916.07930 ; infill
G1 X67.583 Y123.423 Z4.569 E916.29462 ; infill
G1 X65.826 Y123.423 Z4.337 E916.36221 ; infill
G1 X64.078 Y123.423 Z4.146 E916.42941 ; infill
G1 X62.329 Y123.423 Z4.011 E916.49668 ; infill
G1 X61.450 Y123.423 Z3.970 E916.53048 ; infill
G1 X59.605 Y123.423 Z3.952 E916.60142 ; infill
G1 X59.827 Y122.965 Z3.952 E916.62098 ; infill
G1 X60.783 Y122.965 Z3.948 E916.65774 ; infill
G1 X62.534 Y122.965 Z4.010 E916.72505 ; infill
G1 X64.265 Y122.965 Z4.144 E916.79161 ; infill
G1 X65.989 Y122.965 Z4.335 E916.85791 ; infill
G1 X67.720 Y122.965 Z4.566 E916.92449 ; infill
G1 X72.005 Y122.965 Z5.194 E917.08928 ; infill
G1 X73.918 Y122.965 Z5.449 E917.16285 ; infill
G1 X75.988 Y122.965 Z5.685 E917.24244 ; infill
G1 X78.012 Y122.965 Z5.857 E917.32028 ; infill
G1 X79.614 Y122.965 Z5.944 E917.38188 ; infill
G1 X81.232 Y122.965 Z5.992 E917.44409 ; infill
G1 X84.917 Y122.965 Z6.035 E917.58577 ; infill
G1 X89.998 Y122.965 Z6.063 E917.78116 ; infill
G1 X94.574 Y122.965 Z6.040 E917.95710 ; infill
G1 X98.765 Y122.965 Z5.992 E918.11823 ; infill
G1 X99.864 Y122.965 Z5.965 E918.16051 ; infill
G1 X101.984 Y122.965 Z5.857 E918.24200 ; infill
G1 X104.008 Y122.965 Z5.685 E918.31983 ; infill
G1 X106.892 Y122.965 Z5.346 E918.43075 ; infill
G1 X112.843 Y122.965 Z4.489 E918.65961 ; infill
G1 X114.006 Y122.965 Z4.335 E918.70435 ; infill
G1 X115.730 Y122.965 Z4.144 E918.77065 ; infill
G1 X117.461 Y122.965 Z4.010 E918.83721 ; infill
G1 X118.334 Y122.965 Z3.969 E918.87075 ; infill
G1 X120.161 Y122.965 Z3.952 E918.94103 ; infill
G1 X119.940 Y122.507 Z3.951 E918.96059 ; infill
G1 X118.120 Y122.507 Z3.968 E919.03058 ; infill
G1 X116.397 Y122.507 Z4.068 E919.09683 ; infill
G1 X115.543 Y122.507 Z4.142 E919.12965 ; infill
G1 X113.323 Y122.507 Z4.401 E919.21503 ; infill
G1 X106.836 Y122.507 Z5.344 E919.46451 ; infill
G1 X104.955 Y122.507 Z5.580 E919.53685 ; infill
G1 X102.994 Y122.507 Z5.778 E919.61225 ; infill
G1 X101.980 Y122.507 Z5.858 E919.65126 ; infill
G1 X99.874 Y122.507 Z5.969 E919.73223 ; infill
G1 X98.779 Y122.507 Z5.996 E919.77432 ; infill
G1 X94.593 Y122.507 Z6.049 E919.93526 ; infill
G1 X89.998 Y122.507 Z6.074 E920.11195 ; infill
G1 X85.399 Y122.507 Z6.049 E920.28880 ; infill
G1 X81.217 Y122.507 Z5.996 E920.44959 ; infill
G1 X79.981 Y122.507 Z5.963 E920.49714 ; infill
G1 X78.016 Y122.507 Z5.858 E920.57268 ; infill
G1 X76.010 Y122.507 Z5.685 E920.64982 ; infill
G1 X74.654 Y122.507 Z5.533 E920.70197 ; infill
G1 X72.753 Y122.507 Z5.287 E920.77508 ; infill
G1 X67.857 Y122.507 Z4.563 E920.96336 ; infill
G1 X66.152 Y122.507 Z4.332 E921.02893 ; infill
G1 X64.452 Y122.507 Z4.142 E921.09432 ; infill
G1 X62.740 Y122.507 Z4.009 E921.16014 ; infill
G1 X61.875 Y122.507 Z3.968 E921.19339 ; infill
G1 X60.049 Y122.507 Z3.952 E921.26359 ; infill
G1 X60.272 Y122.049 Z3.951 E921.28316 ; infill
G1 X62.089 Y122.049 Z3.968 E921.35302 ; infill
G1 X63.795 Y122.049 Z4.066 E921.41864 ; infill
G1 X64.639 Y122.049 Z4.141 E921.45107 ; infill
G1 X66.316 Y122.049 Z4.330 E921.51556 ; infill
G1 X67.995 Y122.049 Z4.561 E921.58013 ; infill
G1 X73.217 Y122.049 Z5.341 E921.78096 ; infill
G1 X75.074 Y122.049 Z5.578 E921.85241 ; infill
G1 X76.190 Y122.049 Z5.699 E921.89530 ; infill
G1 X78.022 Y122.049 Z5.858 E921.96573 ; infill
G1 X80.114 Y122.049 Z5.972 E922.04618 ; infill
G1 X81.520 Y122.049 Z6.007 E922.10027 ; infill
G1 X85.906 Y122.049 Z6.063 E922.26889 ; infill
G1 X89.998 Y122.049 Z6.085 E922.42624 ; infill
G1 X94.613 Y122.049 Z6.058 E922.60370 ; infill
G1 X98.793 Y122.049 Z6.001 E922.76441 ; infill
G1 X99.882 Y122.049 Z5.972 E922.80630 ; infill
G1 X101.974 Y122.049 Z5.858 E922.88673 ; infill
G1 X103.962 Y122.049 Z5.684 E922.96315 ; infill
G1 X106.778 Y122.049 Z5.341 E923.07146 ; infill
G1 X112.157 Y122.049 Z4.539 E923.27832 ; infill
G1 X113.679 Y122.049 Z4.330 E923.33688 ; infill
G1 X115.356 Y122.049 Z4.141 E923.40137 ; infill
G1 X117.016 Y122.049 Z4.010 E923.46517 ; infill
G1 X117.906 Y122.049 Z3.968 E923.49941 ; infill
G1 X119.719 Y122.049 Z3.951 E923.56910 ; infill
G1 X119.497 Y121.592 Z3.951 E923.58866 ; infill
G1 X117.694 Y121.592 Z3.967 E923.65799 ; infill
G1 X116.003 Y121.592 Z4.065 E923.72301 ; infill
G1 X115.170 Y121.592 Z4.139 E923.75506 ; infill
G1 X113.515 Y121.592 Z4.328 E923.81870 ; infill
G1 X111.861 Y121.592 Z4.558 E923.88231 ; infill
G1 X106.718 Y121.592 Z5.338 E924.08011 ; infill
G1 X104.884 Y121.592 Z5.576 E924.15063 ; infill
G1 X102.964 Y121.592 Z5.777 E924.22445 ; infill
G1 X101.967 Y121.592 Z5.858 E924.26278 ; infill
G1 X99.891 Y121.592 Z5.974 E924.34264 ; infill
G1 X98.807 Y121.592 Z6.005 E924.38431 ; infill
G1 X94.633 Y121.592 Z6.067 E924.54479 ; infill
G1 X89.998 Y121.592 Z6.096 E924.72300 ; infill
G1 X85.363 Y121.592 Z6.067 E924.90122 ; infill
G1 X81.190 Y121.592 Z6.005 E925.06170 ; infill
G1 X79.618 Y121.592 Z5.953 E925.12215 ; infill
G1 X78.028 Y121.592 Z5.858 E925.18326 ; infill
G1 X76.059 Y121.592 Z5.682 E925.25897 ; infill
G1 X74.164 Y121.592 Z5.455 E925.33186 ; infill
G1 X72.351 Y121.592 Z5.204 E925.40159 ; infill
G1 X68.134 Y121.592 Z4.557 E925.56375 ; infill
G1 X66.480 Y121.592 Z4.327 E925.62736 ; infill
G1 X64.826 Y121.592 Z4.139 E925.69100 ; infill
G1 X63.151 Y121.592 Z4.007 E925.75539 ; infill
G1 X62.301 Y121.592 Z3.967 E925.78807 ; infill
G1 X60.494 Y121.592 Z3.951 E925.85755 ; infill
G1 X60.716 Y121.134 Z3.951 E925.87712 ; infill
G1 X62.513 Y121.134 Z3.966 E925.94619 ; infill
G1 X64.188 Y121.134 Z4.063 E926.01062 ; infill
G1 X65.012 Y121.134 Z4.137 E926.04231 ; infill
G1 X66.645 Y121.134 Z4.325 E926.10510 ; infill
G1 X68.274 Y121.134 Z4.554 E926.16775 ; infill
G1 X73.043 Y121.134 Z5.292 E926.35117 ; infill
G1 X74.852 Y121.134 Z5.536 E926.42072 ; infill
G1 X76.085 Y121.134 Z5.680 E926.46815 ; infill
G1 X78.035 Y121.134 Z5.858 E926.54312 ; infill
G1 X79.975 Y121.134 Z5.972 E926.61773 ; infill
G1 X81.176 Y121.134 Z6.009 E926.66391 ; infill
G1 X85.358 Y121.134 Z6.076 E926.82470 ; infill
G1 X89.998 Y121.134 Z6.107 E927.00312 ; infill
G1 X94.653 Y121.134 Z6.076 E927.18210 ; infill
G1 X98.820 Y121.134 Z6.009 E927.34233 ; infill
G1 X99.899 Y121.134 Z5.977 E927.38380 ; infill
G1 X101.961 Y121.134 Z5.858 E927.46309 ; infill
G1 X103.910 Y121.134 Z5.680 E927.53805 ; infill
G1 X106.657 Y121.134 Z5.334 E927.64368 ; infill
G1 X111.721 Y121.134 Z4.554 E927.83844 ; infill
G1 X113.350 Y121.134 Z4.325 E927.90109 ; infill
G1 X114.983 Y121.134 Z4.137 E927.96388 ; infill
G1 X116.639 Y121.134 Z4.005 E928.02758 ; infill
G1 X117.483 Y121.134 Z3.966 E928.06001 ; infill
G1 X119.276 Y121.134 Z3.951 E928.12896 ; infill
G1 X119.055 Y120.676 Z3.950 E928.14852 ; infill
G1 X117.271 Y120.676 Z3.965 E928.21709 ; infill
G1 X115.611 Y120.676 Z4.062 E928.28094 ; infill
G1 X114.796 Y120.676 Z4.135 E928.31227 ; infill
G1 X113.184 Y120.676 Z4.322 E928.37424 ; infill
G1 X111.579 Y120.676 Z4.551 E928.43597 ; infill
G1 X106.593 Y120.676 Z5.331 E928.62774 ; infill
G1 X104.808 Y120.676 Z5.571 E928.69641 ; infill
G1 X102.930 Y120.676 Z5.775 E928.76860 ; infill
G1 X101.952 Y120.676 Z5.858 E928.80622 ; infill
G1 X99.905 Y120.676 Z5.979 E928.88493 ; infill
G1 X98.832 Y120.676 Z6.013 E928.92617 ; infill
G1 X94.673 Y120.676 Z6.085 E929.08611 ; infill
G1 X89.998 Y120.676 Z6.118 E929.26585 ; infill
G1 X86.145 Y120.676 Z6.094 E929.41399 ; infill
G1 X81.657 Y120.676 Z6.024 E929.58656 ; infill
G1 X80.091 Y120.676 Z5.979 E929.64678 ; infill
G1 X78.044 Y120.676 Z5.858 E929.72550 ; infill
G1 X76.114 Y120.676 Z5.678 E929.79972 ; infill
G1 X73.864 Y120.676 Z5.394 E929.88623 ; infill
G1 X72.125 Y120.676 Z5.138 E929.95313 ; infill
G1 X68.416 Y120.676 Z4.551 E930.09578 ; infill
G1 X66.811 Y120.676 Z4.322 E930.15751 ; infill
G1 X65.199 Y120.676 Z4.135 E930.21947 ; infill
G1 X63.560 Y120.676 Z4.004 E930.28250 ; infill
G1 X62.724 Y120.676 Z3.965 E930.31465 ; infill
G1 X60.939 Y120.676 Z3.950 E930.38331 ; infill
G1 X61.161 Y120.218 Z3.950 E930.40288 ; infill
G1 X62.933 Y120.218 Z3.964 E930.47103 ; infill
G1 X64.580 Y120.218 Z4.060 E930.53435 ; infill
G1 X65.386 Y120.218 Z4.133 E930.56535 ; infill
G1 X66.978 Y120.218 Z4.319 E930.62654 ; infill
G1 X68.559 Y120.218 Z4.547 E930.68737 ; infill
G1 X73.041 Y120.218 Z5.263 E930.85976 ; infill
G1 X74.797 Y120.218 Z5.510 E930.92727 ; infill
G1 X76.145 Y120.218 Z5.676 E930.97911 ; infill
G1 X78.055 Y120.218 Z5.857 E931.05255 ; infill
G1 X79.899 Y120.218 Z5.972 E931.12345 ; infill
G1 X81.152 Y120.218 Z6.017 E931.17167 ; infill
G1 X85.314 Y120.218 Z6.094 E931.33166 ; infill
G1 X89.998 Y120.218 Z6.129 E931.51179 ; infill
G1 X94.692 Y120.218 Z6.094 E931.69229 ; infill
G1 X98.844 Y120.218 Z6.017 E931.85192 ; infill
G1 X99.910 Y120.218 Z5.981 E931.89292 ; infill
G1 X101.941 Y120.218 Z5.858 E931.97101 ; infill
G1 X102.910 Y120.218 Z5.773 E932.00826 ; infill
G1 X104.765 Y120.218 Z5.568 E932.07961 ; infill
G1 X106.527 Y120.218 Z5.327 E932.14734 ; infill
G1 X111.436 Y120.218 Z4.548 E932.33616 ; infill
G1 X113.018 Y120.218 Z4.320 E932.39699 ; infill
G1 X114.609 Y120.218 Z4.133 E932.45818 ; infill
G1 X116.232 Y120.218 Z4.003 E932.52059 ; infill
G1 X117.062 Y120.218 Z3.964 E932.55251 ; infill
G1 X118.833 Y120.218 Z3.950 E932.62062 ; infill
G1 X118.619 Y119.760 Z3.950 E932.64006 ; infill
G1 X116.853 Y119.760 Z3.964 E932.70798 ; infill
G1 X115.220 Y119.760 Z4.059 E932.77077 ; infill
G1 X114.422 Y119.760 Z4.131 E932.80144 ; infill
G1 X112.851 Y119.760 Z4.317 E932.86187 ; infill
G1 X111.292 Y119.760 Z4.544 E932.92183 ; infill
G1 X106.458 Y119.760 Z5.323 E933.10773 ; infill
G1 X104.721 Y119.760 Z5.564 E933.17452 ; infill
G1 X102.888 Y119.760 Z5.771 E933.24503 ; infill
G1 X101.929 Y119.760 Z5.857 E933.28190 ; infill
G1 X99.915 Y119.760 Z5.983 E933.35935 ; infill
G1 X97.527 Y119.760 Z6.052 E933.45115 ; infill
G1 X93.213 Y119.760 Z6.121 E933.61703 ; infill
G1 X89.998 Y119.760 Z6.140 E933.74065 ; infill
G1 X86.107 Y119.760 Z6.113 E933.89027 ; infill
G1 X81.617 Y119.760 Z6.033 E934.06290 ; infill
G1 X80.081 Y119.760 Z5.983 E934.12196 ; infill
G1 X78.067 Y119.760 Z5.857 E934.19943 ; infill
G1 X76.177 Y119.760 Z5.673 E934.27208 ; infill
G1 X73.945 Y119.760 Z5.381 E934.35791 ; infill
G1 X68.704 Y119.760 Z4.544 E934.55953 ; infill
G1 X67.145 Y119.760 Z4.317 E934.61949 ; infill
G1 X65.573 Y119.760 Z4.131 E934.67991 ; infill
G1 X63.966 Y119.760 Z4.002 E934.74170 ; infill
G1 X63.143 Y119.760 Z3.963 E934.77337 ; infill
G1 X61.376 Y119.760 Z3.950 E934.84130 ; infill
G1 X61.590 Y119.302 Z3.950 E934.86074 ; infill
G1 X63.350 Y119.302 Z3.963 E934.92841 ; infill
G1 X64.970 Y119.302 Z4.057 E934.99070 ; infill
G1 X65.760 Y119.302 Z4.129 E935.02106 ; infill
G1 X67.312 Y119.302 Z4.314 E935.08076 ; infill
G1 X68.849 Y119.302 Z4.540 E935.13987 ; infill
G1 X73.607 Y119.302 Z5.319 E935.32287 ; infill
G1 X75.319 Y119.302 Z5.561 E935.38874 ; infill
G1 X76.893 Y119.302 Z5.744 E935.44924 ; infill
G1 X78.080 Y119.302 Z5.856 E935.49489 ; infill
G1 X80.077 Y119.302 Z5.985 E935.57170 ; infill
G1 X82.288 Y119.302 Z6.054 E935.65668 ; infill
G1 X86.766 Y119.302 Z6.131 E935.82889 ; infill
G1 X89.998 Y119.302 Z6.151 E935.95317 ; infill
G1 X93.230 Y119.302 Z6.131 E936.07744 ; infill
G1 X97.544 Y119.302 Z6.057 E936.24330 ; infill
G1 X99.919 Y119.302 Z5.985 E936.33462 ; infill
G1 X101.916 Y119.302 Z5.856 E936.41142 ; infill
G1 X102.865 Y119.302 Z5.769 E936.44790 ; infill
G1 X104.676 Y119.302 Z5.561 E936.51754 ; infill
G1 X106.388 Y119.302 Z5.319 E936.58339 ; infill
G1 X111.146 Y119.302 Z4.541 E936.76641 ; infill
G1 X112.683 Y119.302 Z4.314 E936.82552 ; infill
G1 X114.236 Y119.302 Z4.129 E936.88522 ; infill
G1 X115.827 Y119.302 Z4.001 E936.94642 ; infill
G1 X116.645 Y119.302 Z3.963 E936.97787 ; infill
G1 X118.405 Y119.302 Z3.950 E937.04552 ; infill
G1 X118.190 Y118.844 Z3.949 E937.06495 ; infill
G1 X116.438 Y118.844 Z3.962 E937.13232 ; infill
G1 X114.831 Y118.844 Z4.055 E937.19413 ; infill
G1 X114.049 Y118.844 Z4.127 E937.22417 ; infill
G1 X112.517 Y118.844 Z4.311 E937.28312 ; infill
G1 X111.002 Y118.844 Z4.537 E937.34137 ; infill
G1 X106.319 Y118.844 Z5.315 E937.52149 ; infill
G1 X104.632 Y118.844 Z5.557 E937.58640 ; infill
G1 X102.843 Y118.844 Z5.767 E937.65517 ; infill
G1 X101.904 Y118.844 Z5.854 E937.69127 ; infill
G1 X99.924 Y118.844 Z5.986 E937.76740 ; infill
G1 X97.562 Y118.844 Z6.063 E937.85824 ; infill
G1 X93.248 Y118.844 Z6.141 E938.02411 ; infill
G1 X89.998 Y118.844 Z6.162 E938.14907 ; infill
G1 X86.748 Y118.844 Z6.141 E938.27403 ; infill
G1 X82.700 Y118.844 Z6.070 E938.42968 ; infill
G1 X80.072 Y118.844 Z5.986 E938.53074 ; infill
G1 X78.211 Y118.844 Z5.864 E938.60230 ; infill
G1 X77.152 Y118.844 Z5.767 E938.64300 ; infill
G1 X75.364 Y118.844 Z5.557 E938.71179 ; infill
G1 X73.676 Y118.844 Z5.314 E938.77671 ; infill
G1 X68.993 Y118.844 Z4.537 E938.95682 ; infill
G1 X67.479 Y118.844 Z4.311 E939.01507 ; infill
G1 X65.946 Y118.844 Z4.127 E939.07401 ; infill
G1 X64.369 Y118.844 Z4.000 E939.13464 ; infill
G1 X63.557 Y118.844 Z3.962 E939.16587 ; infill
G1 X61.804 Y118.844 Z3.950 E939.23326 ; infill
G1 X62.018 Y118.387 Z3.949 E939.25270 ; infill
G1 X63.760 Y118.387 Z3.961 E939.31966 ; infill
G1 X65.354 Y118.387 Z4.054 E939.38095 ; infill
G1 X66.127 Y118.387 Z4.125 E939.41068 ; infill
G1 X67.641 Y118.387 Z4.308 E939.46892 ; infill
G1 X69.134 Y118.387 Z4.533 E939.52634 ; infill
G1 X73.743 Y118.387 Z5.310 E939.70361 ; infill
G1 X75.407 Y118.387 Z5.553 E939.76759 ; infill
G1 X76.584 Y118.387 Z5.700 E939.81286 ; infill
G1 X78.102 Y118.387 Z5.853 E939.87124 ; infill
G1 X80.066 Y118.387 Z5.987 E939.94675 ; infill
G1 X81.656 Y118.387 Z6.048 E940.00790 ; infill
G1 X86.015 Y118.387 Z6.142 E940.17551 ; infill
G1 X89.998 Y118.387 Z6.173 E940.32866 ; infill
G1 X93.266 Y118.387 Z6.151 E940.45431 ; infill
G1 X97.580 Y118.387 Z6.068 E940.62019 ; infill
G1 X99.930 Y118.387 Z5.988 E940.71056 ; infill
G1 X101.894 Y118.387 Z5.853 E940.78605 ; infill
G1 X102.822 Y118.387 Z5.764 E940.82176 ; infill
G1 X104.589 Y118.387 Z5.553 E940.88968 ; infill
G1 X106.252 Y118.387 Z5.310 E940.95365 ; infill
G1 X111.263 Y118.387 Z4.470 E941.14640 ; infill
G1 X112.354 Y118.387 Z4.308 E941.18835 ; infill
G1 X113.868 Y118.387 Z4.125 E941.24658 ; infill
G1 X115.429 Y118.387 Z3.998 E941.30662 ; infill
G1 X116.235 Y118.387 Z3.961 E941.33761 ; infill
G1 X117.976 Y118.387 Z3.949 E941.40453 ; infill
G1 X117.761 Y117.929 Z3.949 E941.42397 ; infill
G1 X116.034 Y117.929 Z3.960 E941.49040 ; infill
G1 X114.452 Y117.929 Z4.052 E941.55122 ; infill
G1 X112.885 Y117.929 Z4.219 E941.61149 ; infill
G1 X111.440 Y117.929 Z4.417 E941.66705 ; infill
G1 X106.185 Y117.929 Z5.305 E941.86920 ; infill
G1 X104.546 Y117.929 Z5.549 E941.93224 ; infill
G1 X102.802 Y117.929 Z5.762 E941.99930 ; infill
G1 X101.883 Y117.929 Z5.851 E942.03463 ; infill
G1 X99.937 Y117.929 Z5.989 E942.10947 ; infill
G1 X97.599 Y117.929 Z6.073 E942.19936 ; infill
G1 X93.284 Y117.929 Z6.161 E942.36527 ; infill
G1 X89.998 Y117.929 Z6.184 E942.49161 ; infill
G1 X86.713 Y117.929 Z6.161 E942.61794 ; infill
G1 X83.363 Y117.929 Z6.100 E942.74675 ; infill
G1 X80.730 Y117.929 Z6.019 E942.84797 ; infill
G1 X78.698 Y117.929 Z5.900 E942.92611 ; infill
G1 X76.827 Y117.929 Z5.722 E942.99804 ; infill
G1 X74.736 Y117.929 Z5.447 E943.07846 ; infill
G1 X73.107 Y117.929 Z5.192 E943.14111 ; infill
G1 X69.276 Y117.929 Z4.529 E943.28849 ; infill
G1 X67.804 Y117.929 Z4.305 E943.34509 ; infill
G1 X66.309 Y117.929 Z4.123 E943.40261 ; infill
G1 X64.762 Y117.929 Z3.997 E943.46209 ; infill
G1 X63.961 Y117.929 Z3.960 E943.49287 ; infill
G1 X62.233 Y117.929 Z3.949 E943.55934 ; infill
G1 X62.441 Y117.471 Z3.949 E943.57867 ; infill
G1 X64.163 Y117.471 Z3.959 E943.64490 ; infill
G1 X65.732 Y117.471 Z4.050 E943.70525 ; infill
G1 X66.490 Y117.471 Z4.121 E943.73438 ; infill
G1 X67.967 Y117.471 Z4.302 E943.79119 ; infill
G1 X69.417 Y117.471 Z4.525 E943.84696 ; infill
G1 X73.562 Y117.471 Z5.249 E944.00638 ; infill
G1 X75.190 Y117.471 Z5.502 E944.06902 ; infill
G1 X76.339 Y117.471 Z5.657 E944.11318 ; infill
G1 X78.123 Y117.471 Z5.850 E944.18182 ; infill
G1 X80.053 Y117.471 Z5.990 E944.25603 ; infill
G1 X82.290 Y117.471 Z6.076 E944.34202 ; infill
G1 X86.694 Y117.471 Z6.171 E944.51138 ; infill
G1 X89.998 Y117.471 Z6.195 E944.63841 ; infill
G1 X93.302 Y117.471 Z6.171 E944.76545 ; infill
G1 X96.253 Y117.471 Z6.116 E944.87892 ; infill
G1 X98.916 Y117.471 Z6.036 E944.98129 ; infill
G1 X100.927 Y117.471 Z5.927 E945.05864 ; infill
G1 X102.781 Y117.471 Z5.759 E945.12993 ; infill
G1 X104.503 Y117.471 Z5.545 E945.19613 ; infill
G1 X106.117 Y117.471 Z5.301 E945.25823 ; infill
G1 X110.578 Y117.471 Z4.525 E945.42982 ; infill
G1 X112.028 Y117.471 Z4.302 E945.48558 ; infill
G1 X113.505 Y117.471 Z4.121 E945.54240 ; infill
G1 X115.037 Y117.471 Z3.996 E945.60131 ; infill
G1 X115.832 Y117.471 Z3.959 E945.63188 ; infill
G1 X117.557 Y117.471 Z3.949 E945.69817 ; infill
G1 X117.356 Y117.013 Z3.949 E945.71739 ; infill
G1 X115.631 Y117.013 Z3.959 E945.78372 ; infill
G1 X114.074 Y117.013 Z4.049 E945.84361 ; infill
G1 X113.324 Y117.013 Z4.119 E945.87244 ; infill
G1 X111.793 Y117.013 Z4.310 E945.93129 ; infill
G1 X110.408 Y117.013 Z4.526 E945.98457 ; infill
G1 X106.053 Y117.013 Z5.296 E946.15212 ; infill
G1 X104.463 Y117.013 Z5.541 E946.21325 ; infill
G1 X102.765 Y117.013 Z5.756 E946.27857 ; infill
G1 X101.866 Y117.013 Z5.848 E946.31312 ; infill
G1 X99.953 Y117.013 Z5.991 E946.38666 ; infill
G1 X97.640 Y117.013 Z6.084 E946.47564 ; infill
G1 X93.322 Y117.013 Z6.181 E946.64167 ; infill
G1 X89.998 Y117.013 Z6.206 E946.76945 ; infill
G1 X86.675 Y117.013 Z6.181 E946.89723 ; infill
G1 X83.718 Y117.013 Z6.123 E947.01092 ; infill
G1 X81.064 Y117.013 Z6.039 E947.11298 ; infill
G1 X79.066 Y117.013 Z5.927 E947.18981 ; infill
G1 X77.231 Y117.013 Z5.756 E947.26036 ; infill
G1 X75.532 Y117.013 Z5.541 E947.32570 ; infill
G1 X73.942 Y117.013 Z5.295 E947.38684 ; infill
G1 X69.559 Y117.013 Z4.521 E947.55548 ; infill
G1 X68.130 Y117.013 Z4.299 E947.61041 ; infill
G1 X66.671 Y117.013 Z4.119 E947.66651 ; infill
G1 X65.154 Y117.013 Z3.995 E947.72487 ; infill
G1 X64.364 Y117.013 Z3.959 E947.75522 ; infill
G1 X62.641 Y117.013 Z3.949 E947.82150 ; infill
G1 X62.841 Y116.555 Z3.949 E947.84071 ; infill
G1 X64.562 Y116.555 Z3.958 E947.90689 ; infill
G1 X66.104 Y116.555 Z4.047 E947.96617 ; infill
G1 X66.844 Y116.555 Z4.116 E947.99464 ; infill
G1 X68.282 Y116.555 Z4.296 E948.04992 ; infill
G1 X69.686 Y116.555 Z4.517 E948.10393 ; infill
G1 X73.359 Y116.555 Z5.180 E948.24522 ; infill
G1 X74.957 Y116.555 Z5.443 E948.30671 ; infill
G1 X76.385 Y116.555 Z5.649 E948.36162 ; infill
G1 X78.130 Y116.555 Z5.846 E948.42872 ; infill
G1 X80.028 Y116.555 Z5.992 E948.50172 ; infill
G1 X82.333 Y116.555 Z6.089 E948.59033 ; infill
G1 X86.655 Y116.555 Z6.191 E948.75652 ; infill
G1 X89.998 Y116.555 Z6.217 E948.88506 ; infill
G1 X93.341 Y116.555 Z6.191 E949.01361 ; infill
G1 X96.304 Y116.555 Z6.130 E949.12751 ; infill
G1 X98.952 Y116.555 Z6.042 E949.22935 ; infill
G1 X100.938 Y116.555 Z5.926 E949.30570 ; infill
G1 X102.755 Y116.555 Z5.753 E949.37559 ; infill
G1 X104.434 Y116.555 Z5.537 E949.44012 ; infill
G1 X106.000 Y116.555 Z5.290 E949.50036 ; infill
G1 X110.309 Y116.555 Z4.517 E949.66615 ; infill
G1 X111.714 Y116.555 Z4.296 E949.72016 ; infill
G1 X113.151 Y116.555 Z4.116 E949.77544 ; infill
G1 X114.651 Y116.555 Z3.994 E949.83312 ; infill
G1 X115.433 Y116.555 Z3.958 E949.86319 ; infill
G1 X117.155 Y116.555 Z3.949 E949.92942 ; infill
G1 X116.955 Y116.097 Z3.948 E949.94863 ; infill
G1 X115.245 Y116.097 Z3.957 E950.01439 ; infill
G1 X113.716 Y116.097 Z4.045 E950.07318 ; infill
G1 X112.984 Y116.097 Z4.114 E950.10134 ; infill
G1 X111.565 Y116.097 Z4.292 E950.15588 ; infill
G1 X110.130 Y116.097 Z4.522 E950.21108 ; infill
G1 X105.950 Y116.097 Z5.285 E950.37189 ; infill
G1 X104.408 Y116.097 Z5.532 E950.43121 ; infill
G1 X102.751 Y116.097 Z5.750 E950.49493 ; infill
G1 X101.870 Y116.097 Z5.844 E950.52879 ; infill
G1 X99.987 Y116.097 Z5.993 E950.60122 ; infill
G1 X97.691 Y116.097 Z6.094 E950.68948 ; infill
G1 X93.362 Y116.097 Z6.201 E950.85593 ; infill
G1 X89.998 Y116.097 Z6.228 E950.98528 ; infill
G1 X86.634 Y116.097 Z6.201 E951.11464 ; infill
G1 X83.664 Y116.097 Z6.137 E951.22884 ; infill
G1 X81.020 Y116.097 Z6.045 E951.33050 ; infill
G1 X79.046 Y116.097 Z5.925 E951.40642 ; infill
G1 X77.245 Y116.097 Z5.750 E951.47567 ; infill
G1 X75.587 Y116.097 Z5.532 E951.53941 ; infill
G1 X74.045 Y116.097 Z5.284 E951.59874 ; infill
G1 X69.812 Y116.097 Z4.513 E951.76158 ; infill
G1 X68.430 Y116.097 Z4.292 E951.81474 ; infill
G1 X67.012 Y116.097 Z4.114 E951.86928 ; infill
G1 X65.527 Y116.097 Z3.992 E951.92637 ; infill
G1 X64.750 Y116.097 Z3.957 E951.95622 ; infill
G1 X63.041 Y116.097 Z3.948 E952.02195 ; infill
G1 X63.234 Y115.640 Z3.948 E952.04104 ; infill
G1 X64.934 Y115.640 Z3.956 E952.10641 ; infill
G1 X66.445 Y115.639 Z4.043 E952.16453 ; infill
G1 X67.167 Y115.640 Z4.111 E952.19230 ; infill
G1 X68.563 Y115.640 Z4.288 E952.24597 ; infill
G1 X69.920 Y115.640 Z4.508 E952.29818 ; infill
G1 X73.527 Y115.640 Z5.179 E952.43692 ; infill
G1 X75.602 Y115.639 Z5.526 E952.51676 ; infill
G1 X77.241 Y115.640 Z5.746 E952.57980 ; infill
G1 X78.812 Y115.640 Z5.906 E952.64019 ; infill
G1 X80.993 Y115.640 Z6.047 E952.72407 ; infill
G1 X83.635 Y115.640 Z6.144 E952.82562 ; infill
G1 X86.613 Y115.640 Z6.211 E952.94014 ; infill
G1 X89.998 Y115.640 Z6.239 E953.07031 ; infill
G1 X93.384 Y115.640 Z6.211 E953.20048 ; infill
G1 X96.362 Y115.640 Z6.144 E953.31500 ; infill
G1 X99.003 Y115.640 Z6.047 E953.41655 ; infill
G1 X100.968 Y115.640 Z5.925 E953.49209 ; infill
G1 X102.754 Y115.640 Z5.747 E953.56079 ; infill
G1 X104.393 Y115.640 Z5.527 E953.62382 ; infill
G1 X105.914 Y115.640 Z5.279 E953.68233 ; infill
G1 X110.075 Y115.640 Z4.508 E953.84239 ; infill
G1 X111.432 Y115.640 Z4.288 E953.89460 ; infill
G1 X112.828 Y115.640 Z4.111 E953.94828 ; infill
G1 X114.293 Y115.640 Z3.991 E954.00462 ; infill
G1 X115.062 Y115.640 Z3.956 E954.03417 ; infill
G1 X116.764 Y115.640 Z3.948 E954.09964 ; infill
G1 X116.595 Y115.182 Z3.948 E954.11841 ; infill
G1 X114.891 Y115.182 Z3.955 E954.18391 ; infill
G1 X114.129 Y115.182 Z3.989 E954.21323 ; infill
G1 X112.679 Y115.182 Z4.109 E954.26897 ; infill
G1 X111.303 Y115.182 Z4.284 E954.32189 ; infill
G1 X109.970 Y115.182 Z4.503 E954.37315 ; infill
G1 X105.884 Y115.182 Z5.273 E954.53037 ; infill
G1 X104.384 Y115.182 Z5.521 E954.58806 ; infill
G1 X102.763 Y115.182 Z5.743 E954.65040 ; infill
G1 X100.990 Y115.182 Z5.924 E954.71857 ; infill
G1 X99.034 Y115.182 Z6.050 E954.79378 ; infill
G1 X96.395 Y115.182 Z6.152 E954.89527 ; infill
G1 X93.406 Y115.182 Z6.221 E955.01018 ; infill
G1 X89.998 Y115.182 Z6.250 E955.14122 ; infill
G1 X86.590 Y115.182 Z6.221 E955.27226 ; infill
G1 X83.602 Y115.182 Z6.152 E955.38717 ; infill
G1 X80.962 Y115.182 Z6.050 E955.48866 ; infill
G1 X79.006 Y115.182 Z5.924 E955.56389 ; infill
G1 X77.233 Y115.182 Z5.743 E955.63207 ; infill
G1 X75.611 Y115.182 Z5.521 E955.69442 ; infill
G1 X74.111 Y115.182 Z5.272 E955.75213 ; infill
G1 X70.025 Y115.182 Z4.502 E955.90934 ; infill
G1 X68.692 Y115.182 Z4.284 E955.96060 ; infill
G1 X67.316 Y115.182 Z4.108 E956.01352 ; infill
G1 X65.866 Y115.182 Z3.989 E956.06926 ; infill
G1 X65.104 Y115.182 Z3.954 E956.09858 ; infill
G1 X63.405 Y115.182 Z3.948 E956.16392 ; infill
G1 X63.564 Y114.724 Z3.948 E956.18257 ; infill
G1 X65.261 Y114.724 Z3.953 E956.24781 ; infill
G1 X66.014 Y114.724 Z3.987 E956.27678 ; infill
G1 X67.444 Y114.724 Z4.105 E956.33175 ; infill
G1 X68.797 Y114.724 Z4.280 E956.38379 ; infill
G1 X70.108 Y114.724 Z4.497 E956.43423 ; infill
G1 X73.738 Y114.724 Z5.194 E956.57389 ; infill
G1 X75.611 Y114.724 Z5.516 E956.64593 ; infill
G1 X77.217 Y114.724 Z5.739 E956.70769 ; infill
G1 X78.816 Y114.724 Z5.908 E956.76917 ; infill
G1 X80.929 Y114.724 Z6.053 E956.85042 ; infill
G1 X83.569 Y114.724 Z6.159 E956.95192 ; infill
G1 X86.568 Y114.724 Z6.231 E957.06723 ; infill
G1 X89.998 Y114.724 Z6.261 E957.19914 ; infill
G1 X93.429 Y114.724 Z6.231 E957.33105 ; infill
G1 X96.428 Y114.724 Z6.159 E957.44637 ; infill
G1 X99.068 Y114.724 Z6.053 E957.54787 ; infill
G1 X101.017 Y114.724 Z5.923 E957.62283 ; infill
G1 X102.779 Y114.724 Z5.739 E957.69056 ; infill
G1 X104.384 Y114.724 Z5.516 E957.75231 ; infill
G1 X105.866 Y114.724 Z5.266 E957.80929 ; infill
G1 X109.887 Y114.724 Z4.497 E957.96401 ; infill
G1 X111.198 Y114.724 Z4.280 E958.01444 ; infill
G1 X112.551 Y114.724 Z4.106 E958.06649 ; infill
G1 X113.981 Y114.724 Z3.987 E958.12146 ; infill
G1 X114.734 Y114.724 Z3.953 E958.15043 ; infill
G1 X116.425 Y114.724 Z3.948 E958.21544 ; infill
G1 X116.295 Y114.266 Z3.948 E958.23375 ; infill
G1 X114.590 Y114.266 Z3.952 E958.29930 ; infill
G1 X113.843 Y114.266 Z3.985 E958.32803 ; infill
G1 X112.433 Y114.266 Z4.102 E958.38224 ; infill
G1 X111.102 Y114.266 Z4.276 E958.43345 ; infill
G1 X109.813 Y114.266 Z4.492 E958.48302 ; infill
G1 X105.855 Y114.266 Z5.260 E958.63529 ; infill
G1 X104.392 Y114.266 Z5.510 E958.69160 ; infill
G1 X102.800 Y114.266 Z5.736 E958.75279 ; infill
G1 X101.049 Y114.266 Z5.922 E958.82013 ; infill
G1 X99.105 Y114.266 Z6.056 E958.89488 ; infill
G1 X96.464 Y114.266 Z6.166 E958.99643 ; infill
G1 X93.453 Y114.266 Z6.242 E959.11222 ; infill
G1 X89.998 Y114.266 Z6.272 E959.24505 ; infill
G1 X86.544 Y114.266 Z6.242 E959.37788 ; infill
G1 X83.532 Y114.266 Z6.166 E959.49367 ; infill
G1 X80.891 Y114.266 Z6.056 E959.59522 ; infill
G1 X78.947 Y114.266 Z5.922 E959.66999 ; infill
G1 X77.195 Y114.266 Z5.735 E959.73734 ; infill
G1 X75.604 Y114.266 Z5.510 E959.79855 ; infill
G1 X74.140 Y114.266 Z5.259 E959.85487 ; infill
G1 X70.183 Y114.266 Z4.491 E960.00712 ; infill
G1 X68.894 Y114.266 Z4.276 E960.05669 ; infill
G1 X67.562 Y114.266 Z4.102 E960.10791 ; infill
G1 X66.152 Y114.266 Z3.985 E960.16211 ; infill
G1 X65.405 Y114.266 Z3.952 E960.19085 ; infill
G1 X63.707 Y114.266 Z3.948 E960.25613 ; infill
G1 X63.825 Y113.808 Z3.948 E960.27431 ; infill
G1 X65.521 Y113.808 Z3.951 E960.33953 ; infill
G1 X66.261 Y113.808 Z3.983 E960.36798 ; infill
G1 X67.658 Y113.808 Z4.099 E960.42168 ; infill
G1 X68.973 Y113.808 Z4.271 E960.47226 ; infill
G1 X70.243 Y113.808 Z4.486 E960.52111 ; infill
G1 X73.941 Y113.808 Z5.215 E960.66341 ; infill
G1 X75.591 Y113.808 Z5.505 E960.72687 ; infill
G1 X77.169 Y113.808 Z5.732 E960.78759 ; infill
G1 X78.912 Y113.808 Z5.921 E960.85460 ; infill
G1 X80.852 Y113.808 Z6.058 E960.92920 ; infill
G1 X83.496 Y113.808 Z6.173 E961.03085 ; infill
G1 X86.520 Y113.808 Z6.252 E961.14712 ; infill
G1 X89.998 Y113.808 Z6.283 E961.28088 ; infill
G1 X93.477 Y113.808 Z6.252 E961.41464 ; infill
G1 X96.501 Y113.808 Z6.173 E961.53090 ; infill
G1 X99.144 Y113.808 Z6.058 E961.63255 ; infill
G1 X101.084 Y113.808 Z5.921 E961.70713 ; infill
G1 X102.826 Y113.808 Z5.732 E961.77413 ; infill
G1 X104.405 Y113.808 Z5.505 E961.83484 ; infill
G1 X105.853 Y113.808 Z5.253 E961.89054 ; infill
G1 X109.753 Y113.808 Z4.486 E962.04060 ; infill
G1 X111.023 Y113.808 Z4.271 E962.08945 ; infill
G1 X112.015 Y113.808 Z4.141 E962.12760 ; infill
G1 X113.024 Y113.808 Z4.033 E962.16640 ; infill
G1 X113.734 Y113.808 Z3.983 E962.19373 ; infill
G1 X115.248 Y113.808 Z3.937 E962.25191 ; infill
G1 X116.169 Y113.808 Z3.948 E962.28732 ; infill
G1 X116.061 Y113.350 Z3.948 E962.30540 ; infill
G1 X115.139 Y113.350 Z3.936 E962.34087 ; infill
G1 X114.372 Y113.350 Z3.950 E962.37034 ; infill
G1 X113.640 Y113.350 Z3.982 E962.39851 ; infill
G1 X112.259 Y113.350 Z4.096 E962.45161 ; infill
G1 X110.961 Y113.350 Z4.267 E962.50153 ; infill
G1 X109.709 Y113.350 Z4.481 E962.54969 ; infill
G1 X105.860 Y113.350 Z5.247 E962.69780 ; infill
G1 X104.426 Y113.350 Z5.499 E962.75296 ; infill
G1 X102.858 Y113.350 Z5.728 E962.81323 ; infill
G1 X101.124 Y113.350 Z5.920 E962.87993 ; infill
G1 X99.188 Y113.350 Z6.061 E962.95439 ; infill
G1 X96.540 Y113.350 Z6.181 E963.05618 ; infill
G1 X93.502 Y113.350 Z6.262 E963.17299 ; infill
G1 X89.998 Y113.350 Z6.294 E963.30772 ; infill
G1 X86.494 Y113.350 Z6.262 E963.44246 ; infill
G1 X83.456 Y113.350 Z6.181 E963.55927 ; infill
G1 X80.809 Y113.350 Z6.061 E963.66106 ; infill
G1 X78.872 Y113.350 Z5.920 E963.73553 ; infill
G1 X77.137 Y113.350 Z5.728 E963.80225 ; infill
G1 X75.570 Y113.350 Z5.499 E963.86253 ; infill
G1 X74.136 Y113.350 Z5.247 E963.91770 ; infill
G1 X70.287 Y113.350 Z4.480 E964.06580 ; infill
G1 X69.035 Y113.350 Z4.267 E964.11396 ; infill
G1 X67.736 Y113.350 Z4.096 E964.16389 ; infill
G1 X66.356 Y113.350 Z3.982 E964.21698 ; infill
G1 X64.857 Y113.350 Z3.936 E964.27462 ; infill
G1 X63.940 Y113.350 Z3.948 E964.30988 ; infill
G1 X64.013 Y112.892 Z3.948 E964.32771 ; infill
G1 X65.703 Y112.892 Z3.948 E964.39270 ; infill
G1 X66.433 Y112.892 Z3.980 E964.42074 ; infill
G1 X67.804 Y112.892 Z4.093 E964.47346 ; infill
G1 X69.088 Y112.892 Z4.262 E964.52287 ; infill
G1 X70.325 Y112.892 Z4.475 E964.57044 ; infill
G1 X74.125 Y112.892 Z5.240 E964.71668 ; infill
G1 X75.546 Y112.892 Z5.494 E964.77133 ; infill
G1 X77.103 Y112.892 Z5.724 E964.83120 ; infill
G1 X78.831 Y112.892 Z5.919 E964.89765 ; infill
G1 X80.765 Y112.892 Z6.064 E964.97202 ; infill
G1 X83.417 Y112.892 Z6.188 E965.07398 ; infill
G1 X86.469 Y112.892 Z6.272 E965.19134 ; infill
G1 X89.998 Y112.892 Z6.305 E965.32704 ; infill
G1 X93.528 Y112.892 Z6.272 E965.46275 ; infill
G1 X96.580 Y112.892 Z6.188 E965.58010 ; infill
G1 X99.231 Y112.892 Z6.064 E965.68207 ; infill
G1 X101.165 Y112.892 Z5.919 E965.75642 ; infill
G1 X102.893 Y112.892 Z5.724 E965.82285 ; infill
G1 X104.449 Y112.892 Z5.494 E965.88271 ; infill
G1 X105.870 Y112.892 Z5.241 E965.93736 ; infill
G1 X109.670 Y112.892 Z4.475 E966.08361 ; infill
G1 X110.907 Y112.892 Z4.263 E966.13118 ; infill
G1 X112.192 Y112.892 Z4.093 E966.18059 ; infill
G1 X113.563 Y112.892 Z3.980 E966.23330 ; infill
G1 X115.056 Y112.892 Z3.936 E966.29073 ; infill
G1 X115.977 Y112.892 Z3.948 E966.32614 ; infill
G1 X115.907 Y112.435 Z3.948 E966.34394 ; infill
G1 X114.979 Y112.435 Z3.935 E966.37963 ; infill
G1 X114.220 Y112.435 Z3.947 E966.40884 ; infill
G1 X113.496 Y112.435 Z3.978 E966.43668 ; infill
G1 X112.137 Y112.435 Z4.090 E966.48893 ; infill
G1 X110.865 Y112.435 Z4.259 E966.53783 ; infill
G1 X109.642 Y112.435 Z4.470 E966.58486 ; infill
G1 X105.885 Y112.435 Z5.234 E966.72946 ; infill
G1 X104.477 Y112.435 Z5.489 E966.78363 ; infill
G1 X102.930 Y112.435 Z5.721 E966.84312 ; infill
G1 X101.209 Y112.435 Z5.918 E966.90930 ; infill
G1 X99.277 Y112.435 Z6.067 E966.98357 ; infill
G1 X96.621 Y112.435 Z6.195 E967.08571 ; infill
G1 X93.554 Y112.435 Z6.282 E967.20363 ; infill
G1 X89.998 Y112.435 Z6.316 E967.34036 ; infill
G1 X86.442 Y112.435 Z6.282 E967.47709 ; infill
G1 X83.375 Y112.435 Z6.195 E967.59501 ; infill
G1 X80.719 Y112.435 Z6.067 E967.69716 ; infill
G1 X78.787 Y112.435 Z5.918 E967.77144 ; infill
G1 X77.066 Y112.435 Z5.721 E967.83764 ; infill
G1 X75.519 Y112.435 Z5.489 E967.89714 ; infill
G1 X74.110 Y112.435 Z5.234 E967.95132 ; infill
G1 X70.353 Y112.435 Z4.470 E968.09590 ; infill
G1 X69.130 Y112.435 Z4.258 E968.14293 ; infill
G1 X67.859 Y112.435 Z4.090 E968.19183 ; infill
G1 X66.500 Y112.435 Z3.978 E968.24409 ; infill
G1 X65.016 Y112.435 Z3.935 E968.30114 ; infill
G1 X64.087 Y112.435 Z3.948 E968.33688 ; infill
G1 X64.139 Y111.977 Z3.948 E968.35460 ; infill
G1 X65.827 Y111.977 Z3.946 E968.41950 ; infill
G1 X66.549 Y111.977 Z3.976 E968.44726 ; infill
G1 X67.901 Y111.977 Z4.088 E968.49925 ; infill
G1 X69.162 Y111.977 Z4.255 E968.54776 ; infill
G1 X70.373 Y111.977 Z4.465 E968.59432 ; infill
G1 X74.090 Y111.977 Z5.228 E968.73735 ; infill
G1 X75.486 Y111.977 Z5.483 E968.79109 ; infill
G1 X77.024 Y111.977 Z5.717 E968.85024 ; infill
G1 X78.740 Y111.977 Z5.917 E968.91622 ; infill
G1 X80.671 Y111.977 Z6.069 E968.99045 ; infill
G1 X83.333 Y111.977 Z6.202 E969.09282 ; infill
G1 X86.415 Y111.977 Z6.292 E969.21135 ; infill
G1 X89.998 Y111.977 Z6.327 E969.34911 ; infill
G1 X93.581 Y111.977 Z6.292 E969.48687 ; infill
G1 X96.664 Y111.977 Z6.202 E969.60540 ; infill
G1 X99.326 Y111.977 Z6.069 E969.70776 ; infill
G1 X101.256 Y111.977 Z5.917 E969.78198 ; infill
G1 X102.971 Y111.977 Z5.717 E969.84794 ; infill
G1 X104.509 Y111.977 Z5.484 E969.90708 ; infill
G1 X105.906 Y111.977 Z5.228 E969.96081 ; infill
G1 X109.623 Y111.977 Z4.465 E970.10385 ; infill
G1 X110.833 Y111.977 Z4.255 E970.15041 ; infill
G1 X112.095 Y111.977 Z4.088 E970.19893 ; infill
G1 X113.446 Y111.977 Z3.977 E970.25091 ; infill
G1 X114.927 Y111.977 Z3.934 E970.30784 ; infill
G1 X115.854 Y111.977 Z3.948 E970.34350 ; infill
G1 X115.806 Y111.519 Z3.948 E970.36120 ; infill
G1 X114.117 Y111.519 Z3.945 E970.42614 ; infill
G1 X113.399 Y111.519 Z3.975 E970.45376 ; infill
G1 X112.056 Y111.519 Z4.085 E970.50539 ; infill
G1 X110.805 Y111.519 Z4.251 E970.55349 ; infill
G1 X109.607 Y111.519 Z4.461 E970.59959 ; infill
G1 X105.928 Y111.519 Z5.223 E970.74119 ; infill
G1 X104.542 Y111.519 Z5.479 E970.79450 ; infill
G1 X103.013 Y111.519 Z5.714 E970.85330 ; infill
G1 X101.303 Y111.519 Z5.916 E970.91905 ; infill
G1 X99.375 Y111.519 Z6.072 E970.99320 ; infill
G1 X96.707 Y111.519 Z6.209 E971.09578 ; infill
G1 X93.608 Y111.519 Z6.302 E971.21492 ; infill
G1 X89.998 Y111.519 Z6.338 E971.35374 ; infill
G1 X86.388 Y111.519 Z6.302 E971.49255 ; infill
G1 X83.290 Y111.519 Z6.209 E971.61169 ; infill
G1 X80.622 Y111.519 Z6.072 E971.71427 ; infill
G1 X78.712 Y111.519 Z5.918 E971.78769 ; infill
G1 X76.983 Y111.519 Z5.714 E971.85421 ; infill
G1 X75.453 Y111.519 Z5.478 E971.91302 ; infill
G1 X74.068 Y111.519 Z5.222 E971.96634 ; infill
G1 X70.388 Y111.519 Z4.460 E972.10792 ; infill
G1 X69.190 Y111.519 Z4.251 E972.15402 ; infill
G1 X67.939 Y111.519 Z4.085 E972.20212 ; infill
G1 X66.596 Y111.519 Z3.975 E972.25375 ; infill
G1 X65.120 Y111.519 Z3.934 E972.31052 ; infill
G1 X64.176 Y111.519 Z3.948 E972.34681 ; infill
G1 X64.214 Y111.061 Z3.948 E972.36447 ; infill
G1 X65.904 Y111.061 Z3.944 E972.42946 ; infill
G1 X66.621 Y111.061 Z3.973 E972.45703 ; infill
G1 X67.959 Y111.061 Z4.082 E972.50848 ; infill
G1 X69.202 Y111.061 Z4.247 E972.55628 ; infill
G1 X70.391 Y111.061 Z4.456 E972.60200 ; infill
G1 X74.036 Y111.061 Z5.217 E972.74230 ; infill
G1 X75.412 Y111.061 Z5.474 E972.79524 ; infill
G1 X76.934 Y111.061 Z5.711 E972.85376 ; infill
G1 X78.640 Y111.061 Z5.915 E972.91936 ; infill
G1 X80.569 Y111.061 Z6.075 E972.99353 ; infill
G1 X83.244 Y111.061 Z6.217 E973.09639 ; infill
G1 X86.359 Y111.061 Z6.312 E973.21620 ; infill
G1 X89.998 Y111.061 Z6.349 E973.35611 ; infill
G1 X93.637 Y111.061 Z6.312 E973.49602 ; infill
G1 X96.753 Y111.061 Z6.217 E973.61583 ; infill
G1 X99.428 Y111.061 Z6.075 E973.71869 ; infill
G1 X101.356 Y111.061 Z5.915 E973.79284 ; infill
G1 X103.062 Y111.061 Z5.711 E973.85843 ; infill
G1 X104.583 Y111.061 Z5.474 E973.91694 ; infill
G1 X105.959 Y111.061 Z5.217 E973.96987 ; infill
G1 X109.605 Y111.061 Z4.456 E974.11018 ; infill
G1 X110.793 Y111.061 Z4.248 E974.15590 ; infill
G1 X112.036 Y111.061 Z4.083 E974.20370 ; infill
G1 X113.374 Y111.061 Z3.974 E974.25515 ; infill
G1 X114.847 Y111.061 Z3.933 E974.31177 ; infill
G1 X115.776 Y111.061 Z3.947 E974.34748 ; infill
G1 X115.759 Y110.603 Z3.947 E974.36510 ; infill
G1 X114.066 Y110.603 Z3.943 E974.43018 ; infill
G1 X113.350 Y110.603 Z3.972 E974.45771 ; infill
G1 X112.017 Y110.603 Z4.080 E974.50897 ; infill
G1 X110.781 Y110.603 Z4.244 E974.55648 ; infill
G1 X109.603 Y110.603 Z4.452 E974.60183 ; infill
G1 X105.991 Y110.603 Z5.212 E974.74084 ; infill
G1 X104.624 Y110.603 Z5.469 E974.79340 ; infill
G1 X103.111 Y110.603 Z5.708 E974.85162 ; infill
G1 X101.410 Y110.603 Z5.915 E974.91704 ; infill
G1 X99.481 Y110.603 Z6.078 E974.99119 ; infill
G1 X96.799 Y110.603 Z6.224 E975.09433 ; infill
G1 X93.666 Y110.603 Z6.322 E975.21479 ; infill
G1 X89.998 Y110.603 Z6.360 E975.35581 ; infill
G1 X88.092 Y110.603 Z6.350 E975.42911 ; infill
G1 X84.703 Y110.603 Z6.280 E975.55943 ; infill
G1 X81.805 Y110.603 Z6.156 E975.67085 ; infill
G1 X79.461 Y110.603 Z5.997 E975.76099 ; infill
G1 X77.651 Y110.603 Z5.808 E975.83059 ; infill
G1 X76.830 Y110.603 Z5.700 E975.86215 ; infill
G1 X75.371 Y110.603 Z5.469 E975.91827 ; infill
G1 X74.005 Y110.603 Z5.212 E975.97084 ; infill
G1 X70.393 Y110.603 Z4.452 E976.10984 ; infill
G1 X69.214 Y110.603 Z4.244 E976.15519 ; infill
G1 X67.979 Y110.603 Z4.080 E976.20270 ; infill
G1 X66.645 Y110.603 Z3.972 E976.25396 ; infill
G1 X65.174 Y110.603 Z3.932 E976.31054 ; infill
G1 X64.235 Y110.603 Z3.947 E976.34666 ; infill
G1 X64.229 Y110.145 Z3.948 E976.36427 ; infill
G1 X65.178 Y110.145 Z3.932 E976.40078 ; infill
G1 X65.932 Y110.145 Z3.942 E976.42975 ; infill
G1 X66.645 Y110.145 Z3.971 E976.45718 ; infill
G1 X67.973 Y110.145 Z4.078 E976.50822 ; infill
G1 X69.201 Y110.145 Z4.241 E976.55546 ; infill
G1 X70.372 Y110.145 Z4.447 E976.60050 ; infill
G1 X73.959 Y110.145 Z5.206 E976.73854 ; infill
G1 X75.318 Y110.145 Z5.465 E976.79083 ; infill
G1 X76.827 Y110.145 Z5.705 E976.84887 ; infill
G1 X78.526 Y110.145 Z5.914 E976.91421 ; infill
G1 X80.456 Y110.145 Z6.081 E976.98843 ; infill
G1 X83.148 Y110.145 Z6.231 E977.09193 ; infill
G1 X86.300 Y110.145 Z6.332 E977.21314 ; infill
G1 X89.998 Y110.145 Z6.371 E977.35533 ; infill
G1 X93.696 Y110.145 Z6.332 E977.49752 ; infill
G1 X96.849 Y110.145 Z6.231 E977.61874 ; infill
G1 X99.540 Y110.145 Z6.081 E977.72223 ; infill
G1 X101.470 Y110.145 Z5.914 E977.79644 ; infill
G1 X103.169 Y110.145 Z5.705 E977.86177 ; infill
G1 X104.678 Y110.145 Z5.465 E977.91979 ; infill
G1 X106.036 Y110.145 Z5.207 E977.97208 ; infill
G1 X109.623 Y110.145 Z4.448 E978.11012 ; infill
G1 X110.794 Y110.145 Z4.241 E978.15517 ; infill
G1 X112.023 Y110.145 Z4.078 E978.20240 ; infill
G1 X113.350 Y110.145 Z3.971 E978.25344 ; infill
G1 X114.063 Y110.145 Z3.942 E978.28087 ; infill
G1 X115.750 Y110.145 Z3.947 E978.34573 ; infill
G1 X115.764 Y109.687 Z3.947 E978.36334 ; infill
G1 X114.824 Y109.687 Z3.931 E978.39948 ; infill
G1 X113.356 Y109.687 Z3.969 E978.45592 ; infill
G1 X112.031 Y109.687 Z4.076 E978.50685 ; infill
G1 X110.808 Y109.687 Z4.238 E978.55388 ; infill
G1 X109.645 Y109.687 Z4.443 E978.59865 ; infill
G1 X106.084 Y109.687 Z5.202 E978.73568 ; infill
G1 X104.732 Y109.687 Z5.461 E978.78769 ; infill
G1 X103.229 Y109.687 Z5.702 E978.84552 ; infill
G1 X102.407 Y109.687 Z5.812 E978.87711 ; infill
G1 X100.598 Y109.687 Z6.005 E978.94668 ; infill
G1 X98.303 Y109.687 Z6.167 E979.03493 ; infill
G1 X95.377 Y109.687 Z6.298 E979.14746 ; infill
G1 X91.938 Y109.687 Z6.371 E979.27969 ; infill
G1 X89.998 Y109.687 Z6.382 E979.35426 ; infill
G1 X86.270 Y109.687 Z6.342 E979.49762 ; infill
G1 X83.098 Y109.687 Z6.239 E979.61958 ; infill
G1 X80.396 Y109.687 Z6.084 E979.72346 ; infill
G1 X78.464 Y109.687 Z5.914 E979.79777 ; infill
G1 X76.767 Y109.687 Z5.702 E979.86304 ; infill
G1 X75.263 Y109.687 Z5.460 E979.92087 ; infill
G1 X73.911 Y109.687 Z5.201 E979.97288 ; infill
G1 X70.351 Y109.687 Z4.443 E980.10991 ; infill
G1 X69.187 Y109.687 Z4.237 E980.15468 ; infill
G1 X67.964 Y109.687 Z4.075 E980.20171 ; infill
G1 X66.639 Y109.687 Z3.969 E980.25265 ; infill
G1 X65.926 Y109.687 Z3.941 E980.28008 ; infill
G1 X64.223 Y109.687 Z3.947 E980.34555 ; infill
G1 X64.214 Y109.230 Z3.947 E980.36316 ; infill
G1 X65.150 Y109.230 Z3.931 E980.39914 ; infill
G1 X66.613 Y109.230 Z3.968 E980.45541 ; infill
G1 X67.932 Y109.230 Z4.073 E980.50615 ; infill
G1 X69.150 Y109.230 Z4.234 E980.55295 ; infill
G1 X70.307 Y109.230 Z4.439 E980.59748 ; infill
G1 X73.849 Y109.230 Z5.197 E980.73379 ; infill
G1 X75.196 Y109.230 Z5.456 E980.78562 ; infill
G1 X76.697 Y109.230 Z5.699 E980.84336 ; infill
G1 X78.394 Y109.230 Z5.914 E980.90862 ; infill
G1 X80.330 Y109.230 Z6.087 E980.98308 ; infill
G1 X81.632 Y109.230 Z6.172 E981.03314 ; infill
G1 X83.619 Y109.230 Z6.269 E981.10951 ; infill
G1 X86.237 Y109.230 Z6.353 E981.21021 ; infill
G1 X89.998 Y109.230 Z6.393 E981.35482 ; infill
G1 X93.759 Y109.230 Z6.353 E981.49942 ; infill
G1 X96.953 Y109.230 Z6.246 E981.62222 ; infill
G1 X98.364 Y109.230 Z6.172 E981.67650 ; infill
G1 X100.667 Y109.230 Z6.006 E981.76503 ; infill
G1 X102.478 Y109.230 Z5.811 E981.83467 ; infill
G1 X104.071 Y109.230 Z5.581 E981.89595 ; infill
G1 X106.147 Y109.230 Z5.197 E981.97579 ; infill
G1 X109.688 Y109.230 Z4.439 E982.11212 ; infill
G1 X110.846 Y109.230 Z4.234 E982.15664 ; infill
G1 X112.063 Y109.230 Z4.073 E982.20345 ; infill
G1 X113.382 Y109.230 Z3.968 E982.25418 ; infill
G1 X114.094 Y109.230 Z3.940 E982.28152 ; infill
G1 X115.785 Y109.230 Z3.947 E982.34656 ; infill
G1 X115.834 Y108.772 Z3.946 E982.36426 ; infill
G1 X114.897 Y108.772 Z3.930 E982.40028 ; infill
G1 X113.430 Y108.772 Z3.967 E982.45668 ; infill
G1 X112.111 Y108.772 Z4.071 E982.50741 ; infill
G1 X110.896 Y108.772 Z4.231 E982.55412 ; infill
G1 X109.743 Y108.772 Z4.436 E982.59848 ; infill
G1 X106.217 Y108.772 Z5.192 E982.73420 ; infill
G1 X104.874 Y108.772 Z5.453 E982.78588 ; infill
G1 X103.375 Y108.772 Z5.697 E982.84354 ; infill
G1 X102.553 Y108.772 Z5.810 E982.87514 ; infill
G1 X100.739 Y108.772 Z6.008 E982.94491 ; infill
G1 X98.427 Y108.772 Z6.178 E983.03379 ; infill
G1 X95.466 Y108.772 Z6.316 E983.14764 ; infill
G1 X91.973 Y108.772 Z6.393 E983.28197 ; infill
G1 X89.998 Y108.772 Z6.405 E983.35789 ; infill
G1 X87.909 Y108.772 Z6.391 E983.43821 ; infill
G1 X84.530 Y108.772 Z6.316 E983.56814 ; infill
G1 X81.569 Y108.772 Z6.178 E983.68199 ; infill
G1 X79.028 Y108.772 Z5.985 E983.77972 ; infill
G1 X77.443 Y108.772 Z5.810 E983.84066 ; infill
G1 X75.656 Y108.772 Z5.545 E983.90938 ; infill
G1 X73.778 Y108.772 Z5.192 E983.98163 ; infill
G1 X70.252 Y108.772 Z4.435 E984.11734 ; infill
G1 X69.099 Y108.772 Z4.231 E984.16170 ; infill
G1 X67.884 Y108.772 Z4.071 E984.20841 ; infill
G1 X66.565 Y108.772 Z3.967 E984.25915 ; infill
G1 X65.853 Y108.772 Z3.939 E984.28654 ; infill
G1 X64.168 Y108.772 Z3.946 E984.35132 ; infill
G1 X64.097 Y108.314 Z3.946 E984.36913 ; infill
G1 X65.042 Y108.314 Z3.930 E984.40545 ; infill
G1 X66.505 Y108.314 Z3.965 E984.46169 ; infill
G1 X67.820 Y108.314 Z4.069 E984.51227 ; infill
G1 X69.031 Y108.314 Z4.228 E984.55882 ; infill
G1 X70.180 Y108.314 Z4.431 E984.60302 ; infill
G1 X73.695 Y108.314 Z5.187 E984.73833 ; infill
G1 X75.037 Y108.314 Z5.449 E984.78996 ; infill
G1 X76.537 Y108.314 Z5.695 E984.84765 ; infill
G1 X77.360 Y108.314 Z5.808 E984.87930 ; infill
G1 X79.180 Y108.314 Z6.010 E984.94928 ; infill
G1 X81.502 Y108.314 Z6.184 E985.03857 ; infill
G1 X84.482 Y108.314 Z6.325 E985.15318 ; infill
G1 X88.005 Y108.314 Z6.404 E985.28863 ; infill
G1 X89.998 Y108.314 Z6.416 E985.36526 ; infill
G1 X91.991 Y108.314 Z6.404 E985.44190 ; infill
G1 X95.514 Y108.314 Z6.325 E985.57735 ; infill
G1 X98.495 Y108.314 Z6.184 E985.69196 ; infill
G1 X100.817 Y108.314 Z6.010 E985.78124 ; infill
G1 X102.636 Y108.314 Z5.809 E985.85120 ; infill
G1 X104.231 Y108.314 Z5.575 E985.91255 ; infill
G1 X106.300 Y108.314 Z5.188 E985.99215 ; infill
G1 X109.816 Y108.314 Z4.432 E986.12747 ; infill
G1 X110.965 Y108.314 Z4.228 E986.17167 ; infill
G1 X112.175 Y108.314 Z4.069 E986.21822 ; infill
G1 X113.491 Y108.314 Z3.966 E986.26879 ; infill
G1 X114.201 Y108.314 Z3.938 E986.29610 ; infill
G1 X115.896 Y108.314 Z3.946 E986.36127 ; infill
G1 X115.982 Y107.856 Z3.945 E986.37918 ; infill
G1 X115.064 Y107.856 Z3.929 E986.41448 ; infill
G1 X113.595 Y107.856 Z3.964 E986.47098 ; infill
G1 X112.276 Y107.856 Z4.067 E986.52170 ; infill
G1 X111.064 Y107.856 Z4.225 E986.56831 ; infill
G1 X109.915 Y107.856 Z4.428 E986.61251 ; infill
G1 X106.401 Y107.856 Z5.183 E986.74777 ; infill
G1 X105.058 Y107.856 Z5.445 E986.79944 ; infill
G1 X103.555 Y107.856 Z5.693 E986.85726 ; infill
G1 X102.729 Y107.856 Z5.808 E986.88901 ; infill
G1 X100.901 Y107.856 Z6.012 E986.95928 ; infill
G1 X98.566 Y107.856 Z6.190 E987.04908 ; infill
G1 X95.563 Y107.856 Z6.334 E987.16454 ; infill
G1 X92.010 Y107.856 Z6.415 E987.30117 ; infill
G1 X89.998 Y107.856 Z6.427 E987.37852 ; infill
G1 X87.987 Y107.856 Z6.415 E987.45587 ; infill
G1 X84.433 Y107.856 Z6.334 E987.59250 ; infill
G1 X81.431 Y107.856 Z6.190 E987.70796 ; infill
G1 X79.095 Y107.856 Z6.012 E987.79777 ; infill
G1 X77.267 Y107.856 Z5.808 E987.86806 ; infill
G1 X75.667 Y107.856 Z5.572 E987.92960 ; infill
G1 X73.595 Y107.856 Z5.183 E988.00932 ; infill
G1 X70.081 Y107.856 Z4.428 E988.14457 ; infill
G1 X68.932 Y107.856 Z4.225 E988.18877 ; infill
G1 X67.720 Y107.856 Z4.067 E988.23538 ; infill
G1 X66.400 Y107.856 Z3.964 E988.28610 ; infill
G1 X65.687 Y107.856 Z3.938 E988.31353 ; infill
G1 X64.013 Y107.856 Z3.945 E988.37789 ; infill
G1 X63.901 Y107.398 Z3.945 E988.39602 ; infill
G1 X64.820 Y107.398 Z3.929 E988.43136 ; infill
G1 X66.293 Y107.398 Z3.963 E988.48801 ; infill
G1 X67.612 Y107.398 Z4.065 E988.53871 ; infill
G1 X68.823 Y107.398 Z4.222 E988.58530 ; infill
G1 X69.972 Y107.398 Z4.424 E988.62948 ; infill
G1 X73.487 Y107.398 Z5.179 E988.76478 ; infill
G1 X74.833 Y107.398 Z5.442 E988.81656 ; infill
G1 X76.341 Y107.398 Z5.691 E988.87456 ; infill
G1 X77.170 Y107.398 Z5.807 E988.90644 ; infill
G1 X79.006 Y107.398 Z6.014 E988.97707 ; infill
G1 X81.356 Y107.398 Z6.195 E989.06744 ; infill
G1 X84.382 Y107.398 Z6.343 E989.18378 ; infill
G1 X87.967 Y107.398 Z6.426 E989.32163 ; infill
G1 X89.998 Y107.398 Z6.438 E989.39972 ; infill
G1 X92.029 Y107.398 Z6.426 E989.47781 ; infill
G1 X95.614 Y107.398 Z6.343 E989.61566 ; infill
G1 X98.640 Y107.398 Z6.195 E989.73200 ; infill
G1 X100.990 Y107.398 Z6.014 E989.82236 ; infill
G1 X102.826 Y107.398 Z5.807 E989.89297 ; infill
G1 X104.432 Y107.398 Z5.569 E989.95472 ; infill
G1 X106.508 Y107.398 Z5.179 E990.03461 ; infill
G1 X110.024 Y107.398 Z4.424 E990.16991 ; infill
G1 X111.172 Y107.398 Z4.222 E990.21410 ; infill
G1 X112.384 Y107.398 Z4.065 E990.26069 ; infill
G1 X113.702 Y107.398 Z3.963 E990.31138 ; infill
G1 X114.416 Y107.398 Z3.937 E990.33881 ; infill
G1 X116.090 Y107.398 Z3.944 E990.40321 ; infill
G1 X116.242 Y106.940 Z3.943 E990.42175 ; infill
G1 X115.344 Y106.940 Z3.928 E990.45628 ; infill
G1 X113.864 Y106.940 Z3.962 E990.51317 ; infill
G1 X112.538 Y106.940 Z4.063 E990.56418 ; infill
G1 X111.320 Y106.940 Z4.219 E990.61099 ; infill
G1 X110.167 Y106.940 Z4.421 E990.65536 ; infill
G1 X106.638 Y106.940 Z5.175 E990.79119 ; infill
G1 X105.286 Y106.940 Z5.439 E990.84321 ; infill
G1 X103.770 Y106.940 Z5.690 E990.90153 ; infill
G1 X102.936 Y106.940 Z5.807 E990.93360 ; infill
G1 X101.087 Y106.940 Z6.016 E991.00469 ; infill
G1 X98.719 Y106.940 Z6.202 E991.09574 ; infill
G1 X95.667 Y106.940 Z6.352 E991.21309 ; infill
G1 X92.049 Y106.940 Z6.436 E991.35223 ; infill
G1 X89.998 Y106.940 Z6.449 E991.43107 ; infill
G1 X87.948 Y106.940 Z6.436 E991.50991 ; infill
G1 X84.329 Y106.940 Z6.352 E991.64904 ; infill
G1 X81.277 Y106.940 Z6.202 E991.76639 ; infill
G1 X78.909 Y106.940 Z6.016 E991.85745 ; infill
G1 X77.060 Y106.940 Z5.806 E991.92856 ; infill
G1 X75.444 Y106.940 Z5.567 E991.99070 ; infill
G1 X73.357 Y106.940 Z5.175 E992.07100 ; infill
G1 X69.828 Y106.940 Z4.420 E992.20682 ; infill
G1 X68.675 Y106.940 Z4.219 E992.25118 ; infill
G1 X67.458 Y106.940 Z4.063 E992.29800 ; infill
G1 X66.131 Y106.940 Z3.962 E992.34901 ; infill
G1 X65.413 Y106.940 Z3.936 E992.37661 ; infill
G1 X63.752 Y106.940 Z3.943 E992.44047 ; infill
G1 X63.579 Y106.483 Z3.942 E992.45929 ; infill
G1 X64.457 Y106.483 Z3.928 E992.49304 ; infill
G1 X65.943 Y106.483 Z3.960 E992.55018 ; infill
G1 X67.276 Y106.483 Z4.061 E992.60143 ; infill
G1 X68.500 Y106.483 Z4.217 E992.64850 ; infill
G1 X69.660 Y106.483 Z4.417 E992.69312 ; infill
G1 X73.211 Y106.483 Z5.172 E992.82980 ; infill
G1 X74.573 Y106.483 Z5.436 E992.88219 ; infill
G1 X76.100 Y106.483 Z5.689 E992.94095 ; infill
G1 X76.941 Y106.483 Z5.806 E992.97327 ; infill
G1 X78.805 Y106.483 Z6.019 E993.04495 ; infill
G1 X81.193 Y106.483 Z6.208 E993.13679 ; infill
G1 X84.273 Y106.483 Z6.362 E993.25523 ; infill
G1 X87.927 Y106.483 Z6.447 E993.39572 ; infill
G1 X89.998 Y106.483 Z6.460 E993.47535 ; infill
G1 X92.069 Y106.483 Z6.447 E993.55498 ; infill
G1 X95.723 Y106.483 Z6.362 E993.69547 ; infill
G1 X98.803 Y106.483 Z6.208 E993.81391 ; infill
G1 X101.191 Y106.483 Z6.019 E993.90573 ; infill
G1 X103.055 Y106.483 Z5.807 E993.97740 ; infill
G1 X104.683 Y106.483 Z5.565 E994.04000 ; infill
G1 X106.784 Y106.483 Z5.172 E994.12085 ; infill
G1 X110.336 Y106.483 Z4.417 E994.25754 ; infill
G1 X111.496 Y106.483 Z4.217 E994.30216 ; infill
G1 X112.720 Y106.483 Z4.061 E994.34922 ; infill
G1 X114.052 Y106.483 Z3.960 E994.40047 ; infill
G1 X114.773 Y106.483 Z3.935 E994.42820 ; infill
G1 X116.419 Y106.483 Z3.942 E994.49145 ; infill
G1 X116.631 Y106.025 Z3.941 E994.51086 ; infill
G1 X115.764 Y106.025 Z3.927 E994.54418 ; infill
G1 X114.265 Y106.025 Z3.959 E994.60182 ; infill
G1 X112.923 Y106.025 Z4.059 E994.65342 ; infill
G1 X111.691 Y106.025 Z4.214 E994.70083 ; infill
G1 X110.522 Y106.025 Z4.414 E994.74579 ; infill
G1 X106.941 Y106.025 Z5.169 E994.88359 ; infill
G1 X105.568 Y106.025 Z5.434 E994.93642 ; infill
G1 X104.073 Y106.025 Z5.681 E994.99395 ; infill
G1 X103.180 Y106.025 Z5.807 E995.02827 ; infill
G1 X101.300 Y106.025 Z6.021 E995.10058 ; infill
G1 X98.890 Y106.025 Z6.214 E995.19325 ; infill
G1 X95.780 Y106.025 Z6.371 E995.31282 ; infill
G1 X92.090 Y106.025 Z6.458 E995.45471 ; infill
G1 X89.998 Y106.025 Z6.471 E995.53513 ; infill
G1 X87.907 Y106.025 Z6.458 E995.61556 ; infill
G1 X84.216 Y106.025 Z6.371 E995.75745 ; infill
G1 X81.107 Y106.025 Z6.214 E995.87702 ; infill
G1 X78.696 Y106.025 Z6.021 E995.96970 ; infill
G1 X76.816 Y106.025 Z5.807 E996.04202 ; infill
G1 X75.174 Y106.025 Z5.563 E996.10518 ; infill
G1 X73.054 Y106.025 Z5.168 E996.18673 ; infill
G1 X69.473 Y106.025 Z4.414 E996.32452 ; infill
G1 X68.305 Y106.025 Z4.214 E996.36948 ; infill
G1 X67.072 Y106.025 Z4.059 E996.41689 ; infill
G1 X65.740 Y106.025 Z3.960 E996.46810 ; infill
G1 X65.003 Y106.025 Z3.934 E996.49644 ; infill
G1 X63.370 Y106.025 Z3.941 E996.55923 ; infill
G1 X63.123 Y105.567 Z3.940 E996.57923 ; infill
G1 X63.960 Y105.567 Z3.926 E996.61139 ; infill
G1 X65.472 Y105.567 Z3.958 E996.66956 ; infill
G1 X66.829 Y105.567 Z4.057 E996.72173 ; infill
G1 X68.075 Y105.567 Z4.211 E996.76966 ; infill
G1 X69.257 Y105.567 Z4.411 E996.81511 ; infill
G1 X72.876 Y105.567 Z5.166 E996.95439 ; infill
G1 X74.264 Y105.567 Z5.432 E997.00780 ; infill
G1 X75.821 Y105.567 Z5.687 E997.06770 ; infill
G1 X76.678 Y105.567 Z5.807 E997.10065 ; infill
G1 X78.579 Y105.567 Z6.025 E997.17374 ; infill
G1 X81.015 Y105.567 Z6.221 E997.26739 ; infill
G1 X84.157 Y105.567 Z6.381 E997.38821 ; infill
G1 X87.885 Y105.567 Z6.469 E997.53157 ; infill
G1 X89.998 Y105.567 Z6.482 E997.61282 ; infill
G1 X92.111 Y105.567 Z6.469 E997.69406 ; infill
G1 X95.840 Y105.567 Z6.381 E997.83742 ; infill
G1 X98.982 Y105.567 Z6.221 E997.95825 ; infill
G1 X101.417 Y105.567 Z6.025 E998.05189 ; infill
G1 X103.317 Y105.567 Z5.807 E998.12496 ; infill
G1 X104.977 Y105.567 Z5.562 E998.18878 ; infill
G1 X107.119 Y105.567 Z5.166 E998.27119 ; infill
G1 X110.738 Y105.567 Z4.411 E998.41048 ; infill
G1 X111.920 Y105.567 Z4.212 E998.45593 ; infill
G1 X113.166 Y105.567 Z4.057 E998.50386 ; infill
G1 X114.523 Y105.567 Z3.958 E998.55604 ; infill
G1 X115.257 Y105.567 Z3.933 E998.58426 ; infill
G1 X116.865 Y105.567 Z3.939 E998.64607 ; infill
G1 X117.160 Y105.109 Z3.939 E998.66703 ; infill
G1 X116.324 Y105.109 Z3.926 E998.69917 ; infill
G1 X114.797 Y105.109 Z3.957 E998.75790 ; infill
G1 X113.426 Y105.109 Z4.055 E998.81063 ; infill
G1 X112.165 Y105.109 Z4.209 E998.85909 ; infill
G1 X110.970 Y105.109 Z4.408 E998.90509 ; infill
G1 X107.306 Y105.109 Z5.163 E999.04609 ; infill
G1 X105.338 Y105.109 Z5.527 E999.12179 ; infill
G1 X103.460 Y105.109 Z5.808 E999.19403 ; infill
G1 X101.539 Y105.109 Z6.028 E999.26791 ; infill
G1 X99.077 Y105.109 Z6.227 E999.36256 ; infill
G1 X95.901 Y105.109 Z6.390 E999.48468 ; infill
G1 X92.133 Y105.109 Z6.480 E999.62955 ; infill
G1 X89.998 Y105.109 Z6.493 E999.71164 ; infill
G1 X87.863 Y105.109 Z6.480 E999.79373 ; infill
G1 X84.096 Y105.109 Z6.390 E999.93860 ; infill
G1 X80.920 Y105.109 Z6.227 E1000.06072 ; infill
G1 X78.458 Y105.109 Z6.028 E1000.15539 ; infill
G1 X76.536 Y105.109 Z5.808 E1000.22928 ; infill
G1 X74.857 Y105.109 Z5.561 E1000.29384 ; infill
G1 X72.689 Y105.109 Z5.163 E1000.37724 ; infill
G1 X69.026 Y105.109 Z4.408 E1000.51824 ; infill
G1 X67.830 Y105.109 Z4.209 E1000.56423 ; infill
G1 X66.570 Y105.109 Z4.055 E1000.61270 ; infill
G1 X65.394 Y105.109 Z3.968 E1000.65791 ; infill
G1 X64.457 Y105.109 Z3.932 E1000.69393 ; infill
G1 X62.855 Y105.109 Z3.938 E1000.75552 ; infill
G1 X62.546 Y104.651 Z3.937 E1000.77676 ; infill
G1 X64.050 Y104.651 Z3.931 E1000.83459 ; infill
G1 X64.904 Y104.651 Z3.956 E1000.86742 ; infill
G1 X66.292 Y104.651 Z4.054 E1000.92081 ; infill
G1 X67.569 Y104.651 Z4.207 E1000.96991 ; infill
G1 X68.780 Y104.651 Z4.406 E1001.01649 ; infill
G1 X72.492 Y104.651 Z5.161 E1001.15933 ; infill
G1 X74.688 Y104.651 Z5.561 E1001.24379 ; infill
G1 X76.387 Y104.651 Z5.809 E1001.30914 ; infill
G1 X78.331 Y104.651 Z6.032 E1001.38391 ; infill
G1 X80.821 Y104.651 Z6.234 E1001.47966 ; infill
G1 X84.033 Y104.651 Z6.400 E1001.60314 ; infill
G1 X87.841 Y104.651 Z6.491 E1001.74958 ; infill
G1 X89.998 Y104.651 Z6.504 E1001.83252 ; infill
G1 X92.155 Y104.651 Z6.491 E1001.91547 ; infill
G1 X95.964 Y104.651 Z6.400 E1002.06190 ; infill
G1 X99.175 Y104.651 Z6.234 E1002.18539 ; infill
G1 X101.665 Y104.651 Z6.032 E1002.28112 ; infill
G1 X103.609 Y104.651 Z5.810 E1002.35588 ; infill
G1 X105.308 Y104.651 Z5.561 E1002.42122 ; infill
G1 X107.503 Y104.651 Z5.161 E1002.50567 ; infill
G1 X111.215 Y104.651 Z4.406 E1002.64851 ; infill
G1 X112.426 Y104.651 Z4.207 E1002.69510 ; infill
G1 X113.703 Y104.651 Z4.054 E1002.74419 ; infill
G1 X115.092 Y104.651 Z3.956 E1002.79758 ; infill
G1 X115.842 Y104.651 Z3.932 E1002.82644 ; infill
G1 X117.456 Y104.651 Z3.938 E1002.88851 ; infill
G1 X117.778 Y104.193 Z3.937 E1002.91002 ; infill
G1 X116.166 Y104.193 Z3.931 E1002.97201 ; infill
G1 X115.406 Y104.193 Z3.955 E1003.00122 ; infill
G1 X114.000 Y104.193 Z4.052 E1003.05529 ; infill
G1 X112.706 Y104.193 Z4.206 E1003.10503 ; infill
G1 X111.478 Y104.193 Z4.404 E1003.15228 ; infill
G1 X107.712 Y104.193 Z5.160 E1003.29718 ; infill
G1 X105.842 Y104.193 Z5.502 E1003.36914 ; infill
G1 X103.766 Y104.193 Z5.811 E1003.44899 ; infill
G1 X101.797 Y104.193 Z6.036 E1003.52469 ; infill
G1 X99.278 Y104.193 Z6.241 E1003.62157 ; infill
G1 X96.029 Y104.193 Z6.409 E1003.74648 ; infill
G1 X92.179 Y104.193 Z6.502 E1003.89454 ; infill
G1 X89.998 Y104.193 Z6.515 E1003.97837 ; infill
G1 X87.818 Y104.193 Z6.502 E1004.06220 ; infill
G1 X83.967 Y104.193 Z6.409 E1004.21026 ; infill
G1 X80.719 Y104.193 Z6.241 E1004.33517 ; infill
G1 X78.199 Y104.193 Z6.036 E1004.43207 ; infill
G1 X76.230 Y104.193 Z5.811 E1004.50778 ; infill
G1 X74.509 Y104.193 Z5.561 E1004.57398 ; infill
G1 X72.283 Y104.193 Z5.160 E1004.65961 ; infill
G1 X68.517 Y104.193 Z4.404 E1004.80451 ; infill
G1 X67.289 Y104.193 Z4.205 E1004.85175 ; infill
G1 X65.995 Y104.193 Z4.052 E1004.90150 ; infill
G1 X64.951 Y104.193 Z3.975 E1004.94166 ; infill
G1 X63.829 Y104.193 Z3.931 E1004.98478 ; infill
G1 X62.218 Y104.193 Z3.937 E1005.04673 ; infill
G1 X61.872 Y103.735 Z3.936 E1005.06880 ; infill
G1 X63.499 Y103.735 Z3.931 E1005.13135 ; infill
G1 X64.268 Y103.735 Z3.954 E1005.16093 ; infill
G1 X65.692 Y103.735 Z4.051 E1005.21570 ; infill
G1 X67.004 Y103.735 Z4.204 E1005.26613 ; infill
G1 X68.376 Y103.735 Z4.425 E1005.31891 ; infill
G1 X72.069 Y103.735 Z5.158 E1005.46102 ; infill
G1 X74.326 Y103.735 Z5.561 E1005.54784 ; infill
G1 X76.071 Y103.735 Z5.813 E1005.61493 ; infill
G1 X78.064 Y103.735 Z6.040 E1005.69160 ; infill
G1 X80.615 Y103.735 Z6.249 E1005.78967 ; infill
G1 X83.901 Y103.735 Z6.419 E1005.91604 ; infill
G1 X85.766 Y103.735 Z6.476 E1005.98775 ; infill
G1 X87.795 Y103.735 Z6.513 E1006.06574 ; infill
G1 X89.998 Y103.735 Z6.526 E1006.15047 ; infill
G1 X92.202 Y103.735 Z6.513 E1006.23520 ; infill
G1 X94.230 Y103.735 Z6.476 E1006.31319 ; infill
G1 X96.095 Y103.735 Z6.419 E1006.38490 ; infill
G1 X99.382 Y103.735 Z6.249 E1006.51127 ; infill
G1 X101.932 Y103.735 Z6.040 E1006.60933 ; infill
G1 X103.925 Y103.735 Z5.813 E1006.68598 ; infill
G1 X105.669 Y103.735 Z5.561 E1006.75306 ; infill
G1 X107.926 Y103.735 Z5.159 E1006.83986 ; infill
G1 X111.746 Y103.735 Z4.402 E1006.98686 ; infill
G1 X112.992 Y103.735 Z4.204 E1007.03477 ; infill
G1 X114.303 Y103.735 Z4.051 E1007.08519 ; infill
G1 X115.727 Y103.735 Z3.954 E1007.13996 ; infill
G1 X116.497 Y103.735 Z3.931 E1007.16954 ; infill
G1 X118.131 Y103.735 Z3.937 E1007.23241 ; infill
G1 X118.488 Y103.278 Z3.936 E1007.25473 ; infill
G1 X116.840 Y103.278 Z3.930 E1007.31812 ; infill
G1 X116.060 Y103.278 Z3.954 E1007.34809 ; infill
G1 X114.617 Y103.278 Z4.050 E1007.40359 ; infill
G1 X113.287 Y103.278 Z4.203 E1007.45471 ; infill
G1 X112.024 Y103.278 Z4.401 E1007.50330 ; infill
G1 X108.148 Y103.278 Z5.158 E1007.65243 ; infill
G1 X106.363 Y103.278 Z5.480 E1007.72111 ; infill
G1 X104.092 Y103.278 Z5.816 E1007.80845 ; infill
G1 X102.072 Y103.278 Z6.045 E1007.88611 ; infill
G1 X99.490 Y103.278 Z6.256 E1007.98541 ; infill
G1 X96.164 Y103.278 Z6.429 E1008.11330 ; infill
G1 X94.277 Y103.278 Z6.487 E1008.18585 ; infill
G1 X92.226 Y103.278 Z6.524 E1008.26472 ; infill
G1 X89.998 Y103.278 Z6.537 E1008.35038 ; infill
G1 X87.771 Y103.278 Z6.524 E1008.43604 ; infill
G1 X85.719 Y103.278 Z6.487 E1008.51491 ; infill
G1 X83.833 Y103.278 Z6.429 E1008.58745 ; infill
G1 X80.506 Y103.278 Z6.256 E1008.71535 ; infill
G1 X77.924 Y103.278 Z6.045 E1008.81465 ; infill
G1 X75.904 Y103.278 Z5.816 E1008.89233 ; infill
G1 X74.136 Y103.278 Z5.562 E1008.96034 ; infill
G1 X71.847 Y103.278 Z5.158 E1009.04839 ; infill
G1 X67.971 Y103.278 Z4.400 E1009.19750 ; infill
G1 X66.708 Y103.278 Z4.203 E1009.24609 ; infill
G1 X65.378 Y103.278 Z4.050 E1009.29721 ; infill
G1 X63.935 Y103.278 Z3.954 E1009.35272 ; infill
G1 X63.155 Y103.278 Z3.930 E1009.38269 ; infill
G1 X61.503 Y103.278 Z3.936 E1009.44624 ; infill
G1 X61.128 Y102.820 Z3.936 E1009.46900 ; infill
G1 X62.809 Y102.820 Z3.930 E1009.53366 ; infill
G1 X63.599 Y102.820 Z3.953 E1009.56402 ; infill
G1 X65.062 Y102.820 Z4.049 E1009.62026 ; infill
G1 X66.409 Y102.820 Z4.202 E1009.67208 ; infill
G1 X67.807 Y102.820 Z4.420 E1009.72586 ; infill
G1 X71.621 Y102.820 Z5.158 E1009.87259 ; infill
G1 X73.942 Y102.820 Z5.564 E1009.96188 ; infill
G1 X75.734 Y102.820 Z5.819 E1010.03080 ; infill
G1 X76.723 Y102.820 Z5.938 E1010.06881 ; infill
G1 X78.915 Y102.820 Z6.152 E1010.15312 ; infill
G1 X82.008 Y102.820 Z6.360 E1010.27203 ; infill
G1 X83.762 Y102.820 Z6.438 E1010.33950 ; infill
G1 X85.671 Y102.820 Z6.497 E1010.41289 ; infill
G1 X87.746 Y102.820 Z6.535 E1010.49266 ; infill
G1 X89.998 Y102.820 Z6.548 E1010.57927 ; infill
G1 X92.251 Y102.820 Z6.535 E1010.66589 ; infill
G1 X94.325 Y102.820 Z6.497 E1010.74566 ; infill
G1 X96.234 Y102.820 Z6.438 E1010.81905 ; infill
G1 X99.601 Y102.820 Z6.264 E1010.94849 ; infill
G1 X102.215 Y102.820 Z6.050 E1011.04903 ; infill
G1 X104.261 Y102.820 Z5.819 E1011.12771 ; infill
G1 X106.113 Y102.820 Z5.554 E1011.19893 ; infill
G1 X108.374 Y102.820 Z5.158 E1011.28590 ; infill
G1 X112.305 Y102.820 Z4.400 E1011.43716 ; infill
G1 X113.586 Y102.820 Z4.202 E1011.48642 ; infill
G1 X114.934 Y102.820 Z4.049 E1011.53824 ; infill
G1 X116.396 Y102.820 Z3.953 E1011.59448 ; infill
G1 X117.186 Y102.820 Z3.930 E1011.62484 ; infill
G1 X118.867 Y102.820 Z3.936 E1011.68949 ; infill
G1 X119.246 Y102.362 Z3.936 E1011.71234 ; infill
G1 X117.536 Y102.362 Z3.929 E1011.77808 ; infill
G1 X116.736 Y102.362 Z3.953 E1011.80884 ; infill
G1 X115.254 Y102.362 Z4.049 E1011.86583 ; infill
G1 X113.889 Y102.362 Z4.201 E1011.91834 ; infill
G1 X112.590 Y102.362 Z4.399 E1011.96828 ; infill
G1 X108.605 Y102.362 Z5.159 E1012.12163 ; infill
G1 X106.252 Y102.362 Z5.566 E1012.21212 ; infill
G1 X103.718 Y102.362 Z5.910 E1012.30959 ; infill
G1 X101.539 Y102.362 Z6.130 E1012.39336 ; infill
G1 X99.715 Y102.362 Z6.272 E1012.46349 ; infill
G1 X98.083 Y102.362 Z6.369 E1012.52623 ; infill
G1 X96.307 Y102.362 Z6.448 E1012.59453 ; infill
G1 X94.376 Y102.362 Z6.508 E1012.66880 ; infill
G1 X92.277 Y102.362 Z6.546 E1012.74951 ; infill
G1 X89.998 Y102.362 Z6.559 E1012.83712 ; infill
G1 X87.720 Y102.362 Z6.546 E1012.92472 ; infill
G1 X85.621 Y102.362 Z6.508 E1013.00543 ; infill
G1 X83.689 Y102.362 Z6.448 E1013.07971 ; infill
G1 X81.913 Y102.362 Z6.369 E1013.14800 ; infill
G1 X80.281 Y102.362 Z6.272 E1013.21075 ; infill
G1 X77.633 Y102.362 Z6.056 E1013.31258 ; infill
G1 X75.559 Y102.362 Z5.823 E1013.39231 ; infill
G1 X73.743 Y102.362 Z5.566 E1013.46216 ; infill
G1 X71.390 Y102.362 Z5.159 E1013.55266 ; infill
G1 X67.405 Y102.362 Z4.399 E1013.70600 ; infill
G1 X66.107 Y102.362 Z4.201 E1013.75593 ; infill
G1 X64.741 Y102.362 Z4.049 E1013.80845 ; infill
G1 X64.017 Y102.362 Z3.993 E1013.83627 ; infill
G1 X62.692 Y102.362 Z3.936 E1013.88722 ; infill
G1 X60.752 Y102.362 Z3.936 E1013.96185 ; infill
G1 X60.358 Y101.904 Z3.937 E1013.98506 ; infill
G1 X61.671 Y101.904 Z3.926 E1014.03554 ; infill
G1 X62.919 Y101.904 Z3.952 E1014.08352 ; infill
G1 X64.420 Y101.904 Z4.048 E1014.14126 ; infill
G1 X65.804 Y101.904 Z4.201 E1014.19448 ; infill
G1 X67.772 Y101.904 Z4.512 E1014.27017 ; infill
G1 X71.160 Y101.904 Z5.160 E1014.40051 ; infill
G1 X73.544 Y101.904 Z5.569 E1014.49223 ; infill
G1 X75.385 Y101.904 Z5.827 E1014.56300 ; infill
G1 X76.399 Y101.904 Z5.948 E1014.60201 ; infill
G1 X78.648 Y101.904 Z6.166 E1014.68850 ; infill
G1 X81.818 Y101.904 Z6.378 E1014.81040 ; infill
G1 X83.616 Y101.904 Z6.458 E1014.87952 ; infill
G1 X85.571 Y101.904 Z6.519 E1014.95468 ; infill
G1 X87.694 Y101.904 Z6.557 E1015.03633 ; infill
G1 X89.998 Y101.904 Z6.570 E1015.12492 ; infill
G1 X92.302 Y101.904 Z6.557 E1015.21351 ; infill
G1 X94.426 Y101.904 Z6.519 E1015.29516 ; infill
G1 X96.380 Y101.904 Z6.458 E1015.37032 ; infill
G1 X98.178 Y101.904 Z6.378 E1015.43944 ; infill
G1 X99.830 Y101.904 Z6.280 E1015.50296 ; infill
G1 X102.511 Y101.904 Z6.061 E1015.60607 ; infill
G1 X104.611 Y101.904 Z5.827 E1015.68681 ; infill
G1 X106.451 Y101.904 Z5.569 E1015.75756 ; infill
G1 X108.835 Y101.904 Z5.161 E1015.84927 ; infill
G1 X112.875 Y101.904 Z4.399 E1016.00471 ; infill
G1 X114.191 Y101.904 Z4.201 E1016.05532 ; infill
G1 X115.575 Y101.904 Z4.048 E1016.10853 ; infill
G1 X117.077 Y101.904 Z3.952 E1016.16627 ; infill
G1 X117.887 Y101.904 Z3.929 E1016.19743 ; infill
G1 X119.637 Y101.904 Z3.937 E1016.26472 ; infill
G1 X120.030 Y101.446 Z3.937 E1016.28791 ; infill
G1 X119.107 Y101.446 Z3.923 E1016.32339 ; infill
G1 X117.417 Y101.446 Z3.952 E1016.38838 ; infill
G1 X115.896 Y101.446 Z4.048 E1016.44687 ; infill
G1 X114.494 Y101.446 Z4.200 E1016.50078 ; infill
G1 X113.160 Y101.446 Z4.398 E1016.55207 ; infill
G1 X108.586 Y101.446 Z5.249 E1016.72804 ; infill
G1 X106.650 Y101.446 Z5.572 E1016.80252 ; infill
G1 X105.452 Y101.446 Z5.744 E1016.84859 ; infill
G1 X103.759 Y101.446 Z5.953 E1016.91370 ; infill
G1 X101.482 Y101.446 Z6.173 E1017.00125 ; infill
G1 X98.273 Y101.446 Z6.387 E1017.12465 ; infill
G1 X96.454 Y101.446 Z6.468 E1017.19459 ; infill
G1 X94.476 Y101.446 Z6.529 E1017.27063 ; infill
G1 X92.328 Y101.446 Z6.567 E1017.35322 ; infill
G1 X89.998 Y101.446 Z6.581 E1017.44281 ; infill
G1 X87.668 Y101.446 Z6.567 E1017.53239 ; infill
G1 X85.521 Y101.446 Z6.529 E1017.61498 ; infill
G1 X83.543 Y101.446 Z6.468 E1017.69102 ; infill
G1 X81.724 Y101.446 Z6.387 E1017.76097 ; infill
G1 X80.052 Y101.446 Z6.288 E1017.82527 ; infill
G1 X77.337 Y101.446 Z6.067 E1017.92966 ; infill
G1 X75.210 Y101.446 Z5.831 E1018.01145 ; infill
G1 X73.346 Y101.446 Z5.572 E1018.08314 ; infill
G1 X70.929 Y101.446 Z5.161 E1018.17608 ; infill
G1 X66.835 Y101.446 Z4.398 E1018.33359 ; infill
G1 X65.502 Y101.446 Z4.200 E1018.38488 ; infill
G1 X64.100 Y101.446 Z4.048 E1018.43879 ; infill
G1 X63.118 Y101.446 Z3.979 E1018.47653 ; infill
G1 X61.758 Y101.446 Z3.928 E1018.52885 ; infill
G1 X59.965 Y101.446 Z3.937 E1018.59779 ; infill
G1 X59.571 Y100.988 Z3.938 E1018.62100 ; infill
G1 X60.526 Y100.988 Z3.923 E1018.65774 ; infill
G1 X62.238 Y100.988 Z3.951 E1018.72356 ; infill
G1 X63.779 Y100.988 Z4.047 E1018.78280 ; infill
G1 X65.199 Y100.988 Z4.199 E1018.83741 ; infill
G1 X66.550 Y100.988 Z4.398 E1018.88937 ; infill
G1 X70.699 Y100.988 Z5.162 E1019.04897 ; infill
G1 X73.147 Y100.988 Z5.574 E1019.14313 ; infill
G1 X75.035 Y100.988 Z5.835 E1019.21575 ; infill
G1 X76.075 Y100.988 Z5.958 E1019.25575 ; infill
G1 X78.381 Y100.988 Z6.180 E1019.34442 ; infill
G1 X81.629 Y100.988 Z6.396 E1019.46931 ; infill
G1 X83.470 Y100.988 Z6.478 E1019.54008 ; infill
G1 X85.470 Y100.988 Z6.540 E1019.61701 ; infill
G1 X87.643 Y100.988 Z6.578 E1019.70053 ; infill
G1 X89.998 Y100.988 Z6.592 E1019.79111 ; infill
G1 X92.354 Y100.988 Z6.578 E1019.88169 ; infill
G1 X94.526 Y100.988 Z6.540 E1019.96521 ; infill
G1 X96.527 Y100.988 Z6.478 E1020.04214 ; infill
G1 X98.367 Y100.988 Z6.396 E1020.11291 ; infill
G1 X100.060 Y100.988 Z6.296 E1020.17798 ; infill
G1 X102.808 Y100.988 Z6.073 E1020.28365 ; infill
G1 X104.961 Y100.988 Z5.836 E1020.36644 ; infill
G1 X106.849 Y100.988 Z5.575 E1020.43905 ; infill
G1 X109.120 Y100.988 Z5.195 E1020.52643 ; infill
G1 X113.445 Y100.988 Z4.398 E1020.69281 ; infill
G1 X114.796 Y100.988 Z4.200 E1020.74476 ; infill
G1 X116.216 Y100.988 Z4.047 E1020.79937 ; infill
G1 X117.757 Y100.988 Z3.951 E1020.85861 ; infill
G1 X118.588 Y100.988 Z3.928 E1020.89058 ; infill
G1 X120.422 Y100.988 Z3.938 E1020.96110 ; infill
G1 X120.815 Y100.531 Z3.938 E1020.98429 ; infill
G1 X119.830 Y100.531 Z3.923 E1021.02216 ; infill
G1 X118.096 Y100.531 Z3.951 E1021.08884 ; infill
G1 X116.535 Y100.531 Z4.047 E1021.14884 ; infill
G1 X115.097 Y100.531 Z4.199 E1021.20416 ; infill
G1 X113.729 Y100.531 Z4.398 E1021.25678 ; infill
G1 X109.527 Y100.531 Z5.165 E1021.41843 ; infill
G1 X107.048 Y100.531 Z5.578 E1021.51375 ; infill
G1 X105.315 Y100.531 Z5.817 E1021.58041 ; infill
G1 X104.084 Y100.531 Z5.964 E1021.62775 ; infill
G1 X101.751 Y100.531 Z6.187 E1021.71747 ; infill
G1 X100.177 Y100.531 Z6.305 E1021.77800 ; infill
G1 X98.464 Y100.531 Z6.406 E1021.84385 ; infill
G1 X96.602 Y100.531 Z6.488 E1021.91546 ; infill
G1 X94.578 Y100.531 Z6.550 E1021.99328 ; infill
G1 X92.381 Y100.531 Z6.589 E1022.07777 ; infill
G1 X89.998 Y100.531 Z6.603 E1022.16937 ; infill
G1 X87.616 Y100.531 Z6.589 E1022.26098 ; infill
G1 X85.419 Y100.531 Z6.550 E1022.34546 ; infill
G1 X83.395 Y100.531 Z6.488 E1022.42328 ; infill
G1 X81.532 Y100.531 Z6.406 E1022.49489 ; infill
G1 X79.820 Y100.531 Z6.305 E1022.56074 ; infill
G1 X77.038 Y100.531 Z6.080 E1022.66769 ; infill
G1 X74.858 Y100.531 Z5.840 E1022.75152 ; infill
G1 X72.947 Y100.531 Z5.578 E1022.82503 ; infill
G1 X70.468 Y100.531 Z5.164 E1022.92037 ; infill
G1 X66.267 Y100.531 Z4.398 E1023.08201 ; infill
G1 X64.898 Y100.531 Z4.199 E1023.13463 ; infill
G1 X63.460 Y100.531 Z4.047 E1023.18995 ; infill
G1 X62.025 Y100.531 Z3.957 E1023.24511 ; infill
G1 X61.057 Y100.531 Z3.928 E1023.28234 ; infill
G1 X59.178 Y100.531 Z3.938 E1023.35460 ; infill
G1 X58.784 Y100.073 Z3.939 E1023.37782 ; infill
G1 X59.804 Y100.073 Z3.923 E1023.41705 ; infill
G1 X61.562 Y100.073 Z3.951 E1023.48462 ; infill
G1 X63.143 Y100.073 Z4.047 E1023.54542 ; infill
G1 X64.600 Y100.073 Z4.200 E1023.60144 ; infill
G1 X65.985 Y100.073 Z4.399 E1023.65472 ; infill
G1 X70.238 Y100.073 Z5.168 E1023.81831 ; infill
G1 X72.746 Y100.073 Z5.583 E1023.91478 ; infill
G1 X74.680 Y100.073 Z5.846 E1023.98917 ; infill
G1 X75.746 Y100.073 Z5.970 E1024.03015 ; infill
G1 X78.107 Y100.073 Z6.196 E1024.12096 ; infill
G1 X79.700 Y100.073 Z6.314 E1024.18222 ; infill
G1 X81.433 Y100.073 Z6.415 E1024.24884 ; infill
G1 X83.318 Y100.073 Z6.499 E1024.32130 ; infill
G1 X85.365 Y100.073 Z6.561 E1024.40004 ; infill
G1 X87.588 Y100.073 Z6.600 E1024.48551 ; infill
G1 X89.998 Y100.073 Z6.614 E1024.57818 ; infill
G1 X92.408 Y100.073 Z6.600 E1024.67084 ; infill
G1 X94.631 Y100.073 Z6.561 E1024.75632 ; infill
G1 X96.679 Y100.073 Z6.499 E1024.83505 ; infill
G1 X98.563 Y100.073 Z6.415 E1024.90751 ; infill
G1 X100.296 Y100.073 Z6.314 E1024.97414 ; infill
G1 X102.620 Y100.073 Z6.131 E1025.06350 ; infill
G1 X105.316 Y100.073 Z5.846 E1025.16715 ; infill
G1 X107.250 Y100.073 Z5.583 E1025.24153 ; infill
G1 X109.757 Y100.073 Z5.168 E1025.33799 ; infill
G1 X114.010 Y100.073 Z4.399 E1025.50158 ; infill
G1 X115.395 Y100.073 Z4.200 E1025.55486 ; infill
G1 X116.852 Y100.073 Z4.047 E1025.61089 ; infill
G1 X118.433 Y100.073 Z3.951 E1025.67168 ; infill
G1 X119.287 Y100.073 Z3.928 E1025.70449 ; infill
G1 X121.208 Y100.073 Z3.939 E1025.77835 ; infill
G1 X121.600 Y99.615 Z3.939 E1025.80154 ; infill
G1 X120.551 Y99.615 Z3.922 E1025.84187 ; infill
G1 X118.771 Y99.615 Z3.951 E1025.91034 ; infill
G1 X117.169 Y99.615 Z4.047 E1025.97192 ; infill
G1 X115.694 Y99.615 Z4.200 E1026.02865 ; infill
G1 X114.291 Y99.615 Z4.400 E1026.08259 ; infill
G1 X109.988 Y99.615 Z5.171 E1026.24814 ; infill
G1 X107.451 Y99.615 Z5.588 E1026.34573 ; infill
G1 X105.494 Y99.615 Z5.853 E1026.42098 ; infill
G1 X104.416 Y99.615 Z5.977 E1026.46243 ; infill
G1 X102.028 Y99.615 Z6.204 E1026.55425 ; infill
G1 X100.419 Y99.615 Z6.322 E1026.61611 ; infill
G1 X98.672 Y99.615 Z6.425 E1026.68331 ; infill
G1 X96.755 Y99.615 Z6.509 E1026.75699 ; infill
G1 X94.690 Y99.615 Z6.572 E1026.83639 ; infill
G1 X92.453 Y99.615 Z6.611 E1026.92244 ; infill
G1 X89.998 Y99.615 Z6.625 E1027.01681 ; infill
G1 X87.544 Y99.615 Z6.611 E1027.11118 ; infill
G1 X85.306 Y99.615 Z6.572 E1027.19722 ; infill
G1 X83.241 Y99.615 Z6.509 E1027.27662 ; infill
G1 X81.325 Y99.615 Z6.425 E1027.35030 ; infill
G1 X79.577 Y99.615 Z6.322 E1027.41751 ; infill
G1 X77.969 Y99.615 Z6.204 E1027.47937 ; infill
G1 X75.580 Y99.615 Z5.977 E1027.57121 ; infill
G1 X74.502 Y99.615 Z5.852 E1027.61268 ; infill
G1 X72.545 Y99.615 Z5.587 E1027.68794 ; infill
G1 X70.007 Y99.615 Z5.171 E1027.78555 ; infill
G1 X65.704 Y99.615 Z4.400 E1027.95109 ; infill
G1 X64.301 Y99.615 Z4.200 E1028.00502 ; infill
G1 X62.826 Y99.615 Z4.047 E1028.06175 ; infill
G1 X61.225 Y99.615 Z3.951 E1028.12333 ; infill
G1 X60.360 Y99.615 Z3.927 E1028.15658 ; infill
G1 X58.391 Y99.615 Z3.940 E1028.23230 ; infill
G1 X57.997 Y99.157 Z3.943 E1028.25551 ; infill
G1 X59.038 Y99.157 Z3.923 E1028.29554 ; infill
G1 X60.819 Y99.157 Z3.948 E1028.36401 ; infill
G1 X62.421 Y99.157 Z4.040 E1028.42559 ; infill
G1 X63.894 Y99.157 Z4.187 E1028.48227 ; infill
G1 X65.839 Y99.157 Z4.469 E1028.55705 ; infill
G1 X70.173 Y99.157 Z5.242 E1028.72378 ; infill
G1 X72.374 Y99.157 Z5.598 E1028.80844 ; infill
G1 X73.908 Y99.157 Z5.807 E1028.86743 ; infill
G1 X75.385 Y99.157 Z5.982 E1028.92423 ; infill
G1 X77.748 Y99.157 Z6.206 E1029.01508 ; infill
G1 X80.815 Y99.157 Z6.413 E1029.13300 ; infill
G1 X83.194 Y99.157 Z6.521 E1029.22449 ; infill
G1 X87.149 Y99.157 Z6.617 E1029.37656 ; infill
G1 X89.998 Y99.157 Z6.636 E1029.48612 ; infill
G1 X92.851 Y99.157 Z6.617 E1029.59583 ; infill
G1 X96.811 Y99.157 Z6.521 E1029.74809 ; infill
G1 X99.193 Y99.157 Z6.412 E1029.83968 ; infill
G1 X102.261 Y99.157 Z6.206 E1029.95763 ; infill
G1 X104.623 Y99.157 Z5.981 E1030.04844 ; infill
G1 X106.098 Y99.157 Z5.806 E1030.10519 ; infill
G1 X107.631 Y99.157 Z5.597 E1030.16415 ; infill
G1 X109.831 Y99.157 Z5.241 E1030.24877 ; infill
G1 X114.166 Y99.157 Z4.468 E1030.41552 ; infill
G1 X116.111 Y99.157 Z4.187 E1030.49034 ; infill
G1 X116.999 Y99.157 Z4.094 E1030.52449 ; infill
G1 X118.058 Y99.157 Z4.006 E1030.56517 ; infill
G1 X119.188 Y99.157 Z3.948 E1030.60865 ; infill
G1 X120.970 Y99.157 Z3.923 E1030.67716 ; infill
G1 X121.993 Y99.157 Z3.943 E1030.71649 ; infill
G1 X122.385 Y98.699 Z3.948 E1030.73968 ; infill
G1 X121.394 Y98.699 Z3.923 E1030.77779 ; infill
G1 X119.613 Y98.699 Z3.945 E1030.84630 ; infill
G1 X118.009 Y98.699 Z4.031 E1030.90794 ; infill
G1 X116.536 Y98.699 Z4.172 E1030.96461 ; infill
G1 X114.021 Y98.699 Z4.538 E1031.06131 ; infill
G1 X109.665 Y98.699 Z5.314 E1031.22888 ; infill
G1 X107.812 Y98.699 Z5.607 E1031.30018 ; infill
G1 X105.886 Y98.699 Z5.864 E1031.37421 ; infill
G1 X104.829 Y98.699 Z5.986 E1031.41487 ; infill
G1 X102.493 Y98.699 Z6.208 E1031.50469 ; infill
G1 X99.715 Y98.699 Z6.400 E1031.61153 ; infill
G1 X96.867 Y98.699 Z6.532 E1031.72102 ; infill
G1 X93.250 Y98.699 Z6.623 E1031.86010 ; infill
G1 X89.998 Y98.699 Z6.647 E1031.98514 ; infill
G1 X86.754 Y98.699 Z6.623 E1032.10989 ; infill
G1 X83.147 Y98.699 Z6.533 E1032.24859 ; infill
G1 X80.304 Y98.699 Z6.401 E1032.35788 ; infill
G1 X77.527 Y98.699 Z6.209 E1032.46467 ; infill
G1 X75.190 Y98.699 Z5.987 E1032.55453 ; infill
G1 X74.132 Y98.699 Z5.866 E1032.59523 ; infill
G1 X72.204 Y98.699 Z5.609 E1032.66936 ; infill
G1 X70.348 Y98.699 Z5.316 E1032.74073 ; infill
G1 X65.994 Y98.699 Z4.541 E1032.90825 ; infill
G1 X63.220 Y98.699 Z4.147 E1033.01492 ; infill
G1 X62.009 Y98.699 Z4.033 E1033.06149 ; infill
G1 X60.408 Y98.699 Z3.946 E1033.12305 ; infill
G1 X58.629 Y98.699 Z3.923 E1033.19147 ; infill
G1 X57.604 Y98.699 Z3.948 E1033.23087 ; infill
G1 X57.210 Y98.241 Z3.946 E1033.25409 ; infill
G1 X58.340 Y98.241 Z3.921 E1033.29754 ; infill
G1 X60.039 Y98.241 Z3.942 E1033.36287 ; infill
G1 X61.744 Y98.241 Z4.033 E1033.42843 ; infill
G1 X63.154 Y98.241 Z4.166 E1033.48262 ; infill
G1 X65.798 Y98.241 Z4.550 E1033.58430 ; infill
G1 X70.277 Y98.241 Z5.342 E1033.75662 ; infill
G1 X72.086 Y98.241 Z5.623 E1033.82620 ; infill
G1 X73.941 Y98.241 Z5.869 E1033.89753 ; infill
G1 X75.052 Y98.241 Z5.995 E1033.94024 ; infill
G1 X77.402 Y98.241 Z6.217 E1034.03062 ; infill
G1 X80.087 Y98.241 Z6.404 E1034.13386 ; infill
G1 X83.155 Y98.241 Z6.546 E1034.25182 ; infill
G1 X86.506 Y98.241 Z6.631 E1034.38066 ; infill
G1 X89.998 Y98.241 Z6.658 E1034.51495 ; infill
G1 X93.499 Y98.241 Z6.631 E1034.64956 ; infill
G1 X96.860 Y98.241 Z6.545 E1034.77880 ; infill
G1 X99.933 Y98.241 Z6.403 E1034.89697 ; infill
G1 X102.725 Y98.241 Z6.207 E1035.00432 ; infill
G1 X104.969 Y98.241 Z5.994 E1035.09060 ; infill
G1 X106.079 Y98.241 Z5.867 E1035.13326 ; infill
G1 X107.931 Y98.241 Z5.621 E1035.20449 ; infill
G1 X109.886 Y98.241 Z5.314 E1035.27970 ; infill
G1 X114.219 Y98.241 Z4.547 E1035.44636 ; infill
G1 X117.022 Y98.241 Z4.149 E1035.55417 ; infill
G1 X118.275 Y98.241 Z4.031 E1035.60235 ; infill
G1 X119.982 Y98.241 Z3.941 E1035.66799 ; infill
G1 X121.683 Y98.241 Z3.921 E1035.73340 ; infill
G1 X122.778 Y98.241 Z3.948 E1035.77551 ; infill
G1 X123.171 Y97.783 Z3.944 E1035.79870 ; infill
G1 X121.875 Y97.783 Z3.917 E1035.84851 ; infill
G1 X120.312 Y97.783 Z3.936 E1035.90861 ; infill
G1 X118.427 Y97.783 Z4.037 E1035.98110 ; infill
G1 X117.124 Y97.783 Z4.161 E1036.03119 ; infill
G1 X114.660 Y97.783 Z4.512 E1036.12597 ; infill
G1 X109.980 Y97.783 Z5.332 E1036.30598 ; infill
G1 X108.006 Y97.783 Z5.637 E1036.38190 ; infill
G1 X106.268 Y97.783 Z5.867 E1036.44877 ; infill
G1 X105.062 Y97.783 Z6.005 E1036.49515 ; infill
G1 X102.670 Y97.783 Z6.229 E1036.58711 ; infill
G1 X99.936 Y97.783 Z6.417 E1036.69224 ; infill
G1 X96.808 Y97.783 Z6.560 E1036.81249 ; infill
G1 X93.641 Y97.783 Z6.640 E1036.93429 ; infill
G1 X89.998 Y97.783 Z6.669 E1037.07435 ; infill
G1 X86.362 Y97.783 Z6.640 E1037.21416 ; infill
G1 X82.842 Y97.783 Z6.547 E1037.34952 ; infill
G1 X79.758 Y97.783 Z6.399 E1037.46811 ; infill
G1 X77.059 Y97.783 Z6.206 E1037.57187 ; infill
G1 X74.953 Y97.783 Z6.006 E1037.65285 ; infill
G1 X73.746 Y97.783 Z5.869 E1037.69925 ; infill
G1 X72.005 Y97.783 Z5.639 E1037.76621 ; infill
G1 X70.030 Y97.783 Z5.334 E1037.84219 ; infill
G1 X65.351 Y97.783 Z4.514 E1038.02216 ; infill
G1 X62.887 Y97.783 Z4.163 E1038.11693 ; infill
G1 X61.585 Y97.783 Z4.038 E1038.16701 ; infill
G1 X60.190 Y97.783 Z3.957 E1038.22065 ; infill
G1 X59.200 Y97.783 Z3.925 E1038.25871 ; infill
G1 X58.139 Y97.783 Z3.917 E1038.29951 ; infill
G1 X56.817 Y97.783 Z3.942 E1038.35034 ; infill
G1 X56.423 Y97.326 Z3.938 E1038.37356 ; infill
G1 X57.937 Y97.326 Z3.913 E1038.43176 ; infill
G1 X59.363 Y97.326 Z3.932 E1038.48659 ; infill
G1 X61.425 Y97.326 Z4.044 E1038.56587 ; infill
G1 X62.620 Y97.326 Z4.159 E1038.61184 ; infill
G1 X64.905 Y97.326 Z4.478 E1038.69970 ; infill
G1 X69.783 Y97.326 Z5.326 E1038.88733 ; infill
G1 X71.924 Y97.326 Z5.655 E1038.96971 ; infill
G1 X73.552 Y97.326 Z5.869 E1039.03229 ; infill
G1 X74.855 Y97.326 Z6.017 E1039.08240 ; infill
G1 X77.290 Y97.326 Z6.243 E1039.17602 ; infill
G1 X80.071 Y97.326 Z6.432 E1039.28296 ; infill
G1 X83.250 Y97.326 Z6.574 E1039.40520 ; infill
G1 X86.218 Y97.326 Z6.649 E1039.51934 ; infill
G1 X89.998 Y97.326 Z6.680 E1039.66468 ; infill
G1 X93.783 Y97.326 Z6.649 E1039.81019 ; infill
G1 X97.345 Y97.326 Z6.553 E1039.94717 ; infill
G1 X100.463 Y97.326 Z6.401 E1040.06705 ; infill
G1 X103.188 Y97.326 Z6.204 E1040.17184 ; infill
G1 X105.154 Y97.326 Z6.016 E1040.24744 ; infill
G1 X106.457 Y97.326 Z5.868 E1040.29753 ; infill
G1 X108.082 Y97.326 Z5.654 E1040.36003 ; infill
G1 X110.223 Y97.326 Z5.325 E1040.44238 ; infill
G1 X115.101 Y97.326 Z4.476 E1040.63002 ; infill
G1 X117.384 Y97.326 Z4.158 E1040.71784 ; infill
G1 X118.579 Y97.326 Z4.044 E1040.76378 ; infill
G1 X119.843 Y97.326 Z3.964 E1040.81238 ; infill
G1 X120.913 Y97.326 Z3.925 E1040.85352 ; infill
G1 X122.067 Y97.326 Z3.913 E1040.89790 ; infill
G1 X123.563 Y97.326 Z3.939 E1040.95542 ; infill
G1 X123.956 Y96.868 Z3.937 E1040.97862 ; infill
G1 X122.260 Y96.868 Z3.909 E1041.04385 ; infill
G1 X120.973 Y96.868 Z3.926 E1041.09333 ; infill
G1 X119.762 Y96.868 Z3.978 E1041.13989 ; infill
G1 X118.732 Y96.868 Z4.050 E1041.17950 ; infill
G1 X117.645 Y96.868 Z4.155 E1041.22130 ; infill
G1 X115.542 Y96.868 Z4.441 E1041.30214 ; infill
G1 X110.466 Y96.868 Z5.318 E1041.49743 ; infill
G1 X108.158 Y96.868 Z5.671 E1041.58620 ; infill
G1 X106.646 Y96.868 Z5.869 E1041.64434 ; infill
G1 X105.247 Y96.868 Z6.027 E1041.69814 ; infill
G1 X102.771 Y96.868 Z6.256 E1041.79335 ; infill
G1 X99.941 Y96.868 Z6.446 E1041.90215 ; infill
G1 X96.705 Y96.868 Z6.588 E1042.02658 ; infill
G1 X93.924 Y96.868 Z6.658 E1042.13349 ; infill
G1 X89.998 Y96.868 Z6.691 E1042.28446 ; infill
G1 X86.075 Y96.868 Z6.658 E1042.43531 ; infill
G1 X82.482 Y96.868 Z6.559 E1042.57347 ; infill
G1 X79.336 Y96.868 Z6.404 E1042.69444 ; infill
G1 X76.585 Y96.868 Z6.202 E1042.80022 ; infill
G1 X74.757 Y96.868 Z6.027 E1042.87052 ; infill
G1 X73.357 Y96.868 Z5.869 E1042.92433 ; infill
G1 X71.844 Y96.868 Z5.671 E1042.98254 ; infill
G1 X69.535 Y96.868 Z5.318 E1043.07131 ; infill
G1 X64.459 Y96.868 Z4.441 E1043.26660 ; infill
G1 X62.354 Y96.868 Z4.156 E1043.34754 ; infill
G1 X61.265 Y96.868 Z4.050 E1043.38940 ; infill
G1 X60.238 Y96.868 Z3.978 E1043.42891 ; infill
G1 X58.981 Y96.868 Z3.926 E1043.47722 ; infill
G1 X57.735 Y96.868 Z3.909 E1043.52513 ; infill
G1 X56.030 Y96.868 Z3.937 E1043.59071 ; infill
G1 X55.636 Y96.410 Z3.936 E1043.61392 ; infill
G1 X57.412 Y96.410 Z3.905 E1043.68219 ; infill
G1 X58.701 Y96.410 Z3.922 E1043.73175 ; infill
G1 X60.127 Y96.410 Z3.986 E1043.78660 ; infill
G1 X61.021 Y96.410 Z4.048 E1043.82095 ; infill
G1 X62.085 Y96.410 Z4.151 E1043.86187 ; infill
G1 X64.105 Y96.410 Z4.420 E1043.93956 ; infill
G1 X69.293 Y96.410 Z5.311 E1044.13914 ; infill
G1 X71.763 Y96.410 Z5.687 E1044.23411 ; infill
G1 X74.658 Y96.410 Z6.038 E1044.34546 ; infill
G1 X77.177 Y96.410 Z6.269 E1044.44231 ; infill
G1 X80.055 Y96.410 Z6.460 E1044.55297 ; infill
G1 X83.345 Y96.410 Z6.602 E1044.67949 ; infill
G1 X87.101 Y96.410 Z6.685 E1044.82390 ; infill
G1 X89.998 Y96.410 Z6.702 E1044.93530 ; infill
G1 X94.066 Y96.410 Z6.667 E1045.09172 ; infill
G1 X97.697 Y96.410 Z6.565 E1045.23132 ; infill
G1 X100.874 Y96.410 Z6.406 E1045.35348 ; infill
G1 X103.651 Y96.410 Z6.200 E1045.46027 ; infill
G1 X105.339 Y96.410 Z6.038 E1045.52517 ; infill
G1 X108.233 Y96.410 Z5.687 E1045.63647 ; infill
G1 X110.703 Y96.410 Z5.311 E1045.73144 ; infill
G1 X115.891 Y96.410 Z4.420 E1045.93102 ; infill
G1 X117.911 Y96.410 Z4.151 E1046.00871 ; infill
G1 X118.975 Y96.410 Z4.048 E1046.04963 ; infill
G1 X120.098 Y96.410 Z3.971 E1046.09279 ; infill
G1 X121.295 Y96.410 Z3.922 E1046.13883 ; infill
G1 X122.584 Y96.410 Z3.905 E1046.18838 ; infill
G1 X124.349 Y96.410 Z3.936 E1046.25624 ; infill
G1 X124.741 Y95.952 Z3.934 E1046.27943 ; infill
G1 X122.925 Y95.952 Z3.901 E1046.34928 ; infill
G1 X121.616 Y95.952 Z3.917 E1046.39961 ; infill
G1 X120.400 Y95.952 Z3.965 E1046.44634 ; infill
G1 X119.261 Y95.952 Z4.043 E1046.49014 ; infill
G1 X118.182 Y95.952 Z4.146 E1046.53165 ; infill
G1 X116.134 Y95.952 Z4.416 E1046.61040 ; infill
G1 X110.885 Y95.952 Z5.313 E1046.81232 ; infill
G1 X108.385 Y95.952 Z5.693 E1046.90845 ; infill
G1 X105.461 Y95.952 Z6.046 E1047.02090 ; infill
G1 X102.910 Y95.952 Z6.279 E1047.11898 ; infill
G1 X99.992 Y95.952 Z6.472 E1047.23119 ; infill
G1 X96.652 Y95.952 Z6.615 E1047.35962 ; infill
G1 X92.835 Y95.952 Z6.697 E1047.50639 ; infill
G1 X89.998 Y95.952 Z6.713 E1047.61546 ; infill
G1 X85.833 Y95.952 Z6.677 E1047.77563 ; infill
G1 X82.181 Y95.952 Z6.573 E1047.91605 ; infill
G1 X78.987 Y95.952 Z6.412 E1048.03885 ; infill
G1 X76.198 Y95.952 Z6.205 E1048.14611 ; infill
G1 X74.535 Y95.952 Z6.046 E1048.21004 ; infill
G1 X71.611 Y95.952 Z5.693 E1048.32249 ; infill
G1 X69.112 Y95.952 Z5.313 E1048.41862 ; infill
G1 X63.862 Y95.952 Z4.416 E1048.62054 ; infill
G1 X61.814 Y95.952 Z4.146 E1048.69930 ; infill
G1 X60.735 Y95.952 Z4.043 E1048.74081 ; infill
G1 X59.596 Y95.952 Z3.965 E1048.78461 ; infill
G1 X58.380 Y95.952 Z3.917 E1048.83135 ; infill
G1 X57.071 Y95.952 Z3.901 E1048.88167 ; infill
G1 X55.243 Y95.952 Z3.935 E1048.95197 ; infill
G1 X54.851 Y95.494 Z3.934 E1048.97514 ; infill
G1 X56.731 Y95.494 Z3.897 E1049.04741 ; infill
G1 X58.059 Y95.494 Z3.912 E1049.09850 ; infill
G1 X59.293 Y95.494 Z3.960 E1049.14594 ; infill
G1 X60.449 Y95.494 Z4.037 E1049.19038 ; infill
G1 X61.544 Y95.494 Z4.141 E1049.23248 ; infill
G1 X63.619 Y95.494 Z4.413 E1049.31229 ; infill
G1 X68.930 Y95.494 Z5.316 E1049.51656 ; infill
G1 X71.454 Y95.494 Z5.698 E1049.61365 ; infill
G1 X74.405 Y95.494 Z6.053 E1049.72715 ; infill
G1 X76.979 Y95.494 Z6.287 E1049.82610 ; infill
G1 X79.922 Y95.494 Z6.482 E1049.93927 ; infill
G1 X83.290 Y95.494 Z6.625 E1050.06878 ; infill
G1 X87.139 Y95.494 Z6.708 E1050.21675 ; infill
G1 X89.998 Y95.494 Z6.724 E1050.32671 ; infill
G1 X92.858 Y95.494 Z6.708 E1050.43667 ; infill
G1 X96.706 Y95.494 Z6.625 E1050.58464 ; infill
G1 X100.074 Y95.494 Z6.482 E1050.71415 ; infill
G1 X103.339 Y95.494 Z6.261 E1050.83968 ; infill
G1 X105.591 Y95.494 Z6.053 E1050.92626 ; infill
G1 X108.542 Y95.494 Z5.698 E1051.03976 ; infill
G1 X111.067 Y95.494 Z5.316 E1051.13685 ; infill
G1 X116.377 Y95.494 Z4.413 E1051.34111 ; infill
G1 X118.452 Y95.494 Z4.141 E1051.42093 ; infill
G1 X119.547 Y95.494 Z4.037 E1051.46303 ; infill
G1 X120.703 Y95.494 Z3.960 E1051.50747 ; infill
G1 X121.936 Y95.494 Z3.912 E1051.55490 ; infill
G1 X123.265 Y95.494 Z3.897 E1051.60599 ; infill
G1 X125.134 Y95.494 Z3.934 E1051.67784 ; infill
G1 X125.527 Y95.036 Z3.933 E1051.70103 ; infill
G1 X123.604 Y95.036 Z3.893 E1051.77495 ; infill
G1 X122.256 Y95.036 Z3.907 E1051.82677 ; infill
G1 X121.005 Y95.036 Z3.955 E1051.87488 ; infill
G1 X119.833 Y95.036 Z4.032 E1051.91995 ; infill
G1 X118.723 Y95.036 Z4.136 E1051.96264 ; infill
G1 X116.620 Y95.036 Z4.409 E1052.04352 ; infill
G1 X111.249 Y95.036 Z5.318 E1052.25013 ; infill
G1 X108.699 Y95.036 Z5.703 E1052.34817 ; infill
G1 X105.721 Y95.036 Z6.060 E1052.46272 ; infill
G1 X103.125 Y95.036 Z6.296 E1052.56254 ; infill
G1 X100.156 Y95.036 Z6.491 E1052.67667 ; infill
G1 X96.760 Y95.036 Z6.636 E1052.80725 ; infill
G1 X92.881 Y95.036 Z6.719 E1052.95642 ; infill
G1 X89.998 Y95.036 Z6.735 E1053.06726 ; infill
G1 X87.116 Y95.036 Z6.719 E1053.17810 ; infill
G1 X83.236 Y95.036 Z6.636 E1053.32728 ; infill
G1 X79.840 Y95.036 Z6.491 E1053.45786 ; infill
G1 X76.872 Y95.036 Z6.296 E1053.57199 ; infill
G1 X74.276 Y95.036 Z6.060 E1053.67181 ; infill
G1 X71.297 Y95.036 Z5.702 E1053.78636 ; infill
G1 X68.748 Y95.036 Z5.318 E1053.88440 ; infill
G1 X63.376 Y95.036 Z4.409 E1054.09102 ; infill
G1 X61.273 Y95.036 Z4.136 E1054.17190 ; infill
G1 X60.163 Y95.036 Z4.032 E1054.21459 ; infill
G1 X58.991 Y95.036 Z3.955 E1054.25966 ; infill
G1 X57.739 Y95.036 Z3.907 E1054.30777 ; infill
G1 X56.391 Y95.036 Z3.893 E1054.35960 ; infill
G1 X54.464 Y95.036 Z3.934 E1054.43373 ; infill
G1 X54.076 Y94.579 Z3.933 E1054.45679 ; infill
G1 X56.055 Y94.579 Z3.889 E1054.53288 ; infill
G1 X57.422 Y94.579 Z3.902 E1054.58545 ; infill
G1 X59.116 Y94.579 Z3.976 E1054.65059 ; infill
G1 X61.004 Y94.579 Z4.131 E1054.72319 ; infill
G1 X63.134 Y94.579 Z4.405 E1054.80509 ; infill
G1 X68.566 Y94.579 Z5.320 E1055.01402 ; infill
G1 X71.140 Y94.579 Z5.707 E1055.11303 ; infill
G1 X74.146 Y94.579 Z6.068 E1055.22863 ; infill
G1 X76.765 Y94.579 Z6.305 E1055.32931 ; infill
G1 X79.758 Y94.579 Z6.501 E1055.44440 ; infill
G1 X83.182 Y94.579 Z6.647 E1055.57606 ; infill
G1 X87.093 Y94.579 Z6.730 E1055.72644 ; infill
G1 X89.998 Y94.579 Z6.746 E1055.83816 ; infill
G1 X92.904 Y94.579 Z6.730 E1055.94989 ; infill
G1 X96.815 Y94.579 Z6.647 E1056.10026 ; infill
G1 X100.239 Y94.579 Z6.501 E1056.23192 ; infill
G1 X103.232 Y94.579 Z6.305 E1056.34700 ; infill
G1 X105.850 Y94.579 Z6.068 E1056.44769 ; infill
G1 X108.856 Y94.579 Z5.707 E1056.56329 ; infill
G1 X111.430 Y94.579 Z5.320 E1056.66229 ; infill
G1 X116.862 Y94.579 Z4.405 E1056.87122 ; infill
G1 X118.992 Y94.579 Z4.131 E1056.95312 ; infill
G1 X120.117 Y94.579 Z4.027 E1056.99637 ; infill
G1 X121.305 Y94.579 Z3.949 E1057.04206 ; infill
G1 X122.574 Y94.579 Z3.902 E1057.09085 ; infill
G1 X123.941 Y94.579 Z3.889 E1057.14342 ; infill
G1 X125.919 Y94.579 Z3.932 E1057.21949 ; infill
G1 X126.312 Y94.121 Z3.931 E1057.24268 ; infill
G1 X124.277 Y94.121 Z3.885 E1057.32090 ; infill
G1 X122.891 Y94.121 Z3.898 E1057.37421 ; infill
G1 X121.604 Y94.121 Z3.944 E1057.42368 ; infill
G1 X120.400 Y94.121 Z4.021 E1057.46999 ; infill
G1 X119.260 Y94.121 Z4.126 E1057.51382 ; infill
G1 X117.103 Y94.121 Z4.402 E1057.59677 ; infill
G1 X111.612 Y94.121 Z5.322 E1057.80800 ; infill
G1 X109.013 Y94.121 Z5.712 E1057.90795 ; infill
G1 X105.980 Y94.121 Z6.075 E1058.02458 ; infill
G1 X103.339 Y94.121 Z6.313 E1058.12614 ; infill
G1 X100.321 Y94.121 Z6.511 E1058.24219 ; infill
G1 X96.869 Y94.121 Z6.657 E1058.37491 ; infill
G1 X92.927 Y94.121 Z6.741 E1058.52649 ; infill
G1 X89.998 Y94.121 Z6.757 E1058.63910 ; infill
G1 X87.070 Y94.121 Z6.741 E1058.75171 ; infill
G1 X83.127 Y94.121 Z6.657 E1058.90329 ; infill
G1 X79.675 Y94.121 Z6.511 E1059.03602 ; infill
G1 X76.657 Y94.121 Z6.313 E1059.15207 ; infill
G1 X74.016 Y94.121 Z6.075 E1059.25363 ; infill
G1 X70.983 Y94.121 Z5.712 E1059.37026 ; infill
G1 X68.384 Y94.121 Z5.322 E1059.47021 ; infill
G1 X62.893 Y94.121 Z4.402 E1059.68144 ; infill
G1 X60.736 Y94.121 Z4.126 E1059.76439 ; infill
G1 X59.596 Y94.121 Z4.021 E1059.80823 ; infill
G1 X58.391 Y94.121 Z3.944 E1059.85454 ; infill
G1 X57.105 Y94.121 Z3.897 E1059.90401 ; infill
G1 X55.718 Y94.121 Z3.885 E1059.95732 ; infill
G1 X53.689 Y94.121 Z3.932 E1060.03537 ; infill
G1 X53.301 Y93.663 Z3.931 E1060.05843 ; infill
G1 X55.384 Y93.663 Z3.881 E1060.13853 ; infill
G1 X56.789 Y93.663 Z3.893 E1060.19253 ; infill
G1 X58.158 Y93.663 Z3.943 E1060.24520 ; infill
G1 X59.312 Y93.663 Z4.016 E1060.28958 ; infill
G1 X60.467 Y93.663 Z4.121 E1060.33399 ; infill
G1 X62.652 Y93.663 Z4.398 E1060.41798 ; infill
G1 X68.203 Y93.663 Z5.325 E1060.63153 ; infill
G1 X70.827 Y93.663 Z5.717 E1060.73242 ; infill
G1 X72.294 Y93.663 Z5.904 E1060.78884 ; infill
G1 X73.887 Y93.663 Z6.082 E1060.85010 ; infill
G1 X76.550 Y93.663 Z6.322 E1060.95251 ; infill
G1 X79.593 Y93.663 Z6.521 E1061.06952 ; infill
G1 X83.073 Y93.663 Z6.668 E1061.20332 ; infill
G1 X87.047 Y93.663 Z6.752 E1061.35610 ; infill
G1 X89.998 Y93.663 Z6.768 E1061.46960 ; infill
G1 X92.950 Y93.663 Z6.752 E1061.58309 ; infill
G1 X96.923 Y93.663 Z6.668 E1061.73588 ; infill
G1 X100.403 Y93.663 Z6.521 E1061.86967 ; infill
G1 X103.446 Y93.663 Z6.322 E1061.98667 ; infill
G1 X106.109 Y93.663 Z6.082 E1062.08909 ; infill
G1 X107.702 Y93.663 Z5.904 E1062.15035 ; infill
G1 X109.169 Y93.663 Z5.717 E1062.20676 ; infill
G1 X111.793 Y93.663 Z5.325 E1062.30766 ; infill
G1 X117.344 Y93.663 Z4.398 E1062.52120 ; infill
G1 X119.529 Y93.663 Z4.121 E1062.60519 ; infill
G1 X120.683 Y93.663 Z4.016 E1062.64960 ; infill
G1 X121.904 Y93.663 Z3.939 E1062.69652 ; infill
G1 X123.207 Y93.663 Z3.893 E1062.74664 ; infill
G1 X124.612 Y93.663 Z3.881 E1062.80064 ; infill
G1 X126.696 Y93.663 Z3.931 E1062.88079 ; infill
G1 X127.077 Y93.205 Z3.930 E1062.90370 ; infill
G1 X124.944 Y93.205 Z3.878 E1062.98574 ; infill
G1 X123.521 Y93.205 Z3.888 E1063.04043 ; infill
G1 X122.201 Y93.205 Z3.934 E1063.09118 ; infill
G1 X120.965 Y93.205 Z4.011 E1063.13870 ; infill
G1 X119.796 Y93.205 Z4.116 E1063.18365 ; infill
G1 X117.586 Y93.205 Z4.394 E1063.26866 ; infill
G1 X111.974 Y93.205 Z5.327 E1063.48452 ; infill
G1 X109.326 Y93.205 Z5.722 E1063.58637 ; infill
G1 X107.846 Y93.205 Z5.910 E1063.64328 ; infill
G1 X106.239 Y93.205 Z6.089 E1063.70507 ; infill
G1 X103.553 Y93.205 Z6.330 E1063.80835 ; infill
G1 X100.485 Y93.205 Z6.531 E1063.92631 ; infill
G1 X96.978 Y93.205 Z6.678 E1064.06117 ; infill
G1 X92.973 Y93.205 Z6.763 E1064.21516 ; infill
G1 X89.998 Y93.205 Z6.779 E1064.32954 ; infill
G1 X87.023 Y93.205 Z6.763 E1064.44393 ; infill
G1 X83.019 Y93.205 Z6.678 E1064.59792 ; infill
G1 X79.511 Y93.205 Z6.531 E1064.73278 ; infill
G1 X76.443 Y93.205 Z6.330 E1064.85074 ; infill
G1 X73.757 Y93.205 Z6.089 E1064.95402 ; infill
G1 X72.150 Y93.205 Z5.910 E1065.01581 ; infill
G1 X70.670 Y93.205 Z5.722 E1065.07273 ; infill
G1 X68.022 Y93.205 Z5.327 E1065.17458 ; infill
G1 X62.410 Y93.205 Z4.394 E1065.39044 ; infill
G1 X60.200 Y93.205 Z4.116 E1065.47545 ; infill
G1 X59.379 Y93.205 Z4.041 E1065.50702 ; infill
G1 X57.795 Y93.205 Z3.934 E1065.56792 ; infill
G1 X56.475 Y93.205 Z3.888 E1065.61868 ; infill
G1 X55.052 Y93.205 Z3.878 E1065.67338 ; infill
G1 X52.920 Y93.205 Z3.929 E1065.75536 ; infill
G1 X52.545 Y92.747 Z3.929 E1065.77813 ; infill
G1 X54.720 Y92.747 Z3.874 E1065.86178 ; infill
G1 X56.161 Y92.747 Z3.884 E1065.91717 ; infill
G1 X57.497 Y92.747 Z3.929 E1065.96856 ; infill
G1 X58.748 Y92.747 Z4.006 E1066.01667 ; infill
G1 X59.932 Y92.747 Z4.111 E1066.06218 ; infill
G1 X62.169 Y92.747 Z4.391 E1066.14821 ; infill
G1 X64.353 Y92.747 Z4.739 E1066.23220 ; infill
G1 X67.841 Y92.747 Z5.329 E1066.36638 ; infill
G1 X70.514 Y92.747 Z5.726 E1066.46918 ; infill
G1 X72.007 Y92.747 Z5.916 E1066.52660 ; infill
G1 X73.628 Y92.747 Z6.096 E1066.58893 ; infill
G1 X76.336 Y92.747 Z6.339 E1066.69307 ; infill
G1 X79.429 Y92.747 Z6.540 E1066.81198 ; infill
G1 X82.964 Y92.747 Z6.689 E1066.94791 ; infill
G1 X87.000 Y92.747 Z6.774 E1067.10311 ; infill
G1 X89.998 Y92.747 Z6.790 E1067.21838 ; infill
G1 X92.996 Y92.747 Z6.774 E1067.33365 ; infill
G1 X97.032 Y92.747 Z6.689 E1067.48884 ; infill
G1 X100.567 Y92.747 Z6.540 E1067.62477 ; infill
G1 X103.660 Y92.747 Z6.339 E1067.74369 ; infill
G1 X106.368 Y92.747 Z6.096 E1067.84783 ; infill
G1 X107.989 Y92.747 Z5.916 E1067.91015 ; infill
G1 X109.482 Y92.747 Z5.727 E1067.96757 ; infill
G1 X112.155 Y92.747 Z5.329 E1068.07037 ; infill
G1 X115.643 Y92.747 Z4.739 E1068.20454 ; infill
G1 X117.827 Y92.747 Z4.391 E1068.28854 ; infill
G1 X120.064 Y92.747 Z4.111 E1068.37456 ; infill
G1 X121.247 Y92.747 Z4.006 E1068.42007 ; infill
G1 X122.499 Y92.747 Z3.929 E1068.46818 ; infill
G1 X123.835 Y92.747 Z3.884 E1068.51957 ; infill
G1 X125.276 Y92.747 Z3.874 E1068.57495 ; infill
G1 X127.458 Y92.747 Z3.930 E1068.65887 ; infill
G1 X127.827 Y92.289 Z3.930 E1068.68148 ; infill
G1 X125.603 Y92.289 Z3.870 E1068.76698 ; infill
G1 X124.147 Y92.289 Z3.879 E1068.82297 ; infill
G1 X122.795 Y92.289 Z3.924 E1068.87494 ; infill
G1 X121.530 Y92.289 Z4.001 E1068.92362 ; infill
G1 X120.332 Y92.289 Z4.106 E1068.96968 ; infill
G1 X118.068 Y92.289 Z4.387 E1069.05671 ; infill
G1 X115.860 Y92.289 Z4.738 E1069.14164 ; infill
G1 X112.337 Y92.289 Z5.331 E1069.27718 ; infill
G1 X109.639 Y92.289 Z5.731 E1069.38094 ; infill
G1 X108.132 Y92.289 Z5.922 E1069.43887 ; infill
G1 X106.498 Y92.289 Z6.103 E1069.50173 ; infill
G1 X103.767 Y92.289 Z6.348 E1069.60673 ; infill
G1 X100.650 Y92.289 Z6.550 E1069.72660 ; infill
G1 X97.087 Y92.289 Z6.700 E1069.86360 ; infill
G1 X93.019 Y92.289 Z6.785 E1070.01999 ; infill
G1 X89.998 Y92.289 Z6.802 E1070.13615 ; infill
G1 X86.977 Y92.289 Z6.785 E1070.25231 ; infill
G1 X82.910 Y92.289 Z6.700 E1070.40871 ; infill
G1 X79.347 Y92.289 Z6.550 E1070.54571 ; infill
G1 X76.229 Y92.289 Z6.348 E1070.66558 ; infill
G1 X73.498 Y92.289 Z6.103 E1070.77058 ; infill
G1 X71.864 Y92.289 Z5.922 E1070.83344 ; infill
G1 X70.357 Y92.289 Z5.731 E1070.89137 ; infill
G1 X67.660 Y92.289 Z5.331 E1070.99513 ; infill
G1 X64.136 Y92.289 Z4.738 E1071.13067 ; infill
G1 X61.928 Y92.289 Z4.387 E1071.21560 ; infill
G1 X59.533 Y92.289 Z4.094 E1071.30768 ; infill
G1 X58.466 Y92.289 Z4.001 E1071.34870 ; infill
G1 X57.252 Y92.289 Z3.927 E1071.39539 ; infill
G1 X55.849 Y92.289 Z3.879 E1071.44936 ; infill
G1 X54.393 Y92.289 Z3.870 E1071.50534 ; infill
G1 X52.169 Y92.289 Z3.929 E1071.59083 ; infill
G1 X51.794 Y91.831 Z3.928 E1071.61360 ; infill
G1 X54.068 Y91.831 Z3.867 E1071.70104 ; infill
G1 X55.540 Y91.831 Z3.875 E1071.75765 ; infill
G1 X57.332 Y91.831 Z3.944 E1071.82654 ; infill
G1 X58.187 Y91.831 Z3.996 E1071.85942 ; infill
G1 X59.398 Y91.831 Z4.101 E1071.90599 ; infill
G1 X61.687 Y91.831 Z4.384 E1071.99399 ; infill
G1 X63.919 Y91.831 Z4.736 E1072.07986 ; infill
G1 X67.478 Y91.831 Z5.333 E1072.21676 ; infill
G1 X70.201 Y91.831 Z5.736 E1072.32147 ; infill
G1 X71.720 Y91.831 Z5.928 E1072.37991 ; infill
G1 X73.369 Y91.831 Z6.110 E1072.44330 ; infill
G1 X76.122 Y91.831 Z6.356 E1072.54917 ; infill
G1 X79.264 Y91.831 Z6.560 E1072.67000 ; infill
G1 X82.855 Y91.831 Z6.710 E1072.80807 ; infill
G1 X86.954 Y91.831 Z6.796 E1072.96567 ; infill
G1 X89.998 Y91.831 Z6.813 E1073.08272 ; infill
G1 X93.042 Y91.831 Z6.796 E1073.19977 ; infill
G1 X97.141 Y91.831 Z6.710 E1073.35736 ; infill
G1 X100.732 Y91.831 Z6.560 E1073.49543 ; infill
G1 X103.874 Y91.831 Z6.356 E1073.61626 ; infill
G1 X106.627 Y91.831 Z6.110 E1073.72213 ; infill
G1 X108.276 Y91.831 Z5.928 E1073.78552 ; infill
G1 X109.795 Y91.831 Z5.736 E1073.84396 ; infill
G1 X112.518 Y91.831 Z5.333 E1073.94866 ; infill
G1 X116.077 Y91.831 Z4.736 E1074.08557 ; infill
G1 X118.310 Y91.831 Z4.384 E1074.17143 ; infill
G1 X120.598 Y91.831 Z4.101 E1074.25943 ; infill
G1 X121.809 Y91.831 Z3.996 E1074.30599 ; infill
G1 X123.089 Y91.831 Z3.919 E1074.35520 ; infill
G1 X124.455 Y91.831 Z3.875 E1074.40776 ; infill
G1 X125.928 Y91.831 Z3.867 E1074.46436 ; infill
G1 X128.196 Y91.831 Z3.929 E1074.55157 ; infill
G1 X128.564 Y91.374 Z3.927 E1074.57417 ; infill
G1 X126.252 Y91.374 Z3.863 E1074.66308 ; infill
G1 X124.764 Y91.374 Z3.871 E1074.72031 ; infill
G1 X123.382 Y91.374 Z3.914 E1074.77344 ; infill
G1 X122.088 Y91.374 Z3.991 E1074.82320 ; infill
G1 X120.864 Y91.374 Z4.097 E1074.87027 ; infill
G1 X118.550 Y91.374 Z4.380 E1074.95924 ; infill
G1 X116.294 Y91.374 Z4.735 E1075.04601 ; infill
G1 X112.700 Y91.374 Z5.336 E1075.18428 ; infill
G1 X109.952 Y91.374 Z5.741 E1075.28994 ; infill
G1 X108.419 Y91.374 Z5.934 E1075.34888 ; infill
G1 X106.757 Y91.374 Z6.117 E1075.41281 ; infill
G1 X103.981 Y91.374 Z6.365 E1075.51954 ; infill
G1 X100.814 Y91.374 Z6.570 E1075.64132 ; infill
G1 X97.195 Y91.374 Z6.721 E1075.78046 ; infill
G1 X93.065 Y91.374 Z6.807 E1075.93926 ; infill
G1 X89.998 Y91.374 Z6.824 E1076.05720 ; infill
G1 X86.931 Y91.374 Z6.807 E1076.17514 ; infill
G1 X82.801 Y91.374 Z6.721 E1076.33394 ; infill
G1 X79.182 Y91.374 Z6.570 E1076.47308 ; infill
G1 X76.015 Y91.374 Z6.365 E1076.59487 ; infill
G1 X73.239 Y91.374 Z6.117 E1076.70160 ; infill
G1 X71.577 Y91.374 Z5.934 E1076.76553 ; infill
G1 X70.044 Y91.374 Z5.741 E1076.82447 ; infill
G1 X67.297 Y91.374 Z5.336 E1076.93014 ; infill
G1 X63.702 Y91.374 Z4.735 E1077.06841 ; infill
G1 X61.446 Y91.374 Z4.380 E1077.15518 ; infill
G1 X59.132 Y91.374 Z4.097 E1077.24415 ; infill
G1 X57.908 Y91.374 Z3.991 E1077.29123 ; infill
G1 X56.614 Y91.374 Z3.914 E1077.34098 ; infill
G1 X55.232 Y91.374 Z3.870 E1077.39412 ; infill
G1 X53.743 Y91.374 Z3.863 E1077.45135 ; infill
G1 X51.438 Y91.374 Z3.927 E1077.54002 ; infill
G1 X51.083 Y90.916 Z3.927 E1077.56228 ; infill
G1 X53.425 Y90.916 Z3.860 E1077.65234 ; infill
G1 X54.926 Y90.916 Z3.866 E1077.71003 ; infill
G1 X56.321 Y90.916 Z3.910 E1077.76366 ; infill
G1 X57.629 Y90.916 Z3.986 E1077.81396 ; infill
G1 X58.867 Y90.916 Z4.092 E1077.86156 ; infill
G1 X61.205 Y90.916 Z4.377 E1077.95149 ; infill
G1 X63.485 Y90.916 Z4.733 E1078.03917 ; infill
G1 X67.115 Y90.916 Z5.338 E1078.17879 ; infill
G1 X69.887 Y90.916 Z5.745 E1078.28542 ; infill
G1 X71.433 Y90.916 Z5.940 E1078.34487 ; infill
G1 X73.110 Y90.916 Z6.124 E1078.40933 ; infill
G1 X75.908 Y90.916 Z6.373 E1078.51693 ; infill
G1 X79.100 Y90.916 Z6.579 E1078.63967 ; infill
G1 X82.746 Y90.916 Z6.731 E1078.77988 ; infill
G1 X86.908 Y90.916 Z6.818 E1078.93989 ; infill
G1 X89.998 Y90.916 Z6.835 E1079.05872 ; infill
G1 X93.089 Y90.916 Z6.818 E1079.17755 ; infill
G1 X97.250 Y90.916 Z6.731 E1079.33755 ; infill
G1 X100.896 Y90.916 Z6.579 E1079.47776 ; infill
G1 X104.088 Y90.916 Z6.373 E1079.60050 ; infill
G1 X106.887 Y90.916 Z6.124 E1079.70810 ; infill
G1 X108.563 Y90.916 Z5.940 E1079.77256 ; infill
G1 X110.109 Y90.916 Z5.745 E1079.83201 ; infill
G1 X112.881 Y90.916 Z5.338 E1079.93863 ; infill
G1 X116.511 Y90.916 Z4.733 E1080.07826 ; infill
G1 X118.791 Y90.916 Z4.377 E1080.16594 ; infill
G1 X121.129 Y90.916 Z4.092 E1080.25586 ; infill
G1 X122.367 Y90.916 Z3.986 E1080.30346 ; infill
G1 X123.675 Y90.916 Z3.910 E1080.35375 ; infill
G1 X125.070 Y90.916 Z3.866 E1080.40738 ; infill
G1 X126.570 Y90.916 Z3.860 E1080.46507 ; infill
G1 X128.930 Y90.916 Z3.927 E1080.55580 ; infill
G1 X129.275 Y90.458 Z3.926 E1080.57785 ; infill
G1 X126.880 Y90.458 Z3.857 E1080.66993 ; infill
G1 X125.366 Y90.458 Z3.862 E1080.72816 ; infill
G1 X123.959 Y90.458 Z3.905 E1080.78226 ; infill
G1 X122.641 Y90.458 Z3.982 E1080.83295 ; infill
G1 X121.393 Y90.458 Z4.088 E1080.88093 ; infill
G1 X119.031 Y90.458 Z4.374 E1080.97173 ; infill
G1 X116.728 Y90.458 Z4.732 E1081.06031 ; infill
G1 X113.063 Y90.458 Z5.340 E1081.20129 ; infill
G1 X110.266 Y90.458 Z5.750 E1081.30888 ; infill
G1 X108.707 Y90.458 Z5.946 E1081.36884 ; infill
G1 X107.016 Y90.458 Z6.131 E1081.43384 ; infill
G1 X104.196 Y90.458 Z6.382 E1081.54230 ; infill
G1 X100.979 Y90.458 Z6.589 E1081.66600 ; infill
G1 X97.304 Y90.458 Z6.742 E1081.80728 ; infill
G1 X93.112 Y90.458 Z6.829 E1081.96849 ; infill
G1 X89.998 Y90.458 Z6.846 E1082.08820 ; infill
G1 X86.885 Y90.458 Z6.829 E1082.20792 ; infill
G1 X82.692 Y90.458 Z6.742 E1082.36913 ; infill
G1 X79.018 Y90.458 Z6.589 E1082.51041 ; infill
G1 X75.801 Y90.458 Z6.382 E1082.63411 ; infill
G1 X72.980 Y90.458 Z6.131 E1082.74258 ; infill
G1 X71.289 Y90.458 Z5.946 E1082.80758 ; infill
G1 X69.730 Y90.458 Z5.750 E1082.86754 ; infill
G1 X66.933 Y90.458 Z5.340 E1082.97512 ; infill
G1 X63.268 Y90.458 Z4.732 E1083.11610 ; infill
G1 X60.965 Y90.458 Z4.374 E1083.20468 ; infill
G1 X58.603 Y90.458 Z4.088 E1083.29549 ; infill
G1 X57.355 Y90.458 Z3.982 E1083.34348 ; infill
G1 X56.362 Y90.458 Z3.923 E1083.38168 ; infill
G1 X54.630 Y90.458 Z3.862 E1083.44827 ; infill
G1 X53.115 Y90.458 Z3.857 E1083.50650 ; infill
G1 X50.729 Y90.458 Z3.927 E1083.59826 ; infill
G1 X50.375 Y90.000 Z3.927 E1083.62052 ; infill
G1 X52.805 Y90.000 Z3.854 E1083.71399 ; infill
G1 X54.334 Y90.000 Z3.858 E1083.77276 ; infill
G1 X55.754 Y90.000 Z3.901 E1083.82737 ; infill
G1 X57.085 Y90.000 Z3.977 E1083.87854 ; infill
G1 X58.345 Y90.000 Z4.083 E1083.92699 ; infill
G1 X60.727 Y90.000 Z4.370 E1084.01860 ; infill
G1 X63.051 Y90.000 Z4.730 E1084.10796 ; infill
G1 X66.751 Y90.000 Z5.342 E1084.25030 ; infill
G1 X69.573 Y90.000 Z5.755 E1084.35883 ; infill
G1 X71.146 Y90.000 Z5.952 E1084.41931 ; infill
G1 X72.850 Y90.000 Z6.138 E1084.48485 ; infill
G1 X75.694 Y90.000 Z6.390 E1084.59418 ; infill
G1 X78.936 Y90.000 Z6.599 E1084.71884 ; infill
G1 X82.638 Y90.000 Z6.752 E1084.86119 ; infill
G1 X86.862 Y90.000 Z6.840 E1085.02360 ; infill
G1 X89.998 Y90.000 Z6.857 E1085.14421 ; infill
G1 X93.135 Y90.000 Z6.840 E1085.26481 ; infill
G1 X97.359 Y90.000 Z6.752 E1085.42723 ; infill
G1 X101.061 Y90.000 Z6.599 E1085.56957 ; infill
G1 X104.303 Y90.000 Z6.390 E1085.69423 ; infill
G1 X107.146 Y90.000 Z6.138 E1085.80356 ; infill
G1 X108.850 Y90.000 Z5.952 E1085.86910 ; infill
G1 X110.423 Y90.000 Z5.755 E1085.92957 ; infill
G1 X113.245 Y90.000 Z5.342 E1086.03811 ; infill
G1 X116.945 Y90.000 Z4.731 E1086.18044 ; infill
G1 X119.269 Y90.000 Z4.370 E1086.26980 ; infill
G1 X121.651 Y90.000 Z4.083 E1086.36141 ; infill
G1 X122.911 Y90.000 Z3.977 E1086.40985 ; infill
G1 X124.242 Y90.000 Z3.901 E1086.46102 ; infill
G1 X125.662 Y90.000 Z3.858 E1086.51563 ; infill
G1 X127.190 Y90.000 Z3.854 E1086.57440 ; infill
G1 X129.620 Y90.000 Z3.926 E1086.66784 ; infill
G1 X129.965 Y89.542 Z3.926 E1086.68988 ; infill
G1 X127.500 Y89.542 Z3.851 E1086.78469 ; infill
G1 X125.958 Y89.542 Z3.854 E1086.84398 ; infill
G1 X124.524 Y89.542 Z3.896 E1086.89910 ; infill
G1 X123.181 Y89.542 Z3.973 E1086.95075 ; infill
G1 X121.909 Y89.542 Z4.079 E1086.99965 ; infill
G1 X119.504 Y89.542 Z4.367 E1087.09214 ; infill
G1 X117.159 Y89.542 Z4.729 E1087.18234 ; infill
G1 X113.427 Y89.542 Z5.344 E1087.32589 ; infill
G1 X110.580 Y89.542 Z5.759 E1087.43538 ; infill
G1 X108.994 Y89.542 Z5.958 E1087.49636 ; infill
G1 X107.276 Y89.542 Z6.145 E1087.56244 ; infill
G1 X104.410 Y89.542 Z6.398 E1087.67264 ; infill
G1 X101.143 Y89.542 Z6.608 E1087.79826 ; infill
G1 X97.413 Y89.542 Z6.763 E1087.94168 ; infill
G1 X93.158 Y89.542 Z6.851 E1088.10529 ; infill
G1 X89.998 Y89.542 Z6.868 E1088.22678 ; infill
G1 X85.358 Y89.542 Z6.830 E1088.40520 ; infill
G1 X81.285 Y89.542 Z6.718 E1088.56182 ; infill
G1 X77.716 Y89.542 Z6.544 E1088.69904 ; infill
G1 X74.590 Y89.542 Z6.318 E1088.81926 ; infill
G1 X72.720 Y89.542 Z6.145 E1088.89113 ; infill
G1 X71.002 Y89.542 Z5.958 E1088.95721 ; infill
G1 X69.416 Y89.542 Z5.759 E1089.01819 ; infill
G1 X66.569 Y89.542 Z5.344 E1089.12769 ; infill
G1 X62.837 Y89.542 Z4.729 E1089.27124 ; infill
G1 X60.492 Y89.542 Z4.367 E1089.36144 ; infill
G1 X58.087 Y89.542 Z4.079 E1089.45393 ; infill
G1 X56.815 Y89.542 Z3.973 E1089.50284 ; infill
G1 X55.471 Y89.542 Z3.896 E1089.55449 ; infill
G1 X54.038 Y89.542 Z3.854 E1089.60961 ; infill
G1 X52.496 Y89.542 Z3.851 E1089.66890 ; infill
G1 X50.023 Y89.542 Z3.926 E1089.76397 ; infill
G1 X49.695 Y89.084 Z3.926 E1089.78563 ; infill
G1 X52.208 Y89.084 Z3.848 E1089.88222 ; infill
G1 X53.756 Y89.084 Z3.851 E1089.94177 ; infill
G1 X55.331 Y89.084 Z3.899 E1090.00234 ; infill
G1 X56.546 Y89.084 Z3.968 E1090.04905 ; infill
G1 X57.829 Y89.084 Z4.075 E1090.09836 ; infill
G1 X60.256 Y89.084 Z4.364 E1090.19172 ; infill
G1 X62.624 Y89.084 Z4.728 E1090.28276 ; infill
G1 X66.389 Y89.084 Z5.346 E1090.42760 ; infill
G1 X69.260 Y89.084 Z5.764 E1090.53799 ; infill
G1 X70.858 Y89.084 Z5.963 E1090.59947 ; infill
G1 X72.591 Y89.084 Z6.152 E1090.66609 ; infill
G1 X75.479 Y89.084 Z6.407 E1090.77716 ; infill
G1 X78.771 Y89.084 Z6.618 E1090.90375 ; infill
G1 X82.529 Y89.084 Z6.773 E1091.04824 ; infill
G1 X86.816 Y89.084 Z6.862 E1091.21305 ; infill
G1 X89.998 Y89.084 Z6.879 E1091.33543 ; infill
G1 X94.672 Y89.084 Z6.841 E1091.51515 ; infill
G1 X98.775 Y89.084 Z6.728 E1091.67292 ; infill
G1 X102.371 Y89.084 Z6.553 E1091.81117 ; infill
G1 X105.522 Y89.084 Z6.326 E1091.93232 ; infill
G1 X107.406 Y89.084 Z6.152 E1092.00476 ; infill
G1 X109.138 Y89.084 Z5.963 E1092.07138 ; infill
G1 X110.737 Y89.084 Z5.764 E1092.13286 ; infill
G1 X113.607 Y89.084 Z5.346 E1092.24325 ; infill
G1 X117.372 Y89.084 Z4.728 E1092.38808 ; infill
G1 X119.740 Y89.084 Z4.364 E1092.47913 ; infill
G1 X122.167 Y89.084 Z4.075 E1092.57248 ; infill
G1 X123.450 Y89.084 Z3.968 E1092.62179 ; infill
G1 X124.800 Y89.084 Z3.892 E1092.67370 ; infill
G1 X126.239 Y89.084 Z3.851 E1092.72906 ; infill
G1 X127.788 Y89.084 Z3.848 E1092.78860 ; infill
G1 X129.464 Y89.084 Z3.887 E1092.85305 ; infill
G1 X130.311 Y89.084 Z3.926 E1092.88560 ; infill
G1 X130.631 Y88.627 Z3.925 E1092.90708 ; infill
G1 X129.765 Y88.627 Z3.886 E1092.94037 ; infill
G1 X128.076 Y88.627 Z3.845 E1093.00530 ; infill
G1 X126.516 Y88.627 Z3.847 E1093.06529 ; infill
G1 X125.065 Y88.627 Z3.888 E1093.12108 ; infill
G1 X123.705 Y88.627 Z3.964 E1093.17339 ; infill
G1 X122.415 Y88.627 Z4.071 E1093.22297 ; infill
G1 X119.975 Y88.627 Z4.361 E1093.31682 ; infill
G1 X117.586 Y88.627 Z4.726 E1093.40870 ; infill
G1 X113.787 Y88.627 Z5.348 E1093.55483 ; infill
G1 X110.892 Y88.627 Z5.768 E1093.66615 ; infill
G1 X109.281 Y88.627 Z5.969 E1093.72813 ; infill
G1 X107.535 Y88.627 Z6.159 E1093.79526 ; infill
G1 X104.624 Y88.627 Z6.415 E1093.90718 ; infill
G1 X101.307 Y88.627 Z6.628 E1094.03472 ; infill
G1 X97.521 Y88.627 Z6.784 E1094.18028 ; infill
G1 X93.204 Y88.627 Z6.873 E1094.34630 ; infill
G1 X89.998 Y88.627 Z6.890 E1094.46955 ; infill
G1 X85.290 Y88.627 Z6.852 E1094.65058 ; infill
G1 X81.157 Y88.627 Z6.739 E1094.80951 ; infill
G1 X77.535 Y88.627 Z6.562 E1094.94879 ; infill
G1 X74.360 Y88.627 Z6.334 E1095.07086 ; infill
G1 X72.461 Y88.627 Z6.159 E1095.14386 ; infill
G1 X70.716 Y88.627 Z5.969 E1095.21100 ; infill
G1 X69.104 Y88.627 Z5.768 E1095.27297 ; infill
G1 X66.209 Y88.627 Z5.348 E1095.38430 ; infill
G1 X62.410 Y88.627 Z4.726 E1095.53043 ; infill
G1 X60.021 Y88.627 Z4.361 E1095.62230 ; infill
G1 X57.581 Y88.627 Z4.071 E1095.71616 ; infill
G1 X56.291 Y88.627 Z3.964 E1095.76574 ; infill
G1 X54.931 Y88.627 Z3.888 E1095.81806 ; infill
G1 X53.480 Y88.627 Z3.847 E1095.87385 ; infill
G1 X51.919 Y88.627 Z3.845 E1095.93385 ; infill
G1 X50.231 Y88.627 Z3.886 E1095.99878 ; infill
G1 X49.367 Y88.627 Z3.925 E1096.03197 ; infill
G1 X49.039 Y88.169 Z3.926 E1096.05363 ; infill
G1 X49.930 Y88.169 Z3.884 E1096.08788 ; infill
G1 X51.631 Y88.169 Z3.842 E1096.15329 ; infill
G1 X53.203 Y88.169 Z3.843 E1096.21374 ; infill
G1 X54.665 Y88.169 Z3.884 E1096.26996 ; infill
G1 X56.036 Y88.169 Z3.960 E1096.32268 ; infill
G1 X57.336 Y88.169 Z4.067 E1096.37265 ; infill
G1 X59.796 Y88.169 Z4.358 E1096.46727 ; infill
G1 X62.199 Y88.169 Z4.725 E1096.55967 ; infill
G1 X66.030 Y88.169 Z5.350 E1096.70701 ; infill
G1 X68.949 Y88.169 Z5.773 E1096.81927 ; infill
G1 X70.573 Y88.169 Z5.975 E1096.88175 ; infill
G1 X72.333 Y88.169 Z6.166 E1096.94942 ; infill
G1 X75.266 Y88.169 Z6.424 E1097.06220 ; infill
G1 X78.608 Y88.169 Z6.637 E1097.19069 ; infill
G1 X82.421 Y88.169 Z6.794 E1097.33731 ; infill
G1 X86.770 Y88.169 Z6.884 E1097.50453 ; infill
G1 X89.998 Y88.169 Z6.901 E1097.62867 ; infill
G1 X94.740 Y88.169 Z6.863 E1097.81099 ; infill
G1 X98.903 Y88.169 Z6.749 E1097.97106 ; infill
G1 X102.552 Y88.169 Z6.572 E1098.11137 ; infill
G1 X105.750 Y88.169 Z6.342 E1098.23435 ; infill
G1 X107.663 Y88.169 Z6.166 E1098.30791 ; infill
G1 X109.423 Y88.169 Z5.975 E1098.37557 ; infill
G1 X111.048 Y88.169 Z5.773 E1098.43805 ; infill
G1 X113.967 Y88.169 Z5.350 E1098.55031 ; infill
G1 X117.797 Y88.169 Z4.725 E1098.69765 ; infill
G1 X120.200 Y88.169 Z4.358 E1098.79005 ; infill
G1 X122.660 Y88.169 Z4.067 E1098.88466 ; infill
G1 X123.959 Y88.169 Z3.960 E1098.93463 ; infill
G1 X125.331 Y88.169 Z3.884 E1098.98735 ; infill
G1 X126.793 Y88.169 Z3.843 E1099.04357 ; infill
G1 X128.365 Y88.169 Z3.842 E1099.10401 ; infill
G1 X130.066 Y88.169 Z3.884 E1099.16942 ; infill
G1 X130.950 Y88.169 Z3.925 E1099.20341 ; infill
G1 X131.269 Y87.711 Z3.926 E1099.22487 ; infill
G1 X130.362 Y87.711 Z3.882 E1099.25974 ; infill
G1 X128.653 Y87.711 Z3.839 E1099.32544 ; infill
G1 X127.069 Y87.711 Z3.840 E1099.38634 ; infill
G1 X125.596 Y87.711 Z3.880 E1099.44298 ; infill
G1 X124.214 Y87.711 Z3.956 E1099.49611 ; infill
G1 X122.905 Y87.711 Z4.063 E1099.54647 ; infill
G1 X120.425 Y87.711 Z4.355 E1099.64184 ; infill
G1 X118.003 Y87.711 Z4.724 E1099.73500 ; infill
G1 X114.146 Y87.711 Z5.352 E1099.88334 ; infill
G1 X111.203 Y87.711 Z5.777 E1099.99651 ; infill
G1 X109.565 Y87.711 Z5.980 E1100.05949 ; infill
G1 X107.792 Y87.711 Z6.172 E1100.12769 ; infill
G1 X104.836 Y87.711 Z6.432 E1100.24133 ; infill
G1 X101.470 Y87.711 Z6.647 E1100.37077 ; infill
G1 X97.629 Y87.711 Z6.805 E1100.51846 ; infill
G1 X93.250 Y87.711 Z6.895 E1100.68686 ; infill
G1 X89.998 Y87.711 Z6.912 E1100.81187 ; infill
G1 X85.223 Y87.711 Z6.873 E1100.99549 ; infill
G1 X81.030 Y87.711 Z6.759 E1101.15671 ; infill
G1 X77.354 Y87.711 Z6.581 E1101.29804 ; infill
G1 X74.132 Y87.711 Z6.350 E1101.42194 ; infill
G1 X72.204 Y87.711 Z6.172 E1101.49607 ; infill
G1 X70.431 Y87.711 Z5.980 E1101.56427 ; infill
G1 X68.793 Y87.711 Z5.777 E1101.62725 ; infill
G1 X65.850 Y87.711 Z5.352 E1101.74042 ; infill
G1 X61.994 Y87.711 Z4.724 E1101.88877 ; infill
G1 X59.571 Y87.711 Z4.355 E1101.98192 ; infill
G1 X57.091 Y87.711 Z4.063 E1102.07730 ; infill
G1 X55.781 Y87.711 Z3.956 E1102.12766 ; infill
G1 X54.400 Y87.711 Z3.880 E1102.18080 ; infill
G1 X52.926 Y87.711 Z3.840 E1102.23744 ; infill
G1 X51.343 Y87.711 Z3.839 E1102.29834 ; infill
G1 X49.634 Y87.711 Z3.882 E1102.36405 ; infill
G1 X48.733 Y87.711 Z3.926 E1102.39868 ; infill
G1 X48.431 Y87.253 Z3.925 E1102.41977 ; infill
G1 X49.356 Y87.253 Z3.880 E1102.45532 ; infill
G1 X51.074 Y87.253 Z3.836 E1102.52137 ; infill
G1 X52.662 Y87.253 Z3.836 E1102.58243 ; infill
G1 X54.139 Y87.253 Z3.876 E1102.63925 ; infill
G1 X55.527 Y87.253 Z3.952 E1102.69259 ; infill
G1 X56.847 Y87.253 Z4.059 E1102.74334 ; infill
G1 X59.346 Y87.253 Z4.352 E1102.83947 ; infill
G1 X61.788 Y87.253 Z4.722 E1102.93338 ; infill
G1 X65.676 Y87.253 Z5.354 E1103.08291 ; infill
G1 X68.639 Y87.253 Z5.782 E1103.19687 ; infill
G1 X70.288 Y87.253 Z5.986 E1103.26030 ; infill
G1 X72.076 Y87.253 Z6.179 E1103.32903 ; infill
G1 X75.054 Y87.253 Z6.440 E1103.44354 ; infill
G1 X78.445 Y87.253 Z6.656 E1103.57393 ; infill
G1 X82.313 Y87.253 Z6.815 E1103.72268 ; infill
G1 X86.724 Y87.253 Z6.906 E1103.89228 ; infill
G1 X89.998 Y87.253 Z6.923 E1104.01817 ; infill
G1 X94.807 Y87.253 Z6.884 E1104.20307 ; infill
G1 X99.029 Y87.253 Z6.769 E1104.36543 ; infill
G1 X102.732 Y87.253 Z6.590 E1104.50779 ; infill
G1 X105.978 Y87.253 Z6.358 E1104.63261 ; infill
G1 X107.921 Y87.253 Z6.179 E1104.70731 ; infill
G1 X109.708 Y87.253 Z5.986 E1104.77603 ; infill
G1 X111.357 Y87.253 Z5.782 E1104.83947 ; infill
G1 X114.320 Y87.253 Z5.354 E1104.95342 ; infill
G1 X118.208 Y87.253 Z4.722 E1105.10295 ; infill
G1 X120.650 Y87.253 Z4.352 E1105.19686 ; infill
G1 X123.149 Y87.253 Z4.059 E1105.29299 ; infill
G1 X124.469 Y87.253 Z3.952 E1105.34374 ; infill
G1 X125.856 Y87.253 Z3.876 E1105.39708 ; infill
G1 X127.334 Y87.253 Z3.836 E1105.45389 ; infill
G1 X128.922 Y87.253 Z3.836 E1105.51494 ; infill
G1 X130.640 Y87.253 Z3.880 E1105.58099 ; infill
G1 X131.563 Y87.253 Z3.925 E1105.61648 ; infill
G1 X131.856 Y86.795 Z3.925 E1105.63739 ; infill
G1 X130.917 Y86.795 Z3.879 E1105.67349 ; infill
G1 X129.189 Y86.795 Z3.834 E1105.73994 ; infill
G1 X127.591 Y86.795 Z3.833 E1105.80138 ; infill
G1 X126.104 Y86.795 Z3.872 E1105.85855 ; infill
G1 X124.709 Y86.795 Z3.948 E1105.91221 ; infill
G1 X123.385 Y86.795 Z4.055 E1105.96310 ; infill
G1 X120.875 Y86.795 Z4.349 E1106.05965 ; infill
G1 X118.413 Y86.795 Z4.721 E1106.15431 ; infill
G1 X114.495 Y86.795 Z5.356 E1106.30503 ; infill
G1 X111.509 Y86.795 Z5.786 E1106.41986 ; infill
G1 X109.847 Y86.795 Z5.992 E1106.48377 ; infill
G1 X108.048 Y86.795 Z6.186 E1106.55297 ; infill
G1 X105.049 Y86.795 Z6.448 E1106.66828 ; infill
G1 X101.633 Y86.795 Z6.666 E1106.79963 ; infill
G1 X97.737 Y86.795 Z6.826 E1106.94944 ; infill
G1 X93.295 Y86.795 Z6.917 E1107.12022 ; infill
G1 X89.998 Y86.795 Z6.934 E1107.24699 ; infill
G1 X85.156 Y86.795 Z6.895 E1107.43317 ; infill
G1 X80.904 Y86.795 Z6.780 E1107.59669 ; infill
G1 X77.175 Y86.795 Z6.599 E1107.74007 ; infill
G1 X73.905 Y86.795 Z6.365 E1107.86580 ; infill
G1 X71.949 Y86.795 Z6.186 E1107.94102 ; infill
G1 X70.149 Y86.795 Z5.992 E1108.01022 ; infill
G1 X68.487 Y86.795 Z5.786 E1108.07412 ; infill
G1 X65.501 Y86.795 Z5.356 E1108.18896 ; infill
G1 X61.583 Y86.795 Z4.721 E1108.33968 ; infill
G1 X59.121 Y86.795 Z4.349 E1108.43434 ; infill
G1 X56.610 Y86.795 Z4.055 E1108.53090 ; infill
G1 X55.287 Y86.795 Z3.948 E1108.58179 ; infill
G1 X53.891 Y86.795 Z3.872 E1108.63545 ; infill
G1 X52.404 Y86.795 Z3.833 E1108.69262 ; infill
G1 X50.806 Y86.795 Z3.834 E1108.75407 ; infill
G1 X49.078 Y86.795 Z3.879 E1108.82053 ; infill
G1 X48.130 Y86.795 Z3.926 E1108.85699 ; infill
G1 X47.851 Y86.337 Z3.926 E1108.87760 ; infill
G1 X48.817 Y86.337 Z3.877 E1108.91474 ; infill
G1 X50.551 Y86.337 Z3.831 E1108.98138 ; infill
G1 X52.153 Y86.337 Z3.830 E1109.04301 ; infill
G1 X53.645 Y86.337 Z3.868 E1109.10035 ; infill
G1 X55.048 Y86.337 Z3.944 E1109.15432 ; infill
G1 X56.380 Y86.337 Z4.051 E1109.20555 ; infill
G1 X58.906 Y86.337 Z4.346 E1109.30268 ; infill
G1 X61.377 Y86.337 Z4.720 E1109.39772 ; infill
G1 X65.327 Y86.337 Z5.358 E1109.54962 ; infill
G1 X68.335 Y86.337 Z5.790 E1109.66534 ; infill
G1 X70.010 Y86.337 Z5.997 E1109.72972 ; infill
G1 X71.823 Y86.337 Z6.193 E1109.79944 ; infill
G1 X74.843 Y86.337 Z6.457 E1109.91559 ; infill
G1 X78.283 Y86.337 Z6.675 E1110.04784 ; infill
G1 X82.206 Y86.337 Z6.836 E1110.19869 ; infill
G1 X86.679 Y86.337 Z6.928 E1110.37066 ; infill
G1 X89.998 Y86.337 Z6.945 E1110.49831 ; infill
G1 X94.874 Y86.337 Z6.906 E1110.68577 ; infill
G1 X99.156 Y86.337 Z6.790 E1110.85042 ; infill
G1 X102.910 Y86.337 Z6.608 E1110.99479 ; infill
G1 X106.203 Y86.337 Z6.373 E1111.12139 ; infill
G1 X108.173 Y86.337 Z6.193 E1111.19716 ; infill
G1 X109.986 Y86.337 Z5.997 E1111.26687 ; infill
G1 X111.661 Y86.337 Z5.791 E1111.33126 ; infill
G1 X114.669 Y86.337 Z5.358 E1111.44697 ; infill
G1 X118.619 Y86.337 Z4.720 E1111.59887 ; infill
G1 X121.090 Y86.337 Z4.346 E1111.69391 ; infill
G1 X123.616 Y86.337 Z4.051 E1111.79104 ; infill
G1 X124.948 Y86.337 Z3.944 E1111.84227 ; infill
G1 X126.351 Y86.337 Z3.869 E1111.89623 ; infill
G1 X127.843 Y86.337 Z3.830 E1111.95357 ; infill
G1 X129.445 Y86.337 Z3.831 E1112.01519 ; infill
G1 X131.178 Y86.337 Z3.877 E1112.08183 ; infill
G1 X132.150 Y86.337 Z3.925 E1112.11918 ; infill
G1 X132.422 Y85.879 Z3.925 E1112.13966 ; infill
G1 X131.439 Y85.879 Z3.875 E1112.17745 ; infill
G1 X129.696 Y85.879 Z3.828 E1112.24445 ; infill
G1 X128.085 Y85.879 Z3.826 E1112.30641 ; infill
G1 X126.585 Y85.879 Z3.865 E1112.36407 ; infill
G1 X125.177 Y85.879 Z3.940 E1112.41821 ; infill
G1 X123.841 Y85.879 Z4.048 E1112.46958 ; infill
G1 X121.303 Y85.879 Z4.343 E1112.56720 ; infill
G1 X118.815 Y85.879 Z4.718 E1112.66289 ; infill
G1 X114.844 Y85.879 Z5.360 E1112.81561 ; infill
G1 X111.812 Y85.879 Z5.795 E1112.93221 ; infill
G1 X110.125 Y85.879 Z6.003 E1112.99708 ; infill
G1 X108.299 Y85.879 Z6.199 E1113.06730 ; infill
G1 X106.315 Y85.879 Z6.381 E1113.14362 ; infill
G1 X104.652 Y85.879 Z6.508 E1113.20756 ; infill
G1 X101.793 Y85.879 Z6.685 E1113.31747 ; infill
G1 X97.843 Y85.879 Z6.847 E1113.46936 ; infill
G1 X93.340 Y85.879 Z6.939 E1113.64249 ; infill
G1 X89.998 Y85.879 Z6.956 E1113.77100 ; infill
G1 X85.090 Y85.879 Z6.917 E1113.95974 ; infill
G1 X80.778 Y85.879 Z6.800 E1114.12551 ; infill
G1 X76.998 Y85.879 Z6.617 E1114.27088 ; infill
G1 X73.682 Y85.879 Z6.381 E1114.39839 ; infill
G1 X71.697 Y85.879 Z6.199 E1114.47471 ; infill
G1 X69.871 Y85.879 Z6.003 E1114.54493 ; infill
G1 X68.184 Y85.879 Z5.795 E1114.60980 ; infill
G1 X65.152 Y85.879 Z5.360 E1114.72639 ; infill
G1 X61.181 Y85.879 Z4.718 E1114.87912 ; infill
G1 X58.693 Y85.879 Z4.343 E1114.97481 ; infill
G1 X56.155 Y85.879 Z4.047 E1115.07244 ; infill
G1 X54.819 Y85.879 Z3.940 E1115.12381 ; infill
G1 X53.411 Y85.879 Z3.865 E1115.17795 ; infill
G1 X51.911 Y85.879 Z3.826 E1115.23562 ; infill
G1 X50.299 Y85.879 Z3.829 E1115.29758 ; infill
G1 X48.557 Y85.879 Z3.876 E1115.36458 ; infill
G1 X47.574 Y85.879 Z3.925 E1115.40238 ; infill
G1 X47.298 Y85.422 Z3.925 E1115.42292 ; infill
G1 X48.308 Y85.422 Z3.874 E1115.46173 ; infill
G1 X50.054 Y85.422 Z3.826 E1115.52890 ; infill
G1 X51.669 Y85.422 Z3.823 E1115.59099 ; infill
G1 X53.176 Y85.422 Z3.861 E1115.64894 ; infill
G1 X54.592 Y85.422 Z3.936 E1115.70338 ; infill
G1 X55.936 Y85.422 Z4.044 E1115.75505 ; infill
G1 X58.486 Y85.422 Z4.340 E1115.85311 ; infill
G1 X60.985 Y85.422 Z4.717 E1115.94924 ; infill
G1 X64.983 Y85.422 Z5.362 E1116.10298 ; infill
G1 X68.032 Y85.422 Z5.799 E1116.22026 ; infill
G1 X69.731 Y85.422 Z6.008 E1116.28561 ; infill
G1 X71.571 Y85.422 Z6.206 E1116.35634 ; infill
G1 X73.570 Y85.422 Z6.388 E1116.43320 ; infill
G1 X75.748 Y85.422 Z6.552 E1116.51694 ; infill
G1 X79.391 Y85.422 Z6.755 E1116.65704 ; infill
G1 X82.101 Y85.422 Z6.857 E1116.76122 ; infill
G1 X86.634 Y85.422 Z6.950 E1116.93553 ; infill
G1 X89.998 Y85.422 Z6.967 E1117.06489 ; infill
G1 X94.940 Y85.422 Z6.928 E1117.25489 ; infill
G1 X99.280 Y85.422 Z6.810 E1117.42178 ; infill
G1 X103.087 Y85.422 Z6.626 E1117.56816 ; infill
G1 X106.426 Y85.422 Z6.388 E1117.69656 ; infill
G1 X108.425 Y85.422 Z6.206 E1117.77343 ; infill
G1 X110.265 Y85.422 Z6.008 E1117.84416 ; infill
G1 X111.964 Y85.422 Z5.799 E1117.90951 ; infill
G1 X115.014 Y85.422 Z5.362 E1118.02679 ; infill
G1 X119.011 Y85.422 Z4.717 E1118.18053 ; infill
G1 X121.510 Y85.422 Z4.340 E1118.27666 ; infill
G1 X124.060 Y85.422 Z4.044 E1118.37471 ; infill
G1 X125.403 Y85.422 Z3.936 E1118.42637 ; infill
G1 X126.819 Y85.422 Z3.861 E1118.48082 ; infill
G1 X128.326 Y85.422 Z3.823 E1118.53875 ; infill
G1 X129.941 Y85.422 Z3.826 E1118.60085 ; infill
G1 X131.688 Y85.422 Z3.874 E1118.66801 ; infill
G1 X132.687 Y85.422 Z3.925 E1118.70643 ; infill
G1 X132.952 Y84.964 Z3.924 E1118.72677 ; infill
G1 X131.930 Y84.964 Z3.872 E1118.76607 ; infill
G1 X130.175 Y84.964 Z3.824 E1118.83354 ; infill
G1 X128.553 Y84.964 Z3.820 E1118.89594 ; infill
G1 X127.042 Y84.964 Z3.858 E1118.95401 ; infill
G1 X125.624 Y84.964 Z3.933 E1119.00855 ; infill
G1 X124.278 Y84.964 Z4.040 E1119.06032 ; infill
G1 X121.713 Y84.964 Z4.338 E1119.15893 ; infill
G1 X119.200 Y84.964 Z4.716 E1119.25558 ; infill
G1 X115.182 Y84.964 Z5.364 E1119.41015 ; infill
G1 X112.111 Y84.964 Z5.804 E1119.52824 ; infill
G1 X110.401 Y84.964 Z6.014 E1119.59398 ; infill
G1 X108.550 Y84.964 Z6.212 E1119.66516 ; infill
G1 X106.538 Y84.964 Z6.396 E1119.74255 ; infill
G1 X104.345 Y84.964 Z6.561 E1119.82686 ; infill
G1 X100.676 Y84.964 Z6.765 E1119.96794 ; infill
G1 X97.949 Y84.964 Z6.867 E1120.07282 ; infill
G1 X93.385 Y84.964 Z6.961 E1120.24829 ; infill
G1 X89.998 Y84.964 Z6.978 E1120.37851 ; infill
G1 X85.024 Y84.964 Z6.938 E1120.56978 ; infill
G1 X80.654 Y84.964 Z6.820 E1120.73780 ; infill
G1 X76.821 Y84.964 Z6.635 E1120.88518 ; infill
G1 X73.458 Y84.964 Z6.396 E1121.01449 ; infill
G1 X71.446 Y84.964 Z6.212 E1121.09188 ; infill
G1 X69.595 Y84.964 Z6.014 E1121.16306 ; infill
G1 X67.885 Y84.964 Z5.803 E1121.22879 ; infill
G1 X64.815 Y84.964 Z5.364 E1121.34689 ; infill
G1 X60.796 Y84.964 Z4.716 E1121.50146 ; infill
G1 X58.283 Y84.964 Z4.337 E1121.59811 ; infill
G1 X55.718 Y84.964 Z4.040 E1121.69672 ; infill
G1 X54.372 Y84.964 Z3.933 E1121.74850 ; infill
G1 X52.953 Y84.964 Z3.858 E1121.80304 ; infill
G1 X51.443 Y84.964 Z3.820 E1121.86112 ; infill
G1 X49.820 Y84.964 Z3.824 E1121.92351 ; infill
G1 X48.065 Y84.964 Z3.873 E1121.99099 ; infill
G1 X47.045 Y84.964 Z3.925 E1122.03023 ; infill
G1 X46.791 Y84.506 Z3.925 E1122.05036 ; infill
G1 X47.826 Y84.506 Z3.871 E1122.09015 ; infill
G1 X49.586 Y84.506 Z3.821 E1122.15782 ; infill
G1 X51.216 Y84.506 Z3.817 E1122.22051 ; infill
G1 X52.734 Y84.506 Z3.854 E1122.27887 ; infill
G1 X54.160 Y84.506 Z3.929 E1122.33368 ; infill
G1 X55.513 Y84.506 Z4.037 E1122.38571 ; infill
G1 X58.083 Y84.506 Z4.335 E1122.48453 ; infill
G1 X60.608 Y84.506 Z4.715 E1122.58166 ; infill
G1 X64.650 Y84.506 Z5.366 E1122.73711 ; infill
G1 X67.738 Y84.506 Z5.808 E1122.85590 ; infill
G1 X69.460 Y84.506 Z6.019 E1122.92209 ; infill
G1 X71.323 Y84.506 Z6.219 E1122.99375 ; infill
G1 X73.349 Y84.506 Z6.404 E1123.07164 ; infill
G1 X75.556 Y84.506 Z6.570 E1123.15650 ; infill
G1 X79.249 Y84.506 Z6.775 E1123.29851 ; infill
G1 X81.995 Y84.506 Z6.878 E1123.40410 ; infill
G1 X86.589 Y84.506 Z6.972 E1123.58074 ; infill
G1 X89.998 Y84.506 Z6.989 E1123.71182 ; infill
G1 X95.005 Y84.506 Z6.949 E1123.90435 ; infill
G1 X99.404 Y84.506 Z6.830 E1124.07349 ; infill
G1 X103.263 Y84.506 Z6.644 E1124.22186 ; infill
G1 X106.647 Y84.506 Z6.404 E1124.35199 ; infill
G1 X108.673 Y84.506 Z6.219 E1124.42988 ; infill
G1 X110.537 Y84.506 Z6.019 E1124.50155 ; infill
G1 X112.258 Y84.506 Z5.808 E1124.56774 ; infill
G1 X115.347 Y84.506 Z5.366 E1124.68653 ; infill
G1 X119.388 Y84.506 Z4.715 E1124.84198 ; infill
G1 X121.913 Y84.506 Z4.335 E1124.93910 ; infill
G1 X124.483 Y84.506 Z4.037 E1125.03792 ; infill
G1 X125.836 Y84.506 Z3.929 E1125.08995 ; infill
G1 X127.262 Y84.506 Z3.854 E1125.14475 ; infill
G1 X128.779 Y84.506 Z3.817 E1125.20311 ; infill
G1 X130.410 Y84.506 Z3.821 E1125.26580 ; infill
G1 X132.169 Y84.506 Z3.871 E1125.33346 ; infill
G1 X133.207 Y84.506 Z3.925 E1125.37334 ; infill
G1 X133.442 Y84.048 Z3.925 E1125.39314 ; infill
G1 X132.393 Y84.048 Z3.870 E1125.43347 ; infill
G1 X130.628 Y84.048 Z3.819 E1125.50136 ; infill
G1 X128.996 Y84.048 Z3.814 E1125.56412 ; infill
G1 X127.476 Y84.048 Z3.851 E1125.62255 ; infill
G1 X126.049 Y84.048 Z3.926 E1125.67744 ; infill
G1 X124.689 Y84.048 Z4.033 E1125.72972 ; infill
G1 X122.106 Y84.048 Z4.332 E1125.82905 ; infill
G1 X119.571 Y84.048 Z4.714 E1125.92652 ; infill
G1 X115.509 Y84.048 Z5.368 E1126.08278 ; infill
G1 X112.401 Y84.048 Z5.812 E1126.20229 ; infill
G1 X110.670 Y84.048 Z6.024 E1126.26886 ; infill
G1 X108.795 Y84.048 Z6.225 E1126.34096 ; infill
G1 X106.756 Y84.048 Z6.411 E1126.41937 ; infill
G1 X104.534 Y84.048 Z6.578 E1126.50480 ; infill
G1 X100.817 Y84.048 Z6.785 E1126.64774 ; infill
G1 X98.053 Y84.048 Z6.888 E1126.75400 ; infill
G1 X93.429 Y84.048 Z6.983 E1126.93179 ; infill
G1 X89.998 Y84.048 Z7.000 E1127.06373 ; infill
G1 X84.958 Y84.048 Z6.960 E1127.25751 ; infill
G1 X80.531 Y84.048 Z6.840 E1127.42775 ; infill
G1 X76.647 Y84.048 Z6.653 E1127.57708 ; infill
G1 X73.240 Y84.048 Z6.411 E1127.70809 ; infill
G1 X71.201 Y84.048 Z6.225 E1127.78650 ; infill
G1 X69.326 Y84.048 Z6.024 E1127.85861 ; infill
G1 X67.595 Y84.048 Z5.812 E1127.92518 ; infill
G1 X64.487 Y84.048 Z5.368 E1128.04469 ; infill
G1 X60.425 Y84.048 Z4.713 E1128.20095 ; infill
G1 X57.890 Y84.048 Z4.332 E1128.29842 ; infill
G1 X55.307 Y84.048 Z4.033 E1128.39775 ; infill
G1 X53.947 Y84.048 Z3.926 E1128.45004 ; infill
G1 X52.520 Y84.048 Z3.851 E1128.50493 ; infill
G1 X51.000 Y84.048 Z3.814 E1128.56336 ; infill
G1 X49.368 Y84.048 Z3.819 E1128.62613 ; infill
G1 X47.602 Y84.048 Z3.870 E1128.69402 ; infill
G1 X46.541 Y84.048 Z3.924 E1128.73480 ; infill
G1 X46.311 Y83.590 Z3.924 E1128.75450 ; infill
G1 X47.378 Y83.590 Z3.868 E1128.79551 ; infill
G1 X49.151 Y83.590 Z3.817 E1128.86368 ; infill
G1 X50.790 Y83.590 Z3.811 E1128.92671 ; infill
G1 X52.316 Y83.590 Z3.848 E1128.98538 ; infill
G1 X53.749 Y83.590 Z3.922 E1129.04049 ; infill
G1 X55.110 Y83.590 Z4.030 E1129.09282 ; infill
G1 X57.698 Y83.590 Z4.330 E1129.19233 ; infill
G1 X60.246 Y83.590 Z4.712 E1129.29033 ; infill
G1 X64.326 Y83.590 Z5.370 E1129.44728 ; infill
G1 X67.452 Y83.590 Z5.816 E1129.56749 ; infill
G1 X69.194 Y83.590 Z6.030 E1129.63449 ; infill
G1 X71.081 Y83.590 Z6.232 E1129.70705 ; infill
G1 X73.133 Y83.590 Z6.419 E1129.78593 ; infill
G1 X75.368 Y83.590 Z6.587 E1129.87189 ; infill
G1 X79.110 Y83.590 Z6.795 E1130.01575 ; infill
G1 X81.891 Y83.590 Z6.899 E1130.12271 ; infill
G1 X86.545 Y83.590 Z6.994 E1130.30165 ; infill
G1 X89.998 Y83.590 Z7.011 E1130.43443 ; infill
G1 X95.070 Y83.590 Z6.971 E1130.62944 ; infill
G1 X99.526 Y83.590 Z6.850 E1130.80078 ; infill
G1 X103.435 Y83.590 Z6.662 E1130.95109 ; infill
G1 X106.863 Y83.590 Z6.419 E1131.08291 ; infill
G1 X108.915 Y83.590 Z6.232 E1131.16179 ; infill
G1 X110.802 Y83.590 Z6.030 E1131.23435 ; infill
G1 X112.544 Y83.590 Z5.816 E1131.30134 ; infill
G1 X115.670 Y83.590 Z5.370 E1131.42155 ; infill
G1 X119.750 Y83.590 Z4.712 E1131.57851 ; infill
G1 X122.298 Y83.590 Z4.330 E1131.67650 ; infill
G1 X124.886 Y83.590 Z4.030 E1131.77601 ; infill
G1 X126.247 Y83.590 Z3.922 E1131.82833 ; infill
G1 X127.680 Y83.590 Z3.848 E1131.88344 ; infill
G1 X129.206 Y83.590 Z3.811 E1131.94211 ; infill
G1 X130.845 Y83.590 Z3.816 E1132.00513 ; infill
G1 X132.618 Y83.590 Z3.868 E1132.07330 ; infill
G1 X133.678 Y83.590 Z3.924 E1132.11407 ; infill
G1 X133.914 Y83.132 Z3.924 E1132.13387 ; infill
G1 X132.830 Y83.132 Z3.867 E1132.17552 ; infill
G1 X131.056 Y83.132 Z3.814 E1132.24376 ; infill
G1 X129.415 Y83.132 Z3.808 E1132.30685 ; infill
G1 X127.884 Y83.132 Z3.844 E1132.36572 ; infill
G1 X126.445 Y83.132 Z3.919 E1132.42106 ; infill
G1 X125.078 Y83.132 Z4.027 E1132.47361 ; infill
G1 X122.480 Y83.132 Z4.327 E1132.57350 ; infill
G1 X119.928 Y83.132 Z4.711 E1132.67166 ; infill
G1 X115.826 Y83.132 Z5.372 E1132.82946 ; infill
G1 X112.684 Y83.132 Z5.820 E1132.95027 ; infill
G1 X110.933 Y83.132 Z6.035 E1133.01761 ; infill
G1 X109.034 Y83.132 Z6.238 E1133.09063 ; infill
G1 X106.970 Y83.132 Z6.426 E1133.17001 ; infill
G1 X104.720 Y83.132 Z6.595 E1133.25651 ; infill
G1 X100.955 Y83.132 Z6.804 E1133.40127 ; infill
G1 X98.156 Y83.132 Z6.909 E1133.50890 ; infill
G1 X93.473 Y83.132 Z7.005 E1133.68896 ; infill
G1 X89.998 Y83.132 Z7.022 E1133.82258 ; infill
G1 X84.894 Y83.132 Z6.981 E1134.01883 ; infill
G1 X80.410 Y83.132 Z6.860 E1134.19126 ; infill
G1 X76.477 Y83.132 Z6.671 E1134.34250 ; infill
G1 X73.027 Y83.132 Z6.426 E1134.47516 ; infill
G1 X70.962 Y83.132 Z6.238 E1134.55454 ; infill
G1 X69.063 Y83.132 Z6.035 E1134.62756 ; infill
G1 X67.312 Y83.132 Z5.820 E1134.69490 ; infill
G1 X64.171 Y83.132 Z5.372 E1134.81571 ; infill
G1 X60.068 Y83.132 Z4.711 E1134.97351 ; infill
G1 X57.516 Y83.132 Z4.327 E1135.07168 ; infill
G1 X54.918 Y83.132 Z4.027 E1135.17157 ; infill
G1 X53.551 Y83.132 Z3.919 E1135.22412 ; infill
G1 X52.112 Y83.132 Z3.844 E1135.27946 ; infill
G1 X50.581 Y83.132 Z3.808 E1135.33833 ; infill
G1 X48.940 Y83.132 Z3.814 E1135.40143 ; infill
G1 X47.165 Y83.132 Z3.867 E1135.46968 ; infill
G1 X46.081 Y83.132 Z3.924 E1135.51135 ; infill
G1 X45.854 Y82.675 Z3.924 E1135.53100 ; infill
G1 X46.959 Y82.675 Z3.865 E1135.57350 ; infill
G1 X48.741 Y82.675 Z3.812 E1135.64199 ; infill
G1 X50.387 Y82.675 Z3.805 E1135.70531 ; infill
G1 X51.920 Y82.675 Z3.841 E1135.76424 ; infill
G1 X53.360 Y82.675 Z3.915 E1135.81961 ; infill
G1 X54.727 Y82.675 Z4.023 E1135.87218 ; infill
G1 X57.335 Y82.675 Z4.324 E1135.97245 ; infill
G1 X59.899 Y82.675 Z4.710 E1136.07107 ; infill
G1 X64.015 Y82.675 Z5.373 E1136.22937 ; infill
G1 X67.174 Y82.675 Z5.824 E1136.35089 ; infill
G1 X68.936 Y82.675 Z6.040 E1136.41863 ; infill
G1 X70.845 Y82.675 Z6.245 E1136.49204 ; infill
G1 X72.921 Y82.675 Z6.434 E1136.57187 ; infill
G1 X75.184 Y82.675 Z6.604 E1136.65889 ; infill
G1 X78.973 Y82.675 Z6.814 E1136.80456 ; infill
G1 X81.789 Y82.675 Z6.919 E1136.91287 ; infill
G1 X86.502 Y82.675 Z7.015 E1137.09406 ; infill
G1 X89.998 Y82.675 Z7.033 E1137.22850 ; infill
G1 X95.134 Y82.675 Z6.992 E1137.42597 ; infill
G1 X99.646 Y82.675 Z6.870 E1137.59947 ; infill
G1 X103.604 Y82.675 Z6.680 E1137.75166 ; infill
G1 X107.075 Y82.675 Z6.434 E1137.88512 ; infill
G1 X109.151 Y82.675 Z6.245 E1137.96495 ; infill
G1 X111.060 Y82.675 Z6.040 E1138.03836 ; infill
G1 X112.822 Y82.675 Z5.824 E1138.10611 ; infill
G1 X115.981 Y82.675 Z5.373 E1138.22762 ; infill
G1 X120.097 Y82.675 Z4.710 E1138.38592 ; infill
G1 X122.661 Y82.675 Z4.324 E1138.48453 ; infill
G1 X125.269 Y82.675 Z4.024 E1138.58480 ; infill
G1 X126.636 Y82.675 Z3.915 E1138.63738 ; infill
G1 X128.076 Y82.675 Z3.841 E1138.69274 ; infill
G1 X129.608 Y82.675 Z3.805 E1138.75167 ; infill
G1 X131.255 Y82.675 Z3.812 E1138.81499 ; infill
G1 X133.036 Y82.675 Z3.865 E1138.88347 ; infill
G1 X134.134 Y82.675 Z3.924 E1138.92570 ; infill
G1 X134.349 Y82.217 Z3.924 E1138.94514 ; infill
G1 X133.242 Y82.217 Z3.864 E1138.98772 ; infill
G1 X131.454 Y82.217 Z3.810 E1139.05645 ; infill
G1 X129.802 Y82.217 Z3.803 E1139.11999 ; infill
G1 X128.264 Y82.217 Z3.838 E1139.17914 ; infill
G1 X126.819 Y82.217 Z3.912 E1139.23469 ; infill
G1 X125.447 Y82.217 Z4.020 E1139.28745 ; infill
G1 X122.837 Y82.217 Z4.322 E1139.38781 ; infill
G1 X120.266 Y82.217 Z4.709 E1139.48668 ; infill
G1 X116.131 Y82.217 Z5.375 E1139.64574 ; infill
G1 X112.959 Y82.217 Z5.828 E1139.76774 ; infill
G1 X111.187 Y82.217 Z6.046 E1139.83585 ; infill
G1 X109.267 Y82.217 Z6.251 E1139.90970 ; infill
G1 X107.178 Y82.217 Z6.441 E1139.99001 ; infill
G1 X104.902 Y82.217 Z6.612 E1140.07754 ; infill
G1 X101.091 Y82.217 Z6.824 E1140.22407 ; infill
G1 X98.258 Y82.217 Z6.930 E1140.33302 ; infill
G1 X93.516 Y82.217 Z7.026 E1140.51533 ; infill
G1 X89.998 Y82.217 Z7.044 E1140.65060 ; infill
G1 X84.831 Y82.217 Z7.003 E1140.84929 ; infill
G1 X80.291 Y82.217 Z6.880 E1141.02385 ; infill
G1 X76.309 Y82.217 Z6.689 E1141.17695 ; infill
G1 X72.818 Y82.217 Z6.441 E1141.31120 ; infill
G1 X70.729 Y82.217 Z6.251 E1141.39151 ; infill
G1 X68.809 Y82.217 Z6.046 E1141.46536 ; infill
G1 X67.037 Y82.217 Z5.828 E1141.53348 ; infill
G1 X63.865 Y82.217 Z5.375 E1141.65547 ; infill
G1 X59.730 Y82.217 Z4.709 E1141.81454 ; infill
G1 X57.159 Y82.217 Z4.322 E1141.91341 ; infill
G1 X54.549 Y82.217 Z4.020 E1142.01377 ; infill
G1 X53.177 Y82.217 Z3.912 E1142.06654 ; infill
G1 X51.732 Y82.217 Z3.838 E1142.12210 ; infill
G1 X50.194 Y82.217 Z3.803 E1142.18124 ; infill
G1 X48.541 Y82.217 Z3.810 E1142.24478 ; infill
G1 X46.754 Y82.217 Z3.864 E1142.31352 ; infill
G1 X45.647 Y82.217 Z3.924 E1142.35606 ; infill
G1 X45.440 Y81.759 Z3.924 E1142.37538 ; infill
G1 X46.565 Y81.759 Z3.863 E1142.41863 ; infill
G1 X48.354 Y81.759 Z3.808 E1142.48741 ; infill
G1 X50.007 Y81.759 Z3.800 E1142.55098 ; infill
G1 X51.546 Y81.759 Z3.835 E1142.61014 ; infill
G1 X52.994 Y81.759 Z3.909 E1142.66583 ; infill
G1 X54.371 Y81.759 Z4.017 E1142.71878 ; infill
G1 X56.990 Y81.759 Z4.319 E1142.81951 ; infill
G1 X59.568 Y81.759 Z4.708 E1142.91863 ; infill
G1 X63.717 Y81.759 Z5.377 E1143.07821 ; infill
G1 X66.905 Y81.759 Z5.832 E1143.20085 ; infill
G1 X68.685 Y81.759 Z6.051 E1143.26929 ; infill
G1 X70.615 Y81.759 Z6.257 E1143.34349 ; infill
G1 X72.714 Y81.759 Z6.449 E1143.42423 ; infill
G1 X75.005 Y81.759 Z6.620 E1143.51229 ; infill
G1 X78.838 Y81.759 Z6.833 E1143.65969 ; infill
G1 X81.689 Y81.759 Z6.940 E1143.76931 ; infill
G1 X86.459 Y81.759 Z7.037 E1143.95271 ; infill
G1 X89.998 Y81.759 Z7.055 E1144.08880 ; infill
G1 X95.197 Y81.759 Z7.014 E1144.28868 ; infill
G1 X99.764 Y81.759 Z6.890 E1144.46429 ; infill
G1 X103.769 Y81.759 Z6.698 E1144.61831 ; infill
G1 X107.282 Y81.759 Z6.449 E1144.75337 ; infill
G1 X109.381 Y81.759 Z6.257 E1144.83410 ; infill
G1 X111.311 Y81.759 Z6.051 E1144.90830 ; infill
G1 X113.091 Y81.759 Z5.832 E1144.97674 ; infill
G1 X116.279 Y81.759 Z5.377 E1145.09938 ; infill
G1 X120.428 Y81.759 Z4.708 E1145.25896 ; infill
G1 X123.006 Y81.759 Z4.320 E1145.35808 ; infill
G1 X125.625 Y81.759 Z4.017 E1145.45880 ; infill
G1 X127.002 Y81.759 Z3.909 E1145.51175 ; infill
G1 X128.450 Y81.759 Z3.835 E1145.56743 ; infill
G1 X129.989 Y81.759 Z3.800 E1145.62659 ; infill
G1 X131.642 Y81.759 Z3.808 E1145.69016 ; infill
G1 X133.430 Y81.759 Z3.863 E1145.75893 ; infill
G1 X134.560 Y81.759 Z3.924 E1145.80235 ; infill
G1 X134.752 Y81.301 Z3.923 E1145.82145 ; infill
G1 X133.617 Y81.301 Z3.861 E1145.86508 ; infill
G1 X131.823 Y81.301 Z3.806 E1145.93407 ; infill
G1 X130.165 Y81.301 Z3.797 E1145.99782 ; infill
G1 X128.622 Y81.301 Z3.832 E1146.05716 ; infill
G1 X127.172 Y81.301 Z3.906 E1146.11289 ; infill
G1 X125.796 Y81.301 Z4.014 E1146.16583 ; infill
G1 X123.174 Y81.301 Z4.317 E1146.26664 ; infill
G1 X120.587 Y81.301 Z4.707 E1146.36615 ; infill
G1 X116.424 Y81.301 Z5.379 E1146.52626 ; infill
G1 X113.223 Y81.301 Z5.836 E1146.64938 ; infill
G1 X111.433 Y81.301 Z6.056 E1146.71819 ; infill
G1 X109.493 Y81.301 Z6.264 E1146.79280 ; infill
G1 X107.382 Y81.301 Z6.456 E1146.87399 ; infill
G1 X105.079 Y81.301 Z6.629 E1146.96251 ; infill
G1 X101.224 Y81.301 Z6.843 E1147.11074 ; infill
G1 X98.357 Y81.301 Z6.950 E1147.22100 ; infill
G1 X93.559 Y81.301 Z7.048 E1147.40550 ; infill
G1 X89.998 Y81.301 Z7.066 E1147.54240 ; infill
G1 X84.769 Y81.301 Z7.024 E1147.74348 ; infill
G1 X80.174 Y81.301 Z6.900 E1147.92014 ; infill
G1 X76.146 Y81.301 Z6.707 E1148.07504 ; infill
G1 X72.614 Y81.301 Z6.456 E1148.21082 ; infill
G1 X70.503 Y81.301 Z6.264 E1148.29201 ; infill
G1 X68.563 Y81.301 Z6.056 E1148.36662 ; infill
G1 X66.773 Y81.301 Z5.836 E1148.43543 ; infill
G1 X63.572 Y81.301 Z5.379 E1148.55855 ; infill
G1 X59.409 Y81.301 Z4.707 E1148.71867 ; infill
G1 X56.822 Y81.301 Z4.317 E1148.81818 ; infill
G1 X54.200 Y81.301 Z4.014 E1148.91899 ; infill
G1 X52.823 Y81.301 Z3.906 E1148.97193 ; infill
G1 X51.374 Y81.301 Z3.832 E1149.02767 ; infill
G1 X49.831 Y81.301 Z3.797 E1149.08701 ; infill
G1 X48.172 Y81.301 Z3.806 E1149.15077 ; infill
G1 X46.378 Y81.301 Z3.861 E1149.21976 ; infill
G1 X45.234 Y81.301 Z3.924 E1149.26374 ; infill
G1 X45.051 Y80.843 Z3.924 E1149.28270 ; infill
G1 X46.193 Y80.843 Z3.860 E1149.32661 ; infill
G1 X47.991 Y80.843 Z3.803 E1149.39574 ; infill
G1 X49.654 Y80.843 Z3.794 E1149.45969 ; infill
G1 X51.202 Y80.843 Z3.829 E1149.51921 ; infill
G1 X52.656 Y80.843 Z3.903 E1149.57511 ; infill
G1 X54.037 Y80.843 Z4.011 E1149.62821 ; infill
G1 X56.664 Y80.843 Z4.315 E1149.72924 ; infill
G1 X59.252 Y80.843 Z4.706 E1149.82878 ; infill
G1 X63.431 Y80.843 Z5.380 E1149.98952 ; infill
G1 X66.646 Y80.843 Z5.840 E1150.11316 ; infill
G1 X68.442 Y80.843 Z6.061 E1150.18224 ; infill
G1 X70.391 Y80.843 Z6.270 E1150.25719 ; infill
G1 X72.514 Y80.843 Z6.463 E1150.33882 ; infill
G1 X74.830 Y80.843 Z6.637 E1150.42785 ; infill
G1 X78.707 Y80.843 Z6.852 E1150.57693 ; infill
G1 X81.591 Y80.843 Z6.960 E1150.68782 ; infill
G1 X86.417 Y80.843 Z7.059 E1150.87339 ; infill
G1 X89.998 Y80.843 Z7.077 E1151.01109 ; infill
G1 X95.258 Y80.843 Z7.035 E1151.21334 ; infill
G1 X99.879 Y80.843 Z6.910 E1151.39102 ; infill
G1 X103.931 Y80.843 Z6.715 E1151.54680 ; infill
G1 X107.482 Y80.843 Z6.463 E1151.68335 ; infill
G1 X109.605 Y80.843 Z6.270 E1151.76498 ; infill
G1 X111.554 Y80.843 Z6.061 E1151.83992 ; infill
G1 X113.350 Y80.843 Z5.840 E1151.90900 ; infill
G1 X116.565 Y80.843 Z5.380 E1152.03264 ; infill
G1 X120.744 Y80.843 Z4.706 E1152.19338 ; infill
G1 X123.332 Y80.843 Z4.315 E1152.29292 ; infill
G1 X125.959 Y80.843 Z4.011 E1152.39395 ; infill
G1 X127.340 Y80.843 Z3.903 E1152.44705 ; infill
G1 X128.794 Y80.843 Z3.829 E1152.50294 ; infill
G1 X130.342 Y80.843 Z3.794 E1152.56245 ; infill
G1 X132.005 Y80.843 Z3.803 E1152.62640 ; infill
G1 X133.802 Y80.843 Z3.860 E1152.69553 ; infill
G1 X134.944 Y80.843 Z3.923 E1152.73944 ; infill
G1 X135.137 Y80.385 Z3.923 E1152.75853 ; infill
G1 X133.971 Y80.385 Z3.859 E1152.80336 ; infill
G1 X132.170 Y80.385 Z3.801 E1152.87259 ; infill
G1 X130.507 Y80.385 Z3.792 E1152.93653 ; infill
G1 X128.960 Y80.385 Z3.826 E1152.99604 ; infill
G1 X127.507 Y80.385 Z3.899 E1153.05192 ; infill
G1 X126.123 Y80.385 Z4.008 E1153.10512 ; infill
G1 X123.488 Y80.385 Z4.312 E1153.20646 ; infill
G1 X120.891 Y80.385 Z4.704 E1153.30631 ; infill
G1 X116.705 Y80.385 Z5.382 E1153.46732 ; infill
G1 X113.476 Y80.385 Z5.844 E1153.59152 ; infill
G1 X111.671 Y80.385 Z6.066 E1153.66094 ; infill
G1 X109.712 Y80.385 Z6.276 E1153.73626 ; infill
G1 X107.579 Y80.385 Z6.471 E1153.81827 ; infill
G1 X105.252 Y80.385 Z6.645 E1153.90773 ; infill
G1 X101.354 Y80.385 Z6.862 E1154.05762 ; infill
G1 X98.454 Y80.385 Z6.971 E1154.16914 ; infill
G1 X93.600 Y80.385 Z7.070 E1154.35578 ; infill
G1 X89.998 Y80.385 Z7.088 E1154.49427 ; infill
G1 X84.708 Y80.385 Z7.046 E1154.69770 ; infill
G1 X80.060 Y80.385 Z6.920 E1154.87639 ; infill
G1 X75.986 Y80.385 Z6.724 E1155.03305 ; infill
G1 X72.417 Y80.385 Z6.470 E1155.17029 ; infill
G1 X70.284 Y80.385 Z6.276 E1155.25230 ; infill
G1 X68.325 Y80.385 Z6.066 E1155.32762 ; infill
G1 X66.520 Y80.385 Z5.844 E1155.39704 ; infill
G1 X63.291 Y80.385 Z5.382 E1155.52124 ; infill
G1 X59.105 Y80.385 Z4.704 E1155.68225 ; infill
G1 X56.508 Y80.385 Z4.312 E1155.78211 ; infill
G1 X53.873 Y80.385 Z4.008 E1155.88345 ; infill
G1 X52.489 Y80.385 Z3.899 E1155.93665 ; infill
G1 X51.036 Y80.385 Z3.826 E1155.99254 ; infill
G1 X49.488 Y80.385 Z3.792 E1156.05204 ; infill
G1 X47.825 Y80.385 Z3.801 E1156.11600 ; infill
G1 X46.025 Y80.385 Z3.859 E1156.18522 ; infill
G1 X44.868 Y80.385 Z3.924 E1156.22971 ; infill
G1 X44.685 Y79.927 Z3.923 E1156.24867 ; infill
G1 X45.857 Y79.927 Z3.858 E1156.29373 ; infill
G1 X47.662 Y79.927 Z3.799 E1156.36314 ; infill
G1 X49.329 Y79.927 Z3.789 E1156.42725 ; infill
G1 X50.880 Y79.927 Z3.823 E1156.48691 ; infill
G1 X52.337 Y79.927 Z3.896 E1156.54292 ; infill
G1 X53.721 Y79.927 Z4.005 E1156.59613 ; infill
G1 X56.355 Y79.927 Z4.310 E1156.69741 ; infill
G1 X58.957 Y79.927 Z4.703 E1156.79750 ; infill
G1 X63.158 Y79.927 Z5.384 E1156.95909 ; infill
G1 X66.397 Y79.927 Z5.848 E1157.08363 ; infill
G1 X68.208 Y79.927 Z6.071 E1157.15330 ; infill
G1 X70.177 Y79.927 Z6.282 E1157.22900 ; infill
G1 X72.321 Y79.927 Z6.478 E1157.31143 ; infill
G1 X74.660 Y79.927 Z6.653 E1157.40137 ; infill
G1 X78.579 Y79.927 Z6.871 E1157.55205 ; infill
G1 X81.495 Y79.927 Z6.981 E1157.66418 ; infill
G1 X86.376 Y79.927 Z7.081 E1157.85186 ; infill
G1 X89.998 Y79.927 Z7.099 E1157.99115 ; infill
G1 X95.319 Y79.927 Z7.057 E1158.19573 ; infill
G1 X99.992 Y79.927 Z6.930 E1158.37540 ; infill
G1 X104.087 Y79.927 Z6.733 E1158.53289 ; infill
G1 X107.675 Y79.927 Z6.478 E1158.67085 ; infill
G1 X109.819 Y79.927 Z6.282 E1158.75328 ; infill
G1 X111.788 Y79.927 Z6.071 E1158.82898 ; infill
G1 X113.600 Y79.927 Z5.848 E1158.89865 ; infill
G1 X116.838 Y79.927 Z5.384 E1159.02319 ; infill
G1 X121.039 Y79.927 Z4.703 E1159.18478 ; infill
G1 X123.641 Y79.927 Z4.310 E1159.28487 ; infill
G1 X126.275 Y79.927 Z4.005 E1159.38614 ; infill
G1 X127.659 Y79.927 Z3.896 E1159.43935 ; infill
G1 X129.115 Y79.927 Z3.823 E1159.49536 ; infill
G1 X130.667 Y79.927 Z3.789 E1159.55501 ; infill
G1 X132.334 Y79.927 Z3.799 E1159.61912 ; infill
G1 X134.139 Y79.927 Z3.858 E1159.68853 ; infill
G1 X135.308 Y79.927 Z3.923 E1159.73347 ; infill
G1 X135.478 Y79.470 Z3.923 E1159.75225 ; infill
G1 X134.304 Y79.470 Z3.856 E1159.79740 ; infill
G1 X132.497 Y79.470 Z3.797 E1159.86686 ; infill
G1 X130.826 Y79.470 Z3.787 E1159.93113 ; infill
G1 X129.271 Y79.470 Z3.820 E1159.99093 ; infill
G1 X127.811 Y79.470 Z3.893 E1160.04708 ; infill
G1 X126.424 Y79.470 Z4.002 E1160.10041 ; infill
G1 X123.784 Y79.470 Z4.308 E1160.20193 ; infill
G1 X121.180 Y79.470 Z4.702 E1160.30205 ; infill
G1 X116.970 Y79.470 Z5.386 E1160.46399 ; infill
G1 X113.719 Y79.470 Z5.852 E1160.58903 ; infill
G1 X111.899 Y79.470 Z6.076 E1160.65901 ; infill
G1 X109.923 Y79.470 Z6.288 E1160.73499 ; infill
G1 X107.770 Y79.470 Z6.485 E1160.81777 ; infill
G1 X105.420 Y79.470 Z6.662 E1160.90812 ; infill
G1 X101.481 Y79.470 Z6.881 E1161.05961 ; infill
G1 X98.549 Y79.470 Z6.991 E1161.17235 ; infill
G1 X93.641 Y79.470 Z7.092 E1161.36106 ; infill
G1 X89.998 Y79.470 Z7.110 E1161.50112 ; infill
G1 X84.648 Y79.470 Z7.067 E1161.70684 ; infill
G1 X79.949 Y79.470 Z6.940 E1161.88751 ; infill
G1 X75.831 Y79.470 Z6.741 E1162.04585 ; infill
G1 X72.226 Y79.470 Z6.485 E1162.18449 ; infill
G1 X70.073 Y79.470 Z6.288 E1162.26727 ; infill
G1 X68.097 Y79.470 Z6.076 E1162.34325 ; infill
G1 X66.277 Y79.470 Z5.852 E1162.41323 ; infill
G1 X63.026 Y79.470 Z5.386 E1162.53827 ; infill
G1 X58.816 Y79.470 Z4.702 E1162.70021 ; infill
G1 X56.212 Y79.470 Z4.308 E1162.80034 ; infill
G1 X53.572 Y79.470 Z4.002 E1162.90186 ; infill
G1 X52.185 Y79.470 Z3.893 E1162.95519 ; infill
G1 X50.725 Y79.470 Z3.820 E1163.01134 ; infill
G1 X49.170 Y79.470 Z3.787 E1163.07114 ; infill
G1 X47.498 Y79.470 Z3.797 E1163.13542 ; infill
G1 X45.692 Y79.470 Z3.856 E1163.20488 ; infill
G1 X44.512 Y79.470 Z3.923 E1163.25022 ; infill
G1 X44.353 Y79.012 Z3.923 E1163.26887 ; infill
G1 X45.541 Y79.012 Z3.855 E1163.31457 ; infill
G1 X47.351 Y79.012 Z3.795 E1163.38417 ; infill
G1 X49.023 Y79.012 Z3.784 E1163.44844 ; infill
G1 X50.578 Y79.012 Z3.817 E1163.50822 ; infill
G1 X52.037 Y79.012 Z3.890 E1163.56435 ; infill
G1 X53.424 Y79.012 Z3.999 E1163.61766 ; infill
G1 X56.070 Y79.012 Z4.305 E1163.71942 ; infill
G1 X58.680 Y79.012 Z4.701 E1163.81980 ; infill
G1 X62.898 Y79.012 Z5.387 E1163.98206 ; infill
G1 X66.158 Y79.012 Z5.856 E1164.10743 ; infill
G1 X67.986 Y79.012 Z6.081 E1164.17770 ; infill
G1 X69.971 Y79.012 Z6.295 E1164.25403 ; infill
G1 X72.134 Y79.012 Z6.492 E1164.33720 ; infill
G1 X74.495 Y79.012 Z6.670 E1164.42800 ; infill
G1 X78.454 Y79.012 Z6.891 E1164.58022 ; infill
G1 X81.401 Y79.012 Z7.001 E1164.69354 ; infill
G1 X86.335 Y79.012 Z7.103 E1164.88327 ; infill
G1 X89.998 Y79.012 Z7.121 E1165.02412 ; infill
G1 X95.378 Y79.012 Z7.078 E1165.23096 ; infill
G1 X100.101 Y79.012 Z6.950 E1165.41259 ; infill
G1 X104.240 Y79.012 Z6.750 E1165.57171 ; infill
G1 X107.863 Y79.012 Z6.492 E1165.71101 ; infill
G1 X110.025 Y79.012 Z6.295 E1165.79418 ; infill
G1 X112.010 Y79.012 Z6.081 E1165.87051 ; infill
G1 X113.838 Y79.012 Z5.856 E1165.94079 ; infill
G1 X117.098 Y79.012 Z5.387 E1166.06615 ; infill
G1 X121.316 Y79.012 Z4.701 E1166.22841 ; infill
G1 X123.926 Y79.012 Z4.305 E1166.32879 ; infill
G1 X126.572 Y79.012 Z3.999 E1166.43055 ; infill
G1 X127.959 Y79.012 Z3.890 E1166.48386 ; infill
G1 X129.418 Y79.012 Z3.817 E1166.53998 ; infill
G1 X130.973 Y79.012 Z3.784 E1166.59976 ; infill
G1 X132.644 Y79.012 Z3.795 E1166.66402 ; infill
G1 X134.454 Y79.012 Z3.855 E1166.73362 ; infill
G1 X135.649 Y79.012 Z3.923 E1166.77954 ; infill
G1 X135.805 Y78.554 Z3.923 E1166.79815 ; infill
G1 X134.605 Y78.554 Z3.854 E1166.84431 ; infill
G1 X132.791 Y78.554 Z3.793 E1166.91406 ; infill
G1 X131.116 Y78.554 Z3.782 E1166.97846 ; infill
G1 X129.558 Y78.554 Z3.814 E1167.03836 ; infill
G1 X128.095 Y78.554 Z3.887 E1167.09459 ; infill
G1 X126.707 Y78.554 Z3.996 E1167.14799 ; infill
G1 X124.063 Y78.554 Z4.303 E1167.24966 ; infill
G1 X121.452 Y78.554 Z4.700 E1167.35007 ; infill
G1 X117.221 Y78.554 Z5.389 E1167.51281 ; infill
G1 X113.951 Y78.554 Z5.860 E1167.63858 ; infill
G1 X112.118 Y78.554 Z6.086 E1167.70905 ; infill
G1 X110.126 Y78.554 Z6.301 E1167.78564 ; infill
G1 X107.955 Y78.554 Z6.499 E1167.86915 ; infill
G1 X105.582 Y78.554 Z6.678 E1167.96038 ; infill
G1 X101.603 Y78.554 Z6.900 E1168.11336 ; infill
G1 X98.641 Y78.554 Z7.011 E1168.22727 ; infill
G1 X93.681 Y78.554 Z7.113 E1168.41800 ; infill
G1 X89.998 Y78.554 Z7.132 E1168.55959 ; infill
G1 X84.590 Y78.554 Z7.089 E1168.76755 ; infill
G1 X79.841 Y78.554 Z6.960 E1168.95013 ; infill
G1 X75.682 Y78.554 Z6.759 E1169.11006 ; infill
G1 X72.041 Y78.554 Z6.499 E1169.25005 ; infill
G1 X69.870 Y78.554 Z6.301 E1169.33355 ; infill
G1 X67.878 Y78.554 Z6.086 E1169.41014 ; infill
G1 X66.045 Y78.554 Z5.860 E1169.48062 ; infill
G1 X62.775 Y78.554 Z5.389 E1169.60639 ; infill
G1 X58.544 Y78.554 Z4.700 E1169.76912 ; infill
G1 X55.933 Y78.554 Z4.303 E1169.86954 ; infill
G1 X53.289 Y78.554 Z3.996 E1169.97121 ; infill
G1 X51.900 Y78.554 Z3.887 E1170.02462 ; infill
G1 X50.438 Y78.554 Z3.814 E1170.08085 ; infill
G1 X48.880 Y78.554 Z3.782 E1170.14075 ; infill
G1 X47.205 Y78.554 Z3.793 E1170.20516 ; infill
G1 X45.391 Y78.554 Z3.854 E1170.27491 ; infill
G1 X44.193 Y78.554 Z3.923 E1170.32098 ; infill
G1 X44.033 Y78.096 Z3.923 E1170.33963 ; infill
G1 X45.243 Y78.096 Z3.853 E1170.38617 ; infill
G1 X47.059 Y78.096 Z3.791 E1170.45597 ; infill
G1 X48.737 Y78.096 Z3.779 E1170.52052 ; infill
G1 X50.298 Y78.096 Z3.812 E1170.58054 ; infill
G1 X51.764 Y78.096 Z3.884 E1170.63688 ; infill
G1 X53.155 Y78.096 Z3.993 E1170.69038 ; infill
G1 X55.804 Y78.096 Z4.301 E1170.79224 ; infill
G1 X58.418 Y78.096 Z4.699 E1170.89279 ; infill
G1 X62.652 Y78.096 Z5.391 E1171.05562 ; infill
G1 X65.933 Y78.096 Z5.864 E1171.18183 ; infill
G1 X67.773 Y78.096 Z6.091 E1171.25257 ; infill
G1 X69.773 Y78.096 Z6.307 E1171.32947 ; infill
G1 X71.954 Y78.096 Z6.506 E1171.41333 ; infill
G1 X74.336 Y78.096 Z6.686 E1171.50493 ; infill
G1 X78.333 Y78.096 Z6.909 E1171.65862 ; infill
G1 X81.309 Y78.096 Z7.021 E1171.77307 ; infill
G1 X86.296 Y78.096 Z7.124 E1171.96482 ; infill
G1 X89.998 Y78.096 Z7.143 E1172.10717 ; infill
G1 X95.435 Y78.096 Z7.099 E1172.31623 ; infill
G1 X100.208 Y78.096 Z6.969 E1172.49974 ; infill
G1 X104.387 Y78.096 Z6.767 E1172.66043 ; infill
G1 X108.043 Y78.096 Z6.506 E1172.80099 ; infill
G1 X110.223 Y78.096 Z6.307 E1172.88485 ; infill
G1 X112.223 Y78.096 Z6.091 E1172.96174 ; infill
G1 X114.063 Y78.096 Z5.864 E1173.03249 ; infill
G1 X117.344 Y78.096 Z5.391 E1173.15870 ; infill
G1 X121.578 Y78.096 Z4.699 E1173.32153 ; infill
G1 X124.192 Y78.096 Z4.301 E1173.42208 ; infill
G1 X126.841 Y78.096 Z3.993 E1173.52393 ; infill
G1 X128.232 Y78.096 Z3.884 E1173.57743 ; infill
G1 X129.697 Y78.096 Z3.812 E1173.63377 ; infill
G1 X131.258 Y78.096 Z3.779 E1173.69379 ; infill
G1 X132.937 Y78.096 Z3.791 E1173.75833 ; infill
G1 X134.752 Y78.096 Z3.853 E1173.82812 ; infill
G1 X135.954 Y78.096 Z3.923 E1173.87434 ; infill
G1 X136.103 Y77.638 Z3.922 E1173.89286 ; infill
G1 X134.885 Y77.638 Z3.851 E1173.93969 ; infill
G1 X133.067 Y77.638 Z3.789 E1174.00961 ; infill
G1 X131.389 Y77.638 Z3.777 E1174.07414 ; infill
G1 X129.828 Y77.638 Z3.809 E1174.13413 ; infill
G1 X128.364 Y77.638 Z3.881 E1174.19044 ; infill
G1 X126.973 Y77.638 Z3.990 E1174.24390 ; infill
G1 X124.322 Y77.638 Z4.299 E1174.34588 ; infill
G1 X121.702 Y77.638 Z4.698 E1174.44662 ; infill
G1 X117.459 Y77.638 Z5.392 E1174.60983 ; infill
G1 X114.172 Y77.638 Z5.868 E1174.73625 ; infill
G1 X112.328 Y77.638 Z6.096 E1174.80717 ; infill
G1 X110.320 Y77.638 Z6.313 E1174.88436 ; infill
G1 X108.130 Y77.638 Z6.514 E1174.96857 ; infill
G1 X105.737 Y77.638 Z6.694 E1175.06058 ; infill
G1 X101.722 Y77.638 Z6.919 E1175.21498 ; infill
G1 X98.731 Y77.638 Z7.032 E1175.33000 ; infill
G1 X93.719 Y77.638 Z7.135 E1175.52268 ; infill
G1 X89.998 Y77.638 Z7.154 E1175.66577 ; infill
G1 X84.533 Y77.638 Z7.110 E1175.87591 ; infill
G1 X79.737 Y77.638 Z6.979 E1176.06033 ; infill
G1 X75.538 Y77.638 Z6.776 E1176.22178 ; infill
G1 X71.866 Y77.638 Z6.514 E1176.36298 ; infill
G1 X69.676 Y77.638 Z6.313 E1176.44719 ; infill
G1 X67.669 Y77.638 Z6.096 E1176.52437 ; infill
G1 X65.824 Y77.638 Z5.867 E1176.59530 ; infill
G1 X62.537 Y77.638 Z5.392 E1176.72172 ; infill
G1 X58.294 Y77.638 Z4.698 E1176.88493 ; infill
G1 X55.674 Y77.638 Z4.298 E1176.98567 ; infill
G1 X53.022 Y77.638 Z3.990 E1177.08765 ; infill
G1 X51.632 Y77.638 Z3.881 E1177.14112 ; infill
G1 X50.167 Y77.638 Z3.809 E1177.19743 ; infill
G1 X48.607 Y77.638 Z3.777 E1177.25743 ; infill
G1 X46.929 Y77.638 Z3.789 E1177.32196 ; infill
G1 X45.110 Y77.638 Z3.851 E1177.39188 ; infill
G1 X43.895 Y77.638 Z3.922 E1177.43860 ; infill
G1 X43.759 Y77.180 Z3.922 E1177.45697 ; infill
G1 X44.977 Y77.180 Z3.850 E1177.50382 ; infill
G1 X46.799 Y77.180 Z3.787 E1177.57387 ; infill
G1 X48.480 Y77.180 Z3.774 E1177.63852 ; infill
G1 X50.043 Y77.180 Z3.806 E1177.69861 ; infill
G1 X51.510 Y77.180 Z3.878 E1177.75500 ; infill
G1 X52.902 Y77.180 Z3.987 E1177.80855 ; infill
G1 X55.553 Y77.180 Z4.296 E1177.91048 ; infill
G1 X58.171 Y77.180 Z4.697 E1178.01117 ; infill
G1 X62.423 Y77.180 Z5.394 E1178.17470 ; infill
G1 X65.719 Y77.180 Z5.871 E1178.30149 ; infill
G1 X67.570 Y77.180 Z6.101 E1178.37265 ; infill
G1 X69.583 Y77.180 Z6.319 E1178.45008 ; infill
G1 X71.781 Y77.180 Z6.521 E1178.53457 ; infill
G1 X74.183 Y77.180 Z6.702 E1178.62693 ; infill
G1 X78.216 Y77.180 Z6.928 E1178.78200 ; infill
G1 X81.222 Y77.180 Z7.042 E1178.89758 ; infill
G1 X86.258 Y77.180 Z7.146 E1179.09123 ; infill
G1 X89.998 Y77.180 Z7.165 E1179.23505 ; infill
G1 X93.738 Y77.180 Z7.146 E1179.37887 ; infill
G1 X98.775 Y77.180 Z7.042 E1179.57252 ; infill
G1 X101.781 Y77.180 Z6.928 E1179.68809 ; infill
G1 X105.813 Y77.180 Z6.702 E1179.84316 ; infill
G1 X108.216 Y77.180 Z6.521 E1179.93552 ; infill
G1 X110.413 Y77.180 Z6.319 E1180.02002 ; infill
G1 X112.426 Y77.180 Z6.101 E1180.09744 ; infill
G1 X114.277 Y77.180 Z5.871 E1180.16860 ; infill
G1 X117.574 Y77.180 Z5.394 E1180.29539 ; infill
G1 X121.825 Y77.180 Z4.697 E1180.45892 ; infill
G1 X124.443 Y77.180 Z4.296 E1180.55961 ; infill
G1 X127.094 Y77.180 Z3.987 E1180.66153 ; infill
G1 X128.486 Y77.180 Z3.879 E1180.71508 ; infill
G1 X129.952 Y77.180 Z3.806 E1180.77146 ; infill
G1 X131.515 Y77.180 Z3.774 E1180.83155 ; infill
G1 X133.196 Y77.180 Z3.787 E1180.89620 ; infill
G1 X135.018 Y77.180 Z3.850 E1180.96624 ; infill
G1 X136.247 Y77.180 Z3.922 E1181.01350 ; infill
G1 X136.375 Y76.723 Z3.922 E1181.03179 ; infill
G1 X135.150 Y76.723 Z3.849 E1181.07892 ; infill
G1 X133.326 Y76.723 Z3.785 E1181.14904 ; infill
G1 X131.642 Y76.723 Z3.772 E1181.21379 ; infill
G1 X130.077 Y76.723 Z3.803 E1181.27398 ; infill
G1 X128.608 Y76.723 Z3.876 E1181.33045 ; infill
G1 X127.214 Y76.723 Z3.985 E1181.38407 ; infill
G1 X124.560 Y76.723 Z4.294 E1181.48613 ; infill
G1 X121.938 Y76.723 Z4.696 E1181.58695 ; infill
G1 X117.685 Y76.723 Z5.396 E1181.75056 ; infill
G1 X114.382 Y76.723 Z5.875 E1181.87759 ; infill
G1 X112.525 Y76.723 Z6.106 E1181.94899 ; infill
G1 X110.504 Y76.723 Z6.325 E1182.02669 ; infill
G1 X108.299 Y76.723 Z6.528 E1182.11150 ; infill
G1 X104.597 Y76.723 Z6.793 E1182.25383 ; infill
G1 X100.361 Y76.723 Z6.999 E1182.41672 ; infill
G1 X95.518 Y76.723 Z7.131 E1182.60291 ; infill
G1 X89.998 Y76.723 Z7.176 E1182.81517 ; infill
G1 X86.239 Y76.723 Z7.157 E1182.95971 ; infill
G1 X81.179 Y76.723 Z7.052 E1183.15429 ; infill
G1 X78.160 Y76.723 Z6.938 E1183.27038 ; infill
G1 X74.109 Y76.723 Z6.710 E1183.42611 ; infill
G1 X71.698 Y76.723 Z6.528 E1183.51885 ; infill
G1 X69.492 Y76.723 Z6.325 E1183.60366 ; infill
G1 X67.471 Y76.723 Z6.106 E1183.68136 ; infill
G1 X65.614 Y76.723 Z5.875 E1183.75276 ; infill
G1 X62.311 Y76.723 Z5.396 E1183.87979 ; infill
G1 X58.058 Y76.723 Z4.696 E1184.04340 ; infill
G1 X55.436 Y76.723 Z4.294 E1184.14423 ; infill
G1 X52.782 Y76.723 Z3.985 E1184.24629 ; infill
G1 X51.388 Y76.723 Z3.876 E1184.29991 ; infill
G1 X49.919 Y76.723 Z3.803 E1184.35639 ; infill
G1 X48.354 Y76.723 Z3.772 E1184.41658 ; infill
G1 X46.669 Y76.723 Z3.785 E1184.48133 ; infill
G1 X44.846 Y76.723 Z3.849 E1184.55146 ; infill
G1 X43.623 Y76.723 Z3.922 E1184.59849 ; infill
G1 X43.487 Y76.265 Z3.921 E1184.61685 ; infill
G1 X44.730 Y76.265 Z3.848 E1184.66463 ; infill
G1 X46.555 Y76.265 Z3.784 E1184.73482 ; infill
G1 X48.239 Y76.265 Z3.769 E1184.79957 ; infill
G1 X49.804 Y76.265 Z3.800 E1184.85973 ; infill
G1 X51.272 Y76.265 Z3.873 E1184.91618 ; infill
G1 X52.665 Y76.265 Z3.982 E1184.96975 ; infill
G1 X55.320 Y76.265 Z4.292 E1185.07184 ; infill
G1 X57.945 Y76.265 Z4.695 E1185.17281 ; infill
G1 X62.206 Y76.265 Z5.397 E1185.33671 ; infill
G1 X65.516 Y76.265 Z5.879 E1185.46401 ; infill
G1 X67.377 Y76.265 Z6.111 E1185.53556 ; infill
G1 X69.402 Y76.265 Z6.331 E1185.61346 ; infill
G1 X71.615 Y76.265 Z6.535 E1185.69854 ; infill
G1 X75.331 Y76.265 Z6.801 E1185.84143 ; infill
G1 X79.586 Y76.265 Z7.009 E1186.00504 ; infill
G1 X84.451 Y76.265 Z7.142 E1186.19210 ; infill
G1 X89.998 Y76.265 Z7.188 E1186.40539 ; infill
G1 X93.776 Y76.265 Z7.168 E1186.55063 ; infill
G1 X98.860 Y76.265 Z7.062 E1186.74613 ; infill
G1 X101.893 Y76.265 Z6.947 E1186.86274 ; infill
G1 X105.960 Y76.265 Z6.718 E1187.01914 ; infill
G1 X108.381 Y76.265 Z6.535 E1187.11223 ; infill
G1 X110.594 Y76.265 Z6.331 E1187.19731 ; infill
G1 X112.620 Y76.265 Z6.111 E1187.27521 ; infill
G1 X114.480 Y76.265 Z5.879 E1187.34675 ; infill
G1 X117.790 Y76.265 Z5.397 E1187.47405 ; infill
G1 X122.051 Y76.265 Z4.695 E1187.63795 ; infill
G1 X124.676 Y76.265 Z4.292 E1187.73892 ; infill
G1 X127.331 Y76.265 Z3.982 E1187.84100 ; infill
G1 X128.724 Y76.265 Z3.873 E1187.89458 ; infill
G1 X130.192 Y76.265 Z3.800 E1187.95102 ; infill
G1 X131.757 Y76.265 Z3.769 E1188.01118 ; infill
G1 X133.440 Y76.265 Z3.783 E1188.07592 ; infill
G1 X135.266 Y76.265 Z3.848 E1188.14611 ; infill
G1 X136.504 Y76.265 Z3.922 E1188.19370 ; infill
G1 X136.632 Y75.807 Z3.922 E1188.21199 ; infill
G1 X135.382 Y75.807 Z3.847 E1188.26005 ; infill
G1 X133.554 Y75.807 Z3.782 E1188.33034 ; infill
G1 X131.868 Y75.807 Z3.767 E1188.39518 ; infill
G1 X130.301 Y75.807 Z3.798 E1188.45541 ; infill
G1 X128.832 Y75.807 Z3.870 E1188.51191 ; infill
G1 X127.437 Y75.807 Z3.979 E1188.56554 ; infill
G1 X124.783 Y75.807 Z4.290 E1188.66761 ; infill
G1 X122.160 Y75.807 Z4.694 E1188.76849 ; infill
G1 X117.895 Y75.807 Z5.399 E1188.93251 ; infill
G1 X114.577 Y75.807 Z5.883 E1189.06012 ; infill
G1 X112.712 Y75.807 Z6.115 E1189.13187 ; infill
G1 X110.679 Y75.807 Z6.337 E1189.21001 ; infill
G1 X108.459 Y75.807 Z6.542 E1189.29538 ; infill
G1 X104.730 Y75.807 Z6.810 E1189.43877 ; infill
G1 X100.458 Y75.807 Z7.018 E1189.60303 ; infill
G1 X95.572 Y75.807 Z7.152 E1189.79092 ; infill
G1 X89.998 Y75.807 Z7.199 E1190.00523 ; infill
G1 X86.202 Y75.807 Z7.178 E1190.15118 ; infill
G1 X81.095 Y75.807 Z7.072 E1190.34757 ; infill
G1 X78.049 Y75.807 Z6.956 E1190.46468 ; infill
G1 X73.966 Y75.807 Z6.726 E1190.62168 ; infill
G1 X71.537 Y75.807 Z6.542 E1190.71509 ; infill
G1 X69.317 Y75.807 Z6.337 E1190.80046 ; infill
G1 X67.284 Y75.807 Z6.115 E1190.87861 ; infill
G1 X65.419 Y75.807 Z5.882 E1190.95035 ; infill
G1 X62.101 Y75.807 Z5.399 E1191.07796 ; infill
G1 X57.836 Y75.807 Z4.694 E1191.24199 ; infill
G1 X55.213 Y75.807 Z4.290 E1191.34287 ; infill
G1 X52.559 Y75.807 Z3.979 E1191.44495 ; infill
G1 X51.164 Y75.807 Z3.870 E1191.49858 ; infill
G1 X49.695 Y75.807 Z3.798 E1191.55508 ; infill
G1 X48.128 Y75.807 Z3.767 E1191.61532 ; infill
G1 X46.442 Y75.807 Z3.782 E1191.68015 ; infill
G1 X44.614 Y75.807 Z3.847 E1191.75045 ; infill
G1 X43.369 Y75.807 Z3.921 E1191.79830 ; infill
G1 X43.251 Y75.349 Z3.921 E1191.81648 ; infill
G1 X44.497 Y75.349 Z3.846 E1191.86440 ; infill
G1 X46.329 Y75.349 Z3.780 E1191.93481 ; infill
G1 X48.017 Y75.349 Z3.764 E1191.99974 ; infill
G1 X49.586 Y75.349 Z3.795 E1192.06005 ; infill
G1 X51.057 Y75.349 Z3.867 E1192.11662 ; infill
G1 X52.453 Y75.349 Z3.976 E1192.17029 ; infill
G1 X55.109 Y75.349 Z4.287 E1192.27245 ; infill
G1 X57.735 Y75.349 Z4.693 E1192.37342 ; infill
G1 X62.002 Y75.349 Z5.400 E1192.53757 ; infill
G1 X65.324 Y75.349 Z5.886 E1192.66532 ; infill
G1 X67.193 Y75.349 Z6.120 E1192.73720 ; infill
G1 X69.231 Y75.349 Z6.342 E1192.81556 ; infill
G1 X71.458 Y75.349 Z6.549 E1192.90122 ; infill
G1 X75.201 Y75.349 Z6.818 E1193.04514 ; infill
G1 X79.491 Y75.349 Z7.028 E1193.21007 ; infill
G1 X84.399 Y75.349 Z7.163 E1193.39879 ; infill
G1 X89.998 Y75.349 Z7.210 E1193.61409 ; infill
G1 X93.812 Y75.349 Z7.189 E1193.76072 ; infill
G1 X98.942 Y75.349 Z7.082 E1193.95798 ; infill
G1 X102.000 Y75.349 Z6.966 E1194.07559 ; infill
G1 X106.099 Y75.349 Z6.734 E1194.23320 ; infill
G1 X108.538 Y75.349 Z6.549 E1194.32695 ; infill
G1 X110.765 Y75.349 Z6.342 E1194.41261 ; infill
G1 X112.803 Y75.349 Z6.120 E1194.49097 ; infill
G1 X114.672 Y75.349 Z5.886 E1194.56285 ; infill
G1 X117.994 Y75.349 Z5.400 E1194.69060 ; infill
G1 X122.261 Y75.349 Z4.693 E1194.85474 ; infill
G1 X124.887 Y75.349 Z4.287 E1194.95571 ; infill
G1 X127.543 Y75.349 Z3.976 E1195.05787 ; infill
G1 X128.939 Y75.349 Z3.867 E1195.11154 ; infill
G1 X130.410 Y75.349 Z3.795 E1195.16810 ; infill
G1 X131.978 Y75.349 Z3.764 E1195.22841 ; infill
G1 X133.667 Y75.349 Z3.780 E1195.29333 ; infill
G1 X135.498 Y75.349 Z3.846 E1195.36374 ; infill
G1 X136.743 Y75.349 Z3.921 E1195.41161 ; infill
G1 X136.848 Y74.891 Z3.921 E1195.42967 ; infill
G1 X135.598 Y74.891 Z3.844 E1195.47774 ; infill
G1 X133.767 Y74.891 Z3.778 E1195.54815 ; infill
G1 X132.078 Y74.891 Z3.762 E1195.61307 ; infill
G1 X130.511 Y74.891 Z3.792 E1195.67335 ; infill
G1 X129.041 Y74.891 Z3.864 E1195.72987 ; infill
G1 X127.646 Y74.891 Z3.973 E1195.78350 ; infill
G1 X124.990 Y74.891 Z4.285 E1195.88562 ; infill
G1 X122.363 Y74.891 Z4.692 E1195.98667 ; infill
G1 X118.090 Y74.891 Z5.402 E1196.15102 ; infill
G1 X114.762 Y74.891 Z5.890 E1196.27901 ; infill
G1 X112.889 Y74.891 Z6.125 E1196.35107 ; infill
G1 X110.846 Y74.891 Z6.348 E1196.42962 ; infill
G1 X108.613 Y74.891 Z6.556 E1196.51549 ; infill
G1 X104.858 Y74.891 Z6.827 E1196.65987 ; infill
G1 X100.552 Y74.891 Z7.038 E1196.82542 ; infill
G1 X95.623 Y74.891 Z7.174 E1197.01494 ; infill
G1 X89.998 Y74.891 Z7.221 E1197.23123 ; infill
G1 X86.167 Y74.891 Z7.200 E1197.37854 ; infill
G1 X81.014 Y74.891 Z7.092 E1197.57668 ; infill
G1 X77.943 Y74.891 Z6.975 E1197.69476 ; infill
G1 X73.829 Y74.891 Z6.742 E1197.85294 ; infill
G1 X71.384 Y74.891 Z6.556 E1197.94698 ; infill
G1 X69.150 Y74.891 Z6.348 E1198.03286 ; infill
G1 X67.108 Y74.891 Z6.125 E1198.11141 ; infill
G1 X65.234 Y74.891 Z5.890 E1198.18346 ; infill
G1 X61.906 Y74.891 Z5.402 E1198.31146 ; infill
G1 X57.633 Y74.891 Z4.692 E1198.47581 ; infill
G1 X55.006 Y74.891 Z4.285 E1198.57687 ; infill
G1 X52.350 Y74.891 Z3.973 E1198.67898 ; infill
G1 X50.955 Y74.891 Z3.864 E1198.73262 ; infill
G1 X49.485 Y74.891 Z3.792 E1198.78914 ; infill
G1 X47.917 Y74.891 Z3.762 E1198.84943 ; infill
G1 X46.229 Y74.891 Z3.778 E1198.91434 ; infill
G1 X44.398 Y74.891 Z3.844 E1198.98476 ; infill
G1 X43.134 Y74.891 Z3.921 E1199.03335 ; infill
G1 X43.035 Y74.433 Z3.920 E1199.05136 ; infill
G1 X44.298 Y74.433 Z3.843 E1199.09996 ; infill
G1 X46.132 Y74.433 Z3.776 E1199.17047 ; infill
G1 X47.822 Y74.433 Z3.759 E1199.23545 ; infill
G1 X49.391 Y74.433 Z3.789 E1199.29579 ; infill
G1 X50.862 Y74.433 Z3.861 E1199.35236 ; infill
G1 X52.258 Y74.433 Z3.970 E1199.40602 ; infill
G1 X54.913 Y74.433 Z4.283 E1199.50813 ; infill
G1 X57.538 Y74.433 Z4.691 E1199.60908 ; infill
G1 X61.810 Y74.433 Z5.404 E1199.77341 ; infill
G1 X65.144 Y74.433 Z5.894 E1199.90162 ; infill
G1 X67.022 Y74.433 Z6.130 E1199.97385 ; infill
G1 X69.070 Y74.433 Z6.354 E1200.05261 ; infill
G1 X71.310 Y74.433 Z6.563 E1200.13874 ; infill
G1 X75.078 Y74.433 Z6.835 E1200.28360 ; infill
G1 X79.399 Y74.433 Z7.047 E1200.44977 ; infill
G1 X84.348 Y74.433 Z7.184 E1200.64006 ; infill
G1 X89.998 Y74.433 Z7.232 E1200.85731 ; infill
G1 X93.846 Y74.433 Z7.211 E1201.00527 ; infill
G1 X99.021 Y74.433 Z7.102 E1201.20423 ; infill
G1 X102.104 Y74.433 Z6.984 E1201.32277 ; infill
G1 X106.232 Y74.433 Z6.750 E1201.48152 ; infill
G1 X108.686 Y74.433 Z6.563 E1201.57586 ; infill
G1 X110.926 Y74.433 Z6.354 E1201.66199 ; infill
G1 X112.974 Y74.433 Z6.130 E1201.74075 ; infill
G1 X114.852 Y74.433 Z5.894 E1201.81298 ; infill
G1 X118.186 Y74.433 Z5.404 E1201.94119 ; infill
G1 X122.458 Y74.433 Z4.691 E1202.10552 ; infill
G1 X125.083 Y74.433 Z4.283 E1202.20647 ; infill
G1 X127.738 Y74.433 Z3.971 E1202.30857 ; infill
G1 X129.133 Y74.433 Z3.861 E1202.36223 ; infill
G1 X130.604 Y74.433 Z3.789 E1202.41879 ; infill
G1 X132.174 Y74.433 Z3.759 E1202.47913 ; infill
G1 X133.864 Y74.433 Z3.776 E1202.54411 ; infill
G1 X135.697 Y74.433 Z3.843 E1202.61462 ; infill
G1 X136.953 Y74.433 Z3.920 E1202.66290 ; infill
G1 X137.058 Y73.975 Z3.920 E1202.68096 ; infill
G1 X135.796 Y73.975 Z3.842 E1202.72945 ; infill
G1 X133.960 Y73.975 Z3.774 E1202.80005 ; infill
G1 X132.269 Y73.975 Z3.757 E1202.86510 ; infill
G1 X130.698 Y73.975 Z3.787 E1202.92549 ; infill
G1 X129.226 Y73.975 Z3.858 E1202.98209 ; infill
G1 X127.830 Y73.975 Z3.968 E1203.03577 ; infill
G1 X125.174 Y73.975 Z4.281 E1203.13792 ; infill
G1 X122.548 Y73.975 Z4.690 E1203.23890 ; infill
G1 X118.273 Y73.975 Z5.405 E1203.40336 ; infill
G1 X114.936 Y73.975 Z5.897 E1203.53167 ; infill
G1 X113.055 Y73.975 Z6.135 E1203.60400 ; infill
G1 X111.003 Y73.975 Z6.360 E1203.68291 ; infill
G1 X108.758 Y73.975 Z6.570 E1203.76925 ; infill
G1 X104.979 Y73.975 Z6.844 E1203.91455 ; infill
G1 X100.642 Y73.975 Z7.057 E1204.08133 ; infill
G1 X95.673 Y73.975 Z7.195 E1204.27239 ; infill
G1 X89.998 Y73.975 Z7.243 E1204.49058 ; infill
G1 X86.133 Y73.975 Z7.222 E1204.63920 ; infill
G1 X80.937 Y73.975 Z7.112 E1204.83899 ; infill
G1 X77.842 Y73.975 Z6.994 E1204.95800 ; infill
G1 X73.699 Y73.975 Z6.758 E1205.11730 ; infill
G1 X71.238 Y73.975 Z6.569 E1205.21192 ; infill
G1 X68.993 Y73.975 Z6.360 E1205.29826 ; infill
G1 X66.941 Y73.975 Z6.135 E1205.37717 ; infill
G1 X65.060 Y73.975 Z5.897 E1205.44950 ; infill
G1 X61.723 Y73.975 Z5.405 E1205.57782 ; infill
G1 X57.448 Y73.975 Z4.690 E1205.74228 ; infill
G1 X54.822 Y73.975 Z4.281 E1205.84326 ; infill
G1 X52.166 Y73.975 Z3.968 E1205.94541 ; infill
G1 X50.770 Y73.975 Z3.858 E1205.99910 ; infill
G1 X49.298 Y73.975 Z3.787 E1206.05570 ; infill
G1 X47.727 Y73.975 Z3.757 E1206.11609 ; infill
G1 X46.035 Y73.975 Z3.774 E1206.18115 ; infill
G1 X44.199 Y73.975 Z3.842 E1206.25175 ; infill
G1 X42.935 Y73.975 Z3.920 E1206.30035 ; infill
G1 X42.836 Y73.518 Z3.920 E1206.31836 ; infill
G1 X44.113 Y73.518 Z3.841 E1206.36748 ; infill
G1 X45.949 Y73.518 Z3.772 E1206.43809 ; infill
G1 X47.641 Y73.518 Z3.755 E1206.50314 ; infill
G1 X49.211 Y73.518 Z3.784 E1206.56351 ; infill
G1 X50.682 Y73.518 Z3.856 E1206.62008 ; infill
G1 X52.078 Y73.518 Z3.965 E1206.67373 ; infill
G1 X54.732 Y73.518 Z4.279 E1206.77578 ; infill
G1 X57.358 Y73.518 Z4.689 E1206.87679 ; infill
G1 X61.636 Y73.518 Z5.407 E1207.04137 ; infill
G1 X64.978 Y73.518 Z5.901 E1207.16988 ; infill
G1 X66.862 Y73.518 Z6.139 E1207.24234 ; infill
G1 X68.919 Y73.518 Z6.366 E1207.32143 ; infill
G1 X71.170 Y73.518 Z6.576 E1207.40800 ; infill
G1 X74.960 Y73.518 Z6.852 E1207.55372 ; infill
G1 X79.312 Y73.518 Z7.067 E1207.72105 ; infill
G1 X84.300 Y73.518 Z7.205 E1207.91284 ; infill
G1 X89.998 Y73.518 Z7.254 E1208.13196 ; infill
G1 X93.880 Y73.518 Z7.232 E1208.28120 ; infill
G1 X99.096 Y73.518 Z7.122 E1208.48178 ; infill
G1 X102.202 Y73.518 Z7.003 E1208.60121 ; infill
G1 X106.358 Y73.518 Z6.766 E1208.76101 ; infill
G1 X108.826 Y73.518 Z6.576 E1208.85590 ; infill
G1 X111.077 Y73.518 Z6.366 E1208.94247 ; infill
G1 X113.134 Y73.518 Z6.139 E1209.02155 ; infill
G1 X115.018 Y73.518 Z5.901 E1209.09402 ; infill
G1 X118.360 Y73.518 Z5.407 E1209.22252 ; infill
G1 X122.638 Y73.518 Z4.689 E1209.38710 ; infill
G1 X125.264 Y73.518 Z4.279 E1209.48811 ; infill
G1 X127.918 Y73.518 Z3.965 E1209.59016 ; infill
G1 X129.313 Y73.518 Z3.856 E1209.64381 ; infill
G1 X130.785 Y73.518 Z3.784 E1209.70038 ; infill
G1 X132.355 Y73.518 Z3.755 E1209.76074 ; infill
G1 X134.046 Y73.518 Z3.772 E1209.82578 ; infill
G1 X135.882 Y73.518 Z3.841 E1209.89639 ; infill
G1 X137.156 Y73.518 Z3.919 E1209.94536 ; infill
G1 X137.243 Y73.060 Z3.919 E1209.96328 ; infill
G1 X135.965 Y73.060 Z3.840 E1210.01242 ; infill
G1 X134.127 Y73.060 Z3.770 E1210.08310 ; infill
G1 X132.434 Y73.060 Z3.752 E1210.14819 ; infill
G1 X130.864 Y73.060 Z3.781 E1210.20859 ; infill
G1 X129.392 Y73.060 Z3.853 E1210.26517 ; infill
G1 X127.997 Y73.060 Z3.962 E1210.31883 ; infill
G1 X125.343 Y73.060 Z4.277 E1210.42087 ; infill
G1 X122.720 Y73.060 Z4.688 E1210.52177 ; infill
G1 X118.443 Y73.060 Z5.408 E1210.68628 ; infill
G1 X115.099 Y73.060 Z5.905 E1210.81487 ; infill
G1 X113.212 Y73.060 Z6.144 E1210.88744 ; infill
G1 X111.151 Y73.060 Z6.372 E1210.96669 ; infill
G1 X108.894 Y73.060 Z6.583 E1211.05348 ; infill
G1 X105.093 Y73.060 Z6.861 E1211.19963 ; infill
G1 X100.727 Y73.060 Z7.076 E1211.36752 ; infill
G1 X95.720 Y73.060 Z7.216 E1211.56004 ; infill
G1 X89.998 Y73.060 Z7.265 E1211.78005 ; infill
G1 X86.100 Y73.060 Z7.243 E1211.92992 ; infill
G1 X80.864 Y73.060 Z7.132 E1212.13129 ; infill
G1 X77.746 Y73.060 Z7.012 E1212.25114 ; infill
G1 X73.577 Y73.060 Z6.774 E1212.41147 ; infill
G1 X71.102 Y73.060 Z6.583 E1212.50663 ; infill
G1 X68.845 Y73.060 Z6.372 E1212.59342 ; infill
G1 X66.784 Y73.060 Z6.144 E1212.67267 ; infill
G1 X64.897 Y73.060 Z5.905 E1212.74524 ; infill
G1 X61.553 Y73.060 Z5.408 E1212.87383 ; infill
G1 X57.276 Y73.060 Z4.688 E1213.03834 ; infill
G1 X54.653 Y73.060 Z4.276 E1213.13924 ; infill
G1 X51.999 Y73.060 Z3.962 E1213.24129 ; infill
G1 X50.604 Y73.060 Z3.853 E1213.29495 ; infill
G1 X49.132 Y73.060 Z3.781 E1213.35153 ; infill
G1 X47.561 Y73.060 Z3.752 E1213.41193 ; infill
G1 X45.868 Y73.060 Z3.770 E1213.47703 ; infill
G1 X44.030 Y73.060 Z3.840 E1213.54771 ; infill
G1 X42.749 Y73.060 Z3.919 E1213.59696 ; infill
G1 X42.667 Y72.602 Z3.919 E1213.61485 ; infill
G1 X43.947 Y72.602 Z3.839 E1213.66407 ; infill
G1 X45.787 Y72.602 Z3.768 E1213.73482 ; infill
G1 X47.482 Y72.602 Z3.750 E1213.79997 ; infill
G1 X49.053 Y72.602 Z3.778 E1213.86040 ; infill
G1 X50.525 Y72.602 Z3.850 E1213.91701 ; infill
G1 X51.921 Y72.602 Z3.959 E1213.97067 ; infill
G1 X54.574 Y72.602 Z4.274 E1214.07271 ; infill
G1 X57.197 Y72.602 Z4.687 E1214.17360 ; infill
G1 X61.475 Y72.602 Z5.410 E1214.33815 ; infill
G1 X64.822 Y72.602 Z5.908 E1214.46687 ; infill
G1 X66.712 Y72.602 Z6.149 E1214.53955 ; infill
G1 X68.777 Y72.602 Z6.378 E1214.61893 ; infill
G1 X71.038 Y72.602 Z6.590 E1214.70588 ; infill
G1 X74.848 Y72.602 Z6.869 E1214.85240 ; infill
G1 X79.228 Y72.602 Z7.086 E1215.02081 ; infill
G1 X84.253 Y72.602 Z7.227 E1215.21402 ; infill
G1 X89.998 Y72.602 Z7.276 E1215.43493 ; infill
G1 X93.912 Y72.602 Z7.254 E1215.58541 ; infill
G1 X99.168 Y72.602 Z7.142 E1215.78753 ; infill
G1 X102.296 Y72.602 Z7.021 E1215.90778 ; infill
G1 X106.478 Y72.602 Z6.782 E1216.06857 ; infill
G1 X108.958 Y72.602 Z6.590 E1216.16396 ; infill
G1 X111.220 Y72.602 Z6.378 E1216.25091 ; infill
G1 X113.284 Y72.602 Z6.149 E1216.33029 ; infill
G1 X115.174 Y72.602 Z5.908 E1216.40297 ; infill
G1 X118.521 Y72.602 Z5.410 E1216.53169 ; infill
G1 X122.799 Y72.602 Z4.687 E1216.69624 ; infill
G1 X125.422 Y72.602 Z4.274 E1216.79713 ; infill
G1 X128.075 Y72.602 Z3.959 E1216.89916 ; infill
G1 X129.470 Y72.602 Z3.850 E1216.95282 ; infill
G1 X130.942 Y72.602 Z3.778 E1217.00942 ; infill
G1 X132.514 Y72.602 Z3.750 E1217.06985 ; infill
G1 X134.208 Y72.602 Z3.768 E1217.13499 ; infill
G1 X136.048 Y72.602 Z3.839 E1217.20574 ; infill
G1 X137.331 Y72.602 Z3.919 E1217.25506 ; infill
G1 X137.410 Y72.144 Z3.919 E1217.27293 ; infill
G1 X136.121 Y72.144 Z3.837 E1217.32251 ; infill
G1 X134.280 Y72.144 Z3.766 E1217.39327 ; infill
G1 X132.586 Y72.144 Z3.747 E1217.45841 ; infill
G1 X131.015 Y72.144 Z3.776 E1217.51882 ; infill
G1 X129.544 Y72.144 Z3.847 E1217.57539 ; infill
G1 X128.149 Y72.144 Z3.957 E1217.62901 ; infill
G1 X125.499 Y72.144 Z4.272 E1217.73095 ; infill
G1 X122.877 Y72.144 Z4.686 E1217.83176 ; infill
G1 X118.598 Y72.144 Z5.412 E1217.99636 ; infill
G1 X115.248 Y72.144 Z5.912 E1218.12520 ; infill
G1 X113.356 Y72.144 Z6.154 E1218.19798 ; infill
G1 X111.288 Y72.144 Z6.384 E1218.27751 ; infill
G1 X109.021 Y72.144 Z6.597 E1218.36465 ; infill
G1 X105.201 Y72.144 Z6.877 E1218.51155 ; infill
G1 X100.808 Y72.144 Z7.096 E1218.68048 ; infill
G1 X95.765 Y72.144 Z7.237 E1218.87436 ; infill
G1 X89.998 Y72.144 Z7.287 E1219.09611 ; infill
G1 X86.069 Y72.144 Z7.265 E1219.24719 ; infill
G1 X80.793 Y72.144 Z7.152 E1219.45004 ; infill
G1 X77.656 Y72.144 Z7.031 E1219.57069 ; infill
G1 X73.462 Y72.144 Z6.790 E1219.73195 ; infill
G1 X70.975 Y72.144 Z6.597 E1219.82758 ; infill
G1 X68.709 Y72.144 Z6.383 E1219.91472 ; infill
G1 X66.640 Y72.144 Z6.154 E1219.99425 ; infill
G1 X64.748 Y72.144 Z5.912 E1220.06703 ; infill
G1 X61.398 Y72.144 Z5.412 E1220.19588 ; infill
G1 X57.119 Y72.144 Z4.686 E1220.36048 ; infill
G1 X54.527 Y72.144 Z4.277 E1220.46015 ; infill
G1 X51.846 Y72.144 Z3.956 E1220.56323 ; infill
G1 X50.452 Y72.144 Z3.847 E1220.61685 ; infill
G1 X48.981 Y72.144 Z3.776 E1220.67343 ; infill
G1 X47.409 Y72.144 Z3.747 E1220.73384 ; infill
G1 X45.715 Y72.144 Z3.766 E1220.79899 ; infill
G1 X43.875 Y72.144 Z3.837 E1220.86975 ; infill
G1 X42.585 Y72.144 Z3.919 E1220.91935 ; infill
G1 X42.514 Y71.686 Z3.918 E1220.93717 ; infill
G1 X43.808 Y71.686 Z3.836 E1220.98694 ; infill
G1 X45.650 Y71.686 Z3.764 E1221.05776 ; infill
G1 X47.345 Y71.686 Z3.745 E1221.12293 ; infill
G1 X48.916 Y71.686 Z3.773 E1221.18336 ; infill
G1 X50.387 Y71.686 Z3.844 E1221.23992 ; infill
G1 X51.781 Y71.686 Z3.954 E1221.29353 ; infill
G1 X54.431 Y71.686 Z4.270 E1221.39542 ; infill
G1 X56.827 Y71.686 Z4.647 E1221.48759 ; infill
G1 X61.326 Y71.686 Z5.413 E1221.66065 ; infill
G1 X64.678 Y71.686 Z5.916 E1221.78953 ; infill
G1 X66.572 Y71.686 Z6.158 E1221.86239 ; infill
G1 X68.643 Y71.686 Z6.389 E1221.94203 ; infill
G1 X70.914 Y71.686 Z6.604 E1222.02933 ; infill
G1 X74.743 Y71.686 Z6.886 E1222.17657 ; infill
G1 X79.149 Y71.686 Z7.105 E1222.34600 ; infill
G1 X84.209 Y71.686 Z7.248 E1222.54054 ; infill
G1 X89.998 Y71.686 Z7.298 E1222.76316 ; infill
G1 X93.943 Y71.686 Z7.275 E1222.91482 ; infill
G1 X99.237 Y71.686 Z7.162 E1223.11840 ; infill
G1 X102.385 Y71.686 Z7.040 E1223.23942 ; infill
G1 X106.590 Y71.686 Z6.798 E1223.40113 ; infill
G1 X109.083 Y71.686 Z6.604 E1223.49697 ; infill
G1 X111.353 Y71.686 Z6.389 E1223.58427 ; infill
G1 X113.424 Y71.686 Z6.158 E1223.66391 ; infill
G1 X115.319 Y71.686 Z5.916 E1223.73677 ; infill
G1 X118.670 Y71.686 Z5.413 E1223.86565 ; infill
G1 X123.169 Y71.686 Z4.647 E1224.03871 ; infill
G1 X125.303 Y71.686 Z4.309 E1224.12081 ; infill
G1 X128.214 Y71.686 Z3.954 E1224.23276 ; infill
G1 X129.608 Y71.686 Z3.844 E1224.28636 ; infill
G1 X131.080 Y71.686 Z3.773 E1224.34293 ; infill
G1 X132.651 Y71.686 Z3.745 E1224.40335 ; infill
G1 X134.346 Y71.686 Z3.764 E1224.46852 ; infill
G1 X136.188 Y71.686 Z3.836 E1224.53933 ; infill
G1 X137.478 Y71.686 Z3.918 E1224.58896 ; infill
G1 X137.546 Y71.228 Z3.918 E1224.60676 ; infill
G1 X136.255 Y71.228 Z3.835 E1224.65643 ; infill
G1 X134.412 Y71.228 Z3.762 E1224.72729 ; infill
G1 X132.716 Y71.228 Z3.742 E1224.79249 ; infill
G1 X131.144 Y71.228 Z3.770 E1224.85293 ; infill
G1 X129.673 Y71.228 Z3.841 E1224.90949 ; infill
G1 X128.279 Y71.228 Z3.951 E1224.96308 ; infill
G1 X125.631 Y71.228 Z4.268 E1225.06491 ; infill
G1 X123.466 Y71.228 Z4.606 E1225.14818 ; infill
G1 X118.738 Y71.228 Z5.415 E1225.33004 ; infill
G1 X115.386 Y71.228 Z5.919 E1225.45899 ; infill
G1 X113.489 Y71.228 Z6.163 E1225.53193 ; infill
G1 X111.415 Y71.228 Z6.395 E1225.61168 ; infill
G1 X109.140 Y71.228 Z6.611 E1225.69914 ; infill
G1 X105.303 Y71.228 Z6.894 E1225.84672 ; infill
G1 X100.884 Y71.228 Z7.115 E1226.01660 ; infill
G1 X95.809 Y71.228 Z7.258 E1226.21177 ; infill
G1 X89.998 Y71.228 Z7.309 E1226.43518 ; infill
G1 X86.039 Y71.228 Z7.286 E1226.58741 ; infill
G1 X80.727 Y71.228 Z7.172 E1226.79167 ; infill
G1 X77.570 Y71.228 Z7.049 E1226.91306 ; infill
G1 X73.354 Y71.228 Z6.806 E1227.07518 ; infill
G1 X70.856 Y71.228 Z6.611 E1227.17123 ; infill
G1 X68.581 Y71.228 Z6.395 E1227.25870 ; infill
G1 X66.507 Y71.228 Z6.163 E1227.33845 ; infill
G1 X64.610 Y71.228 Z5.919 E1227.41138 ; infill
G1 X61.258 Y71.228 Z5.415 E1227.54034 ; infill
G1 X56.530 Y71.228 Z4.606 E1227.72220 ; infill
G1 X54.858 Y71.228 Z4.342 E1227.78649 ; infill
G1 X54.365 Y71.228 Z4.268 E1227.80547 ; infill
G1 X51.716 Y71.228 Z3.951 E1227.90731 ; infill
G1 X50.323 Y71.228 Z3.841 E1227.96090 ; infill
G1 X48.852 Y71.228 Z3.770 E1228.01746 ; infill
G1 X47.280 Y71.228 Z3.742 E1228.07790 ; infill
G1 X45.584 Y71.228 Z3.763 E1228.14311 ; infill
G1 X43.741 Y71.228 Z3.835 E1228.21398 ; infill
G1 X42.447 Y71.228 Z3.918 E1228.26375 ; infill
G1 X42.381 Y70.770 Z3.918 E1228.28153 ; infill
G1 X43.603 Y70.770 Z3.838 E1228.32851 ; infill
G1 X45.387 Y70.771 Z3.765 E1228.39714 ; infill
G1 X47.041 Y70.770 Z3.742 E1228.46074 ; infill
G1 X48.742 Y70.771 Z3.766 E1228.52614 ; infill
G1 X50.175 Y70.770 Z3.833 E1228.58123 ; infill
G1 X51.656 Y70.771 Z3.948 E1228.63817 ; infill
G1 X54.245 Y70.771 Z4.258 E1228.73773 ; infill
G1 X56.232 Y70.771 Z4.566 E1228.81416 ; infill
G1 X61.206 Y70.770 Z5.419 E1229.00550 ; infill
G1 X64.543 Y70.771 Z5.923 E1229.13385 ; infill
G1 X66.442 Y70.770 Z6.168 E1229.20686 ; infill
G1 X68.519 Y70.771 Z6.401 E1229.28673 ; infill
G1 X70.798 Y70.770 Z6.618 E1229.37435 ; infill
G1 X74.644 Y70.771 Z6.902 E1229.52226 ; infill
G1 X79.075 Y70.770 Z7.124 E1229.69261 ; infill
G1 X84.167 Y70.771 Z7.269 E1229.88841 ; infill
G1 X89.998 Y70.771 Z7.320 E1230.11263 ; infill
G1 X93.972 Y70.770 Z7.297 E1230.26542 ; infill
G1 X99.302 Y70.770 Z7.182 E1230.47035 ; infill
G1 X102.468 Y70.771 Z7.058 E1230.59210 ; infill
G1 X106.695 Y70.770 Z6.814 E1230.75464 ; infill
G1 X109.198 Y70.770 Z6.618 E1230.85089 ; infill
G1 X111.477 Y70.770 Z6.401 E1230.93851 ; infill
G1 X113.554 Y70.771 Z6.168 E1231.01838 ; infill
G1 X115.453 Y70.771 Z5.923 E1231.09140 ; infill
G1 X118.790 Y70.770 Z5.419 E1231.21975 ; infill
G1 X123.764 Y70.771 Z4.566 E1231.41109 ; infill
G1 X124.972 Y70.771 Z4.375 E1231.45756 ; infill
G1 X125.751 Y70.770 Z4.258 E1231.48752 ; infill
G1 X128.340 Y70.771 Z3.948 E1231.58707 ; infill
G1 X129.821 Y70.770 Z3.833 E1231.64400 ; infill
G1 X131.104 Y70.771 Z3.771 E1231.69334 ; infill
G1 X132.774 Y70.770 Z3.740 E1231.75756 ; infill
G1 X134.608 Y70.771 Z3.765 E1231.82808 ; infill
G1 X136.393 Y70.770 Z3.838 E1231.89671 ; infill
G1 X137.614 Y70.771 Z3.918 E1231.94368 ; infill
G1 X137.670 Y70.313 Z3.916 E1231.96141 ; infill
G1 X135.908 Y70.313 Z3.811 E1232.02916 ; infill
G1 X134.311 Y70.313 Z3.754 E1232.09057 ; infill
G1 X132.264 Y70.313 Z3.745 E1232.16930 ; infill
G1 X131.431 Y70.313 Z3.760 E1232.20132 ; infill
G1 X130.115 Y70.313 Z3.817 E1232.25192 ; infill
G1 X128.392 Y70.313 Z3.945 E1232.31817 ; infill
G1 X126.033 Y70.313 Z4.224 E1232.40889 ; infill
G1 X124.062 Y70.313 Z4.525 E1232.48470 ; infill
G1 X118.553 Y70.313 Z5.469 E1232.69658 ; infill
G1 X115.512 Y70.313 Z5.927 E1232.81355 ; infill
G1 X113.794 Y70.313 Z6.150 E1232.87962 ; infill
G1 X111.917 Y70.313 Z6.365 E1232.95180 ; infill
G1 X109.252 Y70.313 Z6.625 E1233.05429 ; infill
G1 X105.398 Y70.313 Z6.911 E1233.20248 ; infill
G1 X100.957 Y70.313 Z7.134 E1233.37325 ; infill
G1 X95.850 Y70.313 Z7.279 E1233.56962 ; infill
G1 X92.326 Y70.313 Z7.323 E1233.70509 ; infill
G1 X89.998 Y70.313 Z7.331 E1233.79461 ; infill
G1 X85.452 Y70.313 Z7.299 E1233.96942 ; infill
G1 X80.930 Y70.313 Z7.200 E1234.14330 ; infill
G1 X77.245 Y70.313 Z7.056 E1234.28498 ; infill
G1 X73.031 Y70.313 Z6.805 E1234.44703 ; infill
G1 X70.744 Y70.313 Z6.625 E1234.53494 ; infill
G1 X68.661 Y70.313 Z6.427 E1234.61504 ; infill
G1 X66.202 Y70.313 Z6.150 E1234.70961 ; infill
G1 X64.484 Y70.313 Z5.927 E1234.77568 ; infill
G1 X61.443 Y70.313 Z5.469 E1234.89265 ; infill
G1 X55.189 Y70.313 Z4.407 E1235.13319 ; infill
G1 X53.963 Y70.313 Z4.224 E1235.18035 ; infill
G1 X51.604 Y70.313 Z3.945 E1235.27107 ; infill
G1 X49.881 Y70.313 Z3.817 E1235.33732 ; infill
G1 X49.089 Y70.313 Z3.779 E1235.36775 ; infill
G1 X47.172 Y70.313 Z3.738 E1235.44150 ; infill
G1 X45.044 Y70.313 Z3.773 E1235.52330 ; infill
G1 X43.395 Y70.313 Z3.846 E1235.58671 ; infill
G1 X42.327 Y70.313 Z3.915 E1235.62776 ; infill
G1 X42.274 Y69.855 Z3.915 E1235.64548 ; infill
G1 X44.339 Y69.855 Z3.796 E1235.72487 ; infill
G1 X45.776 Y69.855 Z3.748 E1235.78014 ; infill
G1 X47.122 Y69.855 Z3.735 E1235.83187 ; infill
G1 X48.073 Y69.855 Z3.748 E1235.86844 ; infill
G1 X49.587 Y69.855 Z3.800 E1235.92666 ; infill
G1 X51.552 Y69.855 Z3.942 E1236.00223 ; infill
G1 X53.681 Y69.855 Z4.190 E1236.08411 ; infill
G1 X55.636 Y69.855 Z4.484 E1236.15931 ; infill
G1 X61.679 Y69.855 Z5.519 E1236.39174 ; infill
G1 X64.424 Y69.855 Z5.930 E1236.49732 ; infill
G1 X67.599 Y69.855 Z6.325 E1236.61941 ; infill
G1 X70.692 Y69.855 Z6.632 E1236.73833 ; infill
G1 X74.553 Y69.855 Z6.919 E1236.88681 ; infill
G1 X79.005 Y69.855 Z7.144 E1237.05799 ; infill
G1 X81.260 Y69.855 Z7.221 E1237.14469 ; infill
G1 X84.127 Y69.855 Z7.290 E1237.25494 ; infill
G1 X86.709 Y69.855 Z7.326 E1237.35421 ; infill
G1 X89.998 Y69.855 Z7.342 E1237.48069 ; infill
G1 X95.376 Y69.855 Z7.297 E1237.68745 ; infill
G1 X98.737 Y69.855 Z7.221 E1237.81668 ; infill
G1 X103.105 Y69.855 Z7.049 E1237.98466 ; infill
G1 X105.443 Y69.855 Z6.919 E1238.07456 ; infill
G1 X107.281 Y69.855 Z6.794 E1238.14522 ; infill
G1 X109.304 Y69.855 Z6.632 E1238.22303 ; infill
G1 X111.171 Y69.855 Z6.456 E1238.29482 ; infill
G1 X112.896 Y69.855 Z6.269 E1238.36115 ; infill
G1 X115.572 Y69.855 Z5.930 E1238.46404 ; infill
G1 X116.991 Y69.855 Z5.726 E1238.51863 ; infill
G1 X119.224 Y69.855 Z5.370 E1238.60449 ; infill
G1 X124.641 Y69.855 Z4.440 E1238.81289 ; infill
G1 X126.315 Y69.855 Z4.190 E1238.87724 ; infill
G1 X128.444 Y69.855 Z3.942 E1238.95912 ; infill
G1 X130.709 Y69.855 Z3.786 E1239.04620 ; infill
G1 X132.874 Y69.855 Z3.735 E1239.12947 ; infill
G1 X135.295 Y69.855 Z3.781 E1239.22255 ; infill
G1 X137.721 Y69.855 Z3.915 E1239.31585 ; infill
G1 X137.771 Y69.397 Z3.915 E1239.33356 ; infill
G1 X135.597 Y69.397 Z3.790 E1239.41714 ; infill
G1 X134.116 Y69.397 Z3.745 E1239.47408 ; infill
G1 X132.953 Y69.397 Z3.734 E1239.51878 ; infill
G1 X131.744 Y69.397 Z3.749 E1239.56528 ; infill
G1 X130.484 Y69.397 Z3.798 E1239.61373 ; infill
G1 X128.443 Y69.397 Z3.945 E1239.69221 ; infill
G1 X126.524 Y69.397 Z4.165 E1239.76600 ; infill
G1 X124.495 Y69.397 Z4.467 E1239.84406 ; infill
G1 X118.150 Y69.397 Z5.551 E1240.08812 ; infill
G1 X115.699 Y69.397 Z5.917 E1240.18237 ; infill
G1 X112.591 Y69.397 Z6.308 E1240.30188 ; infill
G1 X109.441 Y69.397 Z6.624 E1240.42304 ; infill
G1 X107.421 Y69.397 Z6.789 E1240.50068 ; infill
G1 X105.158 Y69.397 Z6.942 E1240.58770 ; infill
G1 X103.184 Y69.397 Z7.052 E1240.66362 ; infill
G1 X100.375 Y69.397 Z7.173 E1240.77161 ; infill
G1 X96.018 Y69.397 Z7.295 E1240.93915 ; infill
G1 X90.012 Y69.397 Z7.352 E1241.17008 ; infill
G1 X85.874 Y69.397 Z7.326 E1241.32919 ; infill
G1 X80.936 Y69.397 Z7.218 E1241.51906 ; infill
G1 X76.813 Y69.397 Z7.052 E1241.67761 ; infill
G1 X74.412 Y69.397 Z6.916 E1241.76992 ; infill
G1 X72.575 Y69.397 Z6.789 E1241.84056 ; infill
G1 X70.556 Y69.397 Z6.624 E1241.91820 ; infill
G1 X68.724 Y69.397 Z6.449 E1241.98865 ; infill
G1 X65.785 Y69.397 Z6.115 E1242.10166 ; infill
G1 X64.297 Y69.397 Z5.917 E1242.15888 ; infill
G1 X60.610 Y69.397 Z5.348 E1242.30070 ; infill
G1 X55.361 Y69.397 Z4.445 E1242.50258 ; infill
G1 X53.472 Y69.397 Z4.165 E1242.57525 ; infill
G1 X51.553 Y69.397 Z3.945 E1242.64905 ; infill
G1 X49.399 Y69.397 Z3.791 E1242.73185 ; infill
G1 X48.252 Y69.397 Z3.749 E1242.77598 ; infill
G1 X47.042 Y69.397 Z3.734 E1242.82248 ; infill
G1 X45.761 Y69.397 Z3.747 E1242.87173 ; infill
G1 X44.521 Y69.397 Z3.785 E1242.91944 ; infill
G1 X42.225 Y69.397 Z3.915 E1243.00770 ; infill
G1 X42.185 Y68.939 Z3.915 E1243.02537 ; infill
G1 X44.161 Y68.939 Z3.800 E1243.10132 ; infill
G1 X46.001 Y68.939 Z3.743 E1243.17210 ; infill
G1 X48.179 Y68.939 Z3.749 E1243.25585 ; infill
G1 X49.778 Y68.939 Z3.816 E1243.31732 ; infill
G1 X51.635 Y68.939 Z3.955 E1243.38871 ; infill
G1 X53.374 Y68.939 Z4.154 E1243.45560 ; infill
G1 X55.619 Y68.939 Z4.487 E1243.54194 ; infill
G1 X60.511 Y68.939 Z5.327 E1243.73010 ; infill
G1 X63.444 Y68.939 Z5.788 E1243.84290 ; infill
G1 X65.750 Y68.939 Z6.104 E1243.93161 ; infill
G1 X67.655 Y68.939 Z6.330 E1244.00485 ; infill
G1 X70.290 Y68.939 Z6.595 E1244.10618 ; infill
G1 X74.123 Y68.939 Z6.894 E1244.25355 ; infill
G1 X77.120 Y68.939 Z7.066 E1244.36882 ; infill
G1 X78.745 Y68.939 Z7.140 E1244.43129 ; infill
G1 X82.244 Y68.939 Z7.258 E1244.56582 ; infill
G1 X84.131 Y68.939 Z7.301 E1244.63840 ; infill
G1 X89.948 Y68.939 Z7.361 E1244.86207 ; infill
G1 X95.865 Y68.939 Z7.301 E1245.08956 ; infill
G1 X99.545 Y68.939 Z7.204 E1245.23107 ; infill
G1 X102.876 Y68.939 Z7.066 E1245.35915 ; infill
G1 X107.290 Y68.939 Z6.795 E1245.52888 ; infill
G1 X111.037 Y68.939 Z6.468 E1245.67296 ; infill
G1 X112.342 Y68.939 Z6.330 E1245.72312 ; infill
G1 X114.831 Y68.939 Z6.027 E1245.81883 ; infill
G1 X118.090 Y68.939 Z5.554 E1245.94416 ; infill
G1 X124.875 Y68.939 Z4.409 E1246.20516 ; infill
G1 X126.622 Y68.939 Z4.154 E1246.27235 ; infill
G1 X128.361 Y68.939 Z3.955 E1246.33923 ; infill
G1 X130.618 Y68.939 Z3.791 E1246.42600 ; infill
G1 X131.817 Y68.939 Z3.749 E1246.47210 ; infill
G1 X133.078 Y68.939 Z3.735 E1246.52061 ; infill
G1 X135.402 Y68.939 Z3.781 E1246.60996 ; infill
G1 X137.800 Y68.939 Z3.915 E1246.70217 ; infill
G1 X137.830 Y68.481 Z3.915 E1246.71981 ; infill
G1 X135.329 Y68.481 Z3.778 E1246.81598 ; infill
G1 X133.873 Y68.481 Z3.741 E1246.87196 ; infill
G1 X131.889 Y68.481 Z3.748 E1246.94825 ; infill
G1 X129.952 Y68.481 Z3.835 E1247.02274 ; infill
G1 X128.279 Y68.481 Z3.966 E1247.08704 ; infill
G1 X126.720 Y68.481 Z4.143 E1247.14701 ; infill
G1 X124.259 Y68.481 Z4.506 E1247.24164 ; infill
G1 X119.584 Y68.481 Z5.305 E1247.42147 ; infill
G1 X116.165 Y68.481 Z5.838 E1247.55300 ; infill
G1 X114.279 Y68.481 Z6.093 E1247.62553 ; infill
G1 X112.125 Y68.481 Z6.347 E1247.70835 ; infill
G1 X109.753 Y68.481 Z6.585 E1247.79953 ; infill
G1 X105.729 Y68.481 Z6.899 E1247.95427 ; infill
G1 X102.817 Y68.481 Z7.066 E1248.06627 ; infill
G1 X101.052 Y68.481 Z7.147 E1248.13410 ; infill
G1 X97.514 Y68.481 Z7.266 E1248.27016 ; infill
G1 X95.596 Y68.481 Z7.309 E1248.34391 ; infill
G1 X90.084 Y68.481 Z7.369 E1248.55585 ; infill
G1 X84.401 Y68.481 Z7.309 E1248.77437 ; infill
G1 X80.666 Y68.481 Z7.211 E1248.91798 ; infill
G1 X77.304 Y68.481 Z7.073 E1249.04724 ; infill
G1 X72.859 Y68.481 Z6.801 E1249.21816 ; infill
G1 X69.029 Y68.481 Z6.468 E1249.36545 ; infill
G1 X65.718 Y68.481 Z6.093 E1249.49275 ; infill
G1 X63.832 Y68.481 Z5.839 E1249.56528 ; infill
G1 X61.967 Y68.481 Z5.558 E1249.63701 ; infill
G1 X54.881 Y68.481 Z4.373 E1249.90956 ; infill
G1 X53.277 Y68.481 Z4.143 E1249.97127 ; infill
G1 X51.717 Y68.481 Z3.965 E1250.03125 ; infill
G1 X49.357 Y68.481 Z3.792 E1250.12198 ; infill
G1 X48.107 Y68.481 Z3.748 E1250.17004 ; infill
G1 X46.793 Y68.481 Z3.735 E1250.22058 ; infill
G1 X44.667 Y68.481 Z3.778 E1250.30233 ; infill
G1 X42.146 Y68.481 Z3.917 E1250.39928 ; infill
G1 X42.125 Y68.023 Z3.916 E1250.41690 ; infill
G1 X43.138 Y68.023 Z3.849 E1250.45585 ; infill
G1 X44.740 Y68.023 Z3.774 E1250.51746 ; infill
G1 X46.669 Y68.023 Z3.736 E1250.59160 ; infill
G1 X48.035 Y68.023 Z3.748 E1250.64415 ; infill
G1 X49.337 Y68.023 Z3.793 E1250.69419 ; infill
G1 X50.311 Y68.023 Z3.853 E1250.73166 ; infill
G1 X51.799 Y68.023 Z3.976 E1250.78888 ; infill
G1 X53.179 Y68.023 Z4.133 E1250.84194 ; infill
G1 X54.355 Y68.023 Z4.293 E1250.88716 ; infill
G1 X55.855 Y68.023 Z4.525 E1250.94485 ; infill
G1 X60.365 Y68.023 Z5.291 E1251.11833 ; infill
G1 X63.855 Y68.023 Z5.833 E1251.25258 ; infill
G1 X65.833 Y68.023 Z6.098 E1251.32862 ; infill
G1 X68.001 Y68.023 Z6.352 E1251.41199 ; infill
G1 X70.386 Y68.023 Z6.591 E1251.50373 ; infill
G1 X74.447 Y68.023 Z6.906 E1251.65985 ; infill
G1 X77.465 Y68.023 Z7.077 E1251.77592 ; infill
G1 X79.170 Y68.023 Z7.154 E1251.84145 ; infill
G1 X82.757 Y68.023 Z7.273 E1251.97941 ; infill
G1 X84.721 Y68.023 Z7.317 E1252.05489 ; infill
G1 X89.877 Y68.023 Z7.378 E1252.25316 ; infill
G1 X95.276 Y68.023 Z7.317 E1252.46076 ; infill
G1 X99.083 Y68.023 Z7.219 E1252.60713 ; infill
G1 X102.486 Y68.023 Z7.080 E1252.73799 ; infill
G1 X106.973 Y68.023 Z6.807 E1252.91051 ; infill
G1 X110.832 Y68.023 Z6.474 E1253.05891 ; infill
G1 X111.996 Y68.023 Z6.352 E1253.10367 ; infill
G1 X114.883 Y68.023 Z6.002 E1253.21470 ; infill
G1 X118.232 Y68.023 Z5.518 E1253.34347 ; infill
G1 X125.355 Y68.023 Z4.336 E1253.61747 ; infill
G1 X126.817 Y68.023 Z4.133 E1253.67371 ; infill
G1 X128.197 Y68.023 Z3.976 E1253.72677 ; infill
G1 X129.146 Y68.023 Z3.892 E1253.76323 ; infill
G1 X130.660 Y68.023 Z3.793 E1253.82146 ; infill
G1 X131.961 Y68.023 Z3.748 E1253.87149 ; infill
G1 X133.328 Y68.023 Z3.736 E1253.92404 ; infill
G1 X135.256 Y68.023 Z3.774 E1253.99817 ; infill
G1 X136.858 Y68.023 Z3.849 E1254.05979 ; infill
G1 X137.859 Y68.023 Z3.915 E1254.09828 ; infill
G1 X137.889 Y67.566 Z3.916 E1254.11592 ; infill
G1 X136.836 Y67.566 Z3.846 E1254.15642 ; infill
G1 X135.183 Y67.566 Z3.771 E1254.21998 ; infill
G1 X133.453 Y67.566 Z3.737 E1254.28650 ; infill
G1 X132.033 Y67.566 Z3.747 E1254.34108 ; infill
G1 X130.681 Y67.566 Z3.794 E1254.39308 ; infill
G1 X129.419 Y67.566 Z3.872 E1254.44160 ; infill
G1 X128.117 Y67.566 Z3.986 E1254.49168 ; infill
G1 X126.891 Y67.566 Z4.125 E1254.53882 ; infill
G1 X125.483 Y67.566 Z4.316 E1254.59298 ; infill
G1 X124.072 Y67.566 Z4.534 E1254.64723 ; infill
G1 X118.668 Y67.566 Z5.439 E1254.85509 ; infill
G1 X116.041 Y67.566 Z5.837 E1254.95614 ; infill
G1 X114.050 Y67.566 Z6.103 E1255.03271 ; infill
G1 X112.010 Y67.566 Z6.341 E1255.11115 ; infill
G1 X109.449 Y67.566 Z6.596 E1255.20962 ; infill
G1 X105.355 Y67.566 Z6.912 E1255.36703 ; infill
G1 X102.255 Y67.566 Z7.087 E1255.48624 ; infill
G1 X100.574 Y67.566 Z7.161 E1255.55086 ; infill
G1 X97.205 Y67.566 Z7.273 E1255.68040 ; infill
G1 X94.895 Y67.566 Z7.326 E1255.76924 ; infill
G1 X90.045 Y67.566 Z7.385 E1255.95571 ; infill
G1 X85.102 Y67.566 Z7.326 E1256.14579 ; infill
G1 X83.074 Y67.566 Z7.281 E1256.22375 ; infill
G1 X79.422 Y67.566 Z7.161 E1256.36417 ; infill
G1 X77.742 Y67.566 Z7.087 E1256.42879 ; infill
G1 X74.641 Y67.566 Z6.912 E1256.54801 ; infill
G1 X70.548 Y67.566 Z6.596 E1256.70541 ; infill
G1 X68.134 Y67.566 Z6.358 E1256.79823 ; infill
G1 X65.947 Y67.566 Z6.103 E1256.88233 ; infill
G1 X63.956 Y67.566 Z5.837 E1256.95889 ; infill
G1 X60.440 Y67.566 Z5.295 E1257.09413 ; infill
G1 X56.209 Y67.566 Z4.580 E1257.25688 ; infill
G1 X54.514 Y67.566 Z4.316 E1257.32205 ; infill
G1 X53.106 Y67.566 Z4.125 E1257.37621 ; infill
G1 X51.880 Y67.566 Z3.986 E1257.42335 ; infill
G1 X50.653 Y67.566 Z3.877 E1257.47052 ; infill
G1 X49.316 Y67.566 Z3.794 E1257.52196 ; infill
G1 X47.963 Y67.566 Z3.747 E1257.57396 ; infill
G1 X46.544 Y67.566 Z3.737 E1257.62853 ; infill
G1 X44.814 Y67.566 Z3.771 E1257.69506 ; infill
G1 X43.161 Y67.566 Z3.846 E1257.75862 ; infill
G1 X42.105 Y67.566 Z3.917 E1257.79922 ; infill
G1 X42.084 Y67.108 Z3.917 E1257.81684 ; infill
G1 X43.183 Y67.108 Z3.843 E1257.85910 ; infill
G1 X44.880 Y67.108 Z3.768 E1257.92434 ; infill
G1 X46.455 Y67.108 Z3.737 E1257.98489 ; infill
G1 X47.927 Y67.108 Z3.747 E1258.04149 ; infill
G1 X49.313 Y67.108 Z3.795 E1258.09480 ; infill
G1 X50.631 Y67.108 Z3.876 E1258.14547 ; infill
G1 X52.223 Y67.108 Z4.024 E1258.20668 ; infill
G1 X54.546 Y67.108 Z4.318 E1258.29603 ; infill
G1 X56.701 Y67.108 Z4.656 E1258.37891 ; infill
G1 X60.515 Y67.108 Z5.298 E1258.52560 ; infill
G1 X64.062 Y67.108 Z5.842 E1258.66202 ; infill
G1 X66.079 Y67.108 Z6.108 E1258.73959 ; infill
G1 X68.288 Y67.108 Z6.363 E1258.82455 ; infill
G1 X70.717 Y67.108 Z6.602 E1258.91793 ; infill
G1 X74.857 Y67.108 Z6.919 E1259.07714 ; infill
G1 X77.998 Y67.108 Z7.094 E1259.19790 ; infill
G1 X79.700 Y67.108 Z7.169 E1259.26335 ; infill
G1 X83.821 Y67.108 Z7.298 E1259.42183 ; infill
G1 X89.942 Y67.108 Z7.390 E1259.65716 ; infill
G1 X95.685 Y67.108 Z7.309 E1259.87798 ; infill
G1 X100.297 Y67.108 Z7.169 E1260.05531 ; infill
G1 X101.999 Y67.108 Z7.094 E1260.12076 ; infill
G1 X105.139 Y67.108 Z6.919 E1260.24152 ; infill
G1 X109.280 Y67.108 Z6.602 E1260.40074 ; infill
G1 X111.709 Y67.108 Z6.363 E1260.49411 ; infill
G1 X113.918 Y67.108 Z6.108 E1260.57907 ; infill
G1 X115.935 Y67.108 Z5.842 E1260.65665 ; infill
G1 X119.104 Y67.108 Z5.359 E1260.77854 ; infill
G1 X124.031 Y67.108 Z4.536 E1260.96803 ; infill
G1 X125.450 Y67.108 Z4.318 E1261.02264 ; infill
G1 X126.867 Y67.108 Z4.126 E1261.07712 ; infill
G1 X128.099 Y67.108 Z3.987 E1261.12450 ; infill
G1 X129.366 Y67.108 Z3.876 E1261.17320 ; infill
G1 X130.684 Y67.108 Z3.795 E1261.22387 ; infill
G1 X132.070 Y67.108 Z3.747 E1261.27718 ; infill
G1 X133.542 Y67.108 Z3.737 E1261.33378 ; infill
G1 X135.117 Y67.108 Z3.768 E1261.39432 ; infill
G1 X136.813 Y67.108 Z3.843 E1261.45956 ; infill
G1 X137.918 Y67.108 Z3.917 E1261.50206 ; infill
G1 X137.932 Y66.650 Z3.917 E1261.51967 ; infill
G1 X136.813 Y66.650 Z3.843 E1261.56269 ; infill
G1 X135.118 Y66.650 Z3.768 E1261.62787 ; infill
G1 X133.541 Y66.650 Z3.738 E1261.68848 ; infill
G1 X132.067 Y66.650 Z3.748 E1261.74519 ; infill
G1 X130.676 Y66.650 Z3.796 E1261.79864 ; infill
G1 X129.354 Y66.650 Z3.877 E1261.84949 ; infill
G1 X128.082 Y66.650 Z3.989 E1261.89840 ; infill
G1 X126.843 Y66.650 Z4.128 E1261.94602 ; infill
G1 X125.418 Y66.650 Z4.320 E1262.00083 ; infill
G1 X123.989 Y66.650 Z4.538 E1262.05580 ; infill
G1 X119.401 Y66.650 Z5.302 E1262.23230 ; infill
G1 X115.809 Y66.650 Z5.846 E1262.37044 ; infill
G1 X113.778 Y66.650 Z6.113 E1262.44854 ; infill
G1 X111.654 Y66.650 Z6.357 E1262.53020 ; infill
G1 X109.089 Y66.650 Z6.608 E1262.62885 ; infill
G1 X104.903 Y66.650 Z6.926 E1262.78980 ; infill
G1 X102.189 Y66.650 Z7.078 E1262.89415 ; infill
G1 X99.994 Y66.650 Z7.176 E1262.97855 ; infill
G1 X96.149 Y66.650 Z7.298 E1263.12638 ; infill
G1 X90.186 Y66.650 Z7.393 E1263.35568 ; infill
G1 X86.091 Y66.650 Z7.344 E1263.51312 ; infill
G1 X83.847 Y66.650 Z7.298 E1263.59941 ; infill
G1 X80.003 Y66.650 Z7.176 E1263.74724 ; infill
G1 X76.915 Y66.650 Z7.032 E1263.86597 ; infill
G1 X75.094 Y66.650 Z6.926 E1263.93600 ; infill
G1 X70.908 Y66.650 Z6.608 E1264.09695 ; infill
G1 X68.446 Y66.650 Z6.369 E1264.19162 ; infill
G1 X66.219 Y66.650 Z6.113 E1264.27725 ; infill
G1 X64.188 Y66.650 Z5.846 E1264.35535 ; infill
G1 X60.596 Y66.650 Z5.302 E1264.49349 ; infill
G1 X56.008 Y66.650 Z4.538 E1264.66999 ; infill
G1 X54.578 Y66.650 Z4.320 E1264.72496 ; infill
G1 X52.559 Y66.650 Z4.061 E1264.80261 ; infill
G1 X50.643 Y66.650 Z3.877 E1264.87630 ; infill
G1 X49.320 Y66.650 Z3.796 E1264.92715 ; infill
G1 X47.930 Y66.650 Z3.748 E1264.98060 ; infill
G1 X46.455 Y66.650 Z3.738 E1265.03731 ; infill
G1 X44.879 Y66.650 Z3.768 E1265.09792 ; infill
G1 X43.184 Y66.650 Z3.843 E1265.16310 ; infill
G1 X42.064 Y66.650 Z3.917 E1265.20617 ; infill
G1 X42.045 Y66.192 Z3.918 E1265.22379 ; infill
G1 X43.182 Y66.192 Z3.843 E1265.26752 ; infill
G1 X44.878 Y66.192 Z3.768 E1265.33273 ; infill
G1 X46.456 Y66.192 Z3.738 E1265.39341 ; infill
G1 X47.934 Y66.192 Z3.749 E1265.45022 ; infill
G1 X49.328 Y66.192 Z3.796 E1265.50381 ; infill
G1 X50.655 Y66.192 Z3.878 E1265.55485 ; infill
G1 X51.932 Y66.192 Z3.990 E1265.60397 ; infill
G1 X52.896 Y66.192 Z4.098 E1265.64102 ; infill
G1 X54.610 Y66.192 Z4.322 E1265.70696 ; infill
G1 X56.049 Y66.192 Z4.541 E1265.76229 ; infill
G1 X60.697 Y66.192 Z5.306 E1265.94106 ; infill
G1 X64.314 Y66.192 Z5.851 E1266.08019 ; infill
G1 X66.368 Y66.192 Z6.118 E1266.15919 ; infill
G1 X68.624 Y66.192 Z6.374 E1266.24594 ; infill
G1 X71.105 Y66.192 Z6.615 E1266.34132 ; infill
G1 X75.340 Y66.192 Z6.933 E1266.50417 ; infill
G1 X77.947 Y66.192 Z7.077 E1266.60442 ; infill
G1 X80.338 Y66.192 Z7.184 E1266.69633 ; infill
G1 X84.319 Y66.192 Z7.307 E1266.84941 ; infill
G1 X89.803 Y66.192 Z7.395 E1267.06028 ; infill
G1 X95.678 Y66.192 Z7.307 E1267.28617 ; infill
G1 X99.659 Y66.192 Z7.184 E1267.43925 ; infill
G1 X101.777 Y66.192 Z7.091 E1267.52069 ; infill
G1 X104.656 Y66.192 Z6.933 E1267.63141 ; infill
G1 X108.892 Y66.192 Z6.614 E1267.79426 ; infill
G1 X111.372 Y66.192 Z6.374 E1267.88964 ; infill
G1 X113.628 Y66.192 Z6.118 E1267.97639 ; infill
G1 X115.682 Y66.192 Z5.851 E1268.05539 ; infill
G1 X118.443 Y66.192 Z5.441 E1268.16157 ; infill
G1 X123.948 Y66.192 Z4.541 E1268.37329 ; infill
G1 X125.386 Y66.192 Z4.322 E1268.42862 ; infill
G1 X126.820 Y66.192 Z4.130 E1268.48375 ; infill
G1 X128.064 Y66.192 Z3.990 E1268.53161 ; infill
G1 X129.342 Y66.192 Z3.878 E1268.58074 ; infill
G1 X130.669 Y66.192 Z3.796 E1268.63177 ; infill
G1 X132.063 Y66.192 Z3.749 E1268.68536 ; infill
G1 X133.540 Y66.192 Z3.738 E1268.74217 ; infill
G1 X135.119 Y66.192 Z3.768 E1268.80285 ; infill
G1 X136.815 Y66.192 Z3.843 E1268.86806 ; infill
G1 X137.931 Y66.192 Z3.917 E1268.91098 ; infill
G1 X137.930 Y65.734 Z3.917 E1268.92859 ; infill
G1 X136.816 Y65.734 Z3.843 E1268.97140 ; infill
G1 X135.120 Y65.734 Z3.769 E1269.03665 ; infill
G1 X133.540 Y65.734 Z3.739 E1269.09740 ; infill
G1 X132.059 Y65.734 Z3.749 E1269.15431 ; infill
G1 X130.662 Y65.734 Z3.797 E1269.20805 ; infill
G1 X129.330 Y65.734 Z3.879 E1269.25926 ; infill
G1 X128.047 Y65.734 Z3.992 E1269.30859 ; infill
G1 X126.793 Y65.734 Z4.131 E1269.35680 ; infill
G1 X125.341 Y65.734 Z4.324 E1269.41266 ; infill
G1 X123.882 Y65.734 Z4.543 E1269.46877 ; infill
G1 X118.843 Y65.734 Z5.366 E1269.66258 ; infill
G1 X115.540 Y65.734 Z5.856 E1269.78962 ; infill
G1 X113.464 Y65.734 Z6.123 E1269.86946 ; infill
G1 X111.267 Y65.734 Z6.372 E1269.95392 ; infill
G1 X108.672 Y65.734 Z6.621 E1270.05371 ; infill
G1 X106.772 Y65.734 Z6.775 E1270.12680 ; infill
G1 X104.385 Y65.734 Z6.940 E1270.21858 ; infill
G1 X100.290 Y65.734 Z7.151 E1270.37604 ; infill
G1 X97.327 Y65.734 Z7.259 E1270.48997 ; infill
G1 X95.136 Y65.734 Z7.317 E1270.57420 ; infill
G1 X90.109 Y65.734 Z7.397 E1270.76750 ; infill
G1 X84.861 Y65.734 Z7.317 E1270.96930 ; infill
G1 X80.535 Y65.734 Z7.185 E1271.13564 ; infill
G1 X77.686 Y65.734 Z7.056 E1271.24516 ; infill
G1 X75.612 Y65.734 Z6.940 E1271.32491 ; infill
G1 X73.225 Y65.734 Z6.775 E1271.41670 ; infill
G1 X71.324 Y65.734 Z6.621 E1271.48978 ; infill
G1 X68.806 Y65.734 Z6.380 E1271.58661 ; infill
G1 X66.533 Y65.734 Z6.123 E1271.67403 ; infill
G1 X64.457 Y65.734 Z5.856 E1271.75386 ; infill
G1 X60.797 Y65.734 Z5.309 E1271.89461 ; infill
G1 X56.598 Y65.734 Z4.621 E1272.05614 ; infill
G1 X54.656 Y65.734 Z4.324 E1272.13082 ; infill
G1 X53.203 Y65.734 Z4.131 E1272.18669 ; infill
G1 X51.950 Y65.734 Z3.992 E1272.23490 ; infill
G1 X50.667 Y65.734 Z3.879 E1272.28423 ; infill
G1 X49.335 Y65.734 Z3.797 E1272.33544 ; infill
G1 X47.937 Y65.734 Z3.749 E1272.38918 ; infill
G1 X46.457 Y65.734 Z3.739 E1272.44609 ; infill
G1 X44.877 Y65.734 Z3.769 E1272.50685 ; infill
G1 X43.180 Y65.734 Z3.843 E1272.57209 ; infill
G1 X42.049 Y65.734 Z3.917 E1272.61557 ; infill
G1 X42.054 Y65.276 Z3.917 E1272.63318 ; infill
G1 X43.178 Y65.276 Z3.843 E1272.67642 ; infill
G1 X44.876 Y65.276 Z3.769 E1272.74169 ; infill
G1 X46.458 Y65.276 Z3.739 E1272.80251 ; infill
G1 X47.941 Y65.276 Z3.750 E1272.85953 ; infill
G1 X49.343 Y65.276 Z3.798 E1272.91343 ; infill
G1 X50.688 Y65.276 Z3.880 E1272.96518 ; infill
G1 X51.986 Y65.276 Z3.993 E1273.01508 ; infill
G1 X53.253 Y65.276 Z4.133 E1273.06379 ; infill
G1 X54.714 Y65.276 Z4.326 E1273.11997 ; infill
G1 X56.182 Y65.276 Z4.546 E1273.17644 ; infill
G1 X60.905 Y65.276 Z5.313 E1273.35809 ; infill
G1 X64.607 Y65.276 Z5.860 E1273.50049 ; infill
G1 X66.701 Y65.276 Z6.129 E1273.58099 ; infill
G1 X69.011 Y65.276 Z6.386 E1273.66982 ; infill
G1 X71.545 Y65.276 Z6.627 E1273.76728 ; infill
G1 X75.896 Y65.276 Z6.947 E1273.93458 ; infill
G1 X79.250 Y65.276 Z7.124 E1274.06354 ; infill
G1 X83.783 Y65.276 Z7.284 E1274.23783 ; infill
G1 X89.973 Y65.276 Z7.399 E1274.47584 ; infill
G1 X95.785 Y65.276 Z7.295 E1274.69931 ; infill
G1 X100.747 Y65.276 Z7.124 E1274.89011 ; infill
G1 X104.101 Y65.276 Z6.947 E1275.01907 ; infill
G1 X108.473 Y65.276 Z6.625 E1275.18718 ; infill
G1 X111.702 Y65.276 Z6.307 E1275.31138 ; infill
G1 X113.296 Y65.276 Z6.129 E1275.37266 ; infill
G1 X115.389 Y65.276 Z5.860 E1275.45316 ; infill
G1 X119.092 Y65.276 Z5.313 E1275.59556 ; infill
G1 X123.815 Y65.276 Z4.546 E1275.77721 ; infill
G1 X125.283 Y65.276 Z4.326 E1275.83368 ; infill
G1 X126.744 Y65.276 Z4.133 E1275.88986 ; infill
G1 X128.011 Y65.276 Z3.993 E1275.93857 ; infill
G1 X129.308 Y65.276 Z3.880 E1275.98847 ; infill
G1 X130.654 Y65.276 Z3.798 E1276.04022 ; infill
G1 X132.056 Y65.276 Z3.750 E1276.09412 ; infill
G1 X133.539 Y65.276 Z3.739 E1276.15114 ; infill
G1 X135.121 Y65.276 Z3.769 E1276.21196 ; infill
G1 X136.818 Y65.276 Z3.843 E1276.27724 ; infill
G1 X137.929 Y65.276 Z3.917 E1276.31995 ; infill
G1 X137.928 Y64.818 Z3.917 E1276.33756 ; infill
G1 X136.820 Y64.818 Z3.843 E1276.38017 ; infill
G1 X135.122 Y64.818 Z3.769 E1276.44547 ; infill
G1 X133.531 Y64.818 Z3.740 E1276.50666 ; infill
G1 X132.035 Y64.818 Z3.751 E1276.56415 ; infill
G1 X130.621 Y64.818 Z3.799 E1276.61854 ; infill
G1 X129.271 Y64.818 Z3.882 E1276.67046 ; infill
G1 X127.967 Y64.818 Z3.995 E1276.72057 ; infill
G1 X126.694 Y64.818 Z4.135 E1276.76952 ; infill
G1 X125.225 Y64.818 Z4.328 E1276.82602 ; infill
G1 X118.165 Y64.818 Z5.441 E1277.09756 ; infill
G1 X115.234 Y64.818 Z5.865 E1277.21028 ; infill
G1 X112.137 Y64.818 Z6.243 E1277.32937 ; infill
G1 X108.687 Y64.818 Z6.591 E1277.46204 ; infill
G1 X105.163 Y64.818 Z6.866 E1277.59755 ; infill
G1 X102.405 Y64.818 Z7.032 E1277.70362 ; infill
G1 X100.360 Y64.818 Z7.132 E1277.78224 ; infill
G1 X96.297 Y64.818 Z7.277 E1277.93846 ; infill
G1 X93.777 Y64.818 Z7.338 E1278.03534 ; infill
G1 X89.998 Y64.818 Z7.397 E1278.18065 ; infill
G1 X86.219 Y64.818 Z7.338 E1278.32595 ; infill
G1 X83.700 Y64.818 Z7.277 E1278.42283 ; infill
G1 X79.637 Y64.818 Z7.132 E1278.57906 ; infill
G1 X76.203 Y64.818 Z6.954 E1278.71108 ; infill
G1 X73.505 Y64.818 Z6.771 E1278.81481 ; infill
G1 X71.793 Y64.818 Z6.634 E1278.88066 ; infill
G1 X69.215 Y64.818 Z6.392 E1278.97980 ; infill
G1 X66.890 Y64.818 Z6.134 E1279.06918 ; infill
G1 X64.762 Y64.818 Z5.865 E1279.15102 ; infill
G1 X61.029 Y64.818 Z5.317 E1279.29459 ; infill
G1 X56.249 Y64.818 Z4.548 E1279.47845 ; infill
G1 X54.771 Y64.818 Z4.328 E1279.53528 ; infill
G1 X52.643 Y64.818 Z4.062 E1279.61713 ; infill
G1 X50.726 Y64.818 Z3.882 E1279.69083 ; infill
G1 X49.376 Y64.818 Z3.799 E1279.74275 ; infill
G1 X47.962 Y64.818 Z3.751 E1279.79714 ; infill
G1 X46.466 Y64.818 Z3.740 E1279.85464 ; infill
G1 X44.875 Y64.818 Z3.769 E1279.91582 ; infill
G1 X43.177 Y64.818 Z3.843 E1279.98113 ; infill
G1 X42.058 Y64.818 Z3.917 E1280.02412 ; infill
G1 X42.063 Y64.361 Z3.917 E1280.04172 ; infill
G1 X43.189 Y64.361 Z3.843 E1280.08502 ; infill
G1 X44.898 Y64.361 Z3.770 E1280.15074 ; infill
G1 X46.493 Y64.361 Z3.740 E1280.21208 ; infill
G1 X47.991 Y64.361 Z3.751 E1280.26968 ; infill
G1 X49.409 Y64.361 Z3.800 E1280.32420 ; infill
G1 X50.764 Y64.361 Z3.883 E1280.37629 ; infill
G1 X52.073 Y64.361 Z3.996 E1280.42661 ; infill
G1 X53.038 Y64.361 Z4.102 E1280.46375 ; infill
G1 X54.829 Y64.361 Z4.330 E1280.53261 ; infill
G1 X56.524 Y64.361 Z4.582 E1280.59780 ; infill
G1 X61.154 Y64.361 Z5.321 E1280.77586 ; infill
G1 X64.938 Y64.361 Z5.870 E1280.92140 ; infill
G1 X67.080 Y64.361 Z6.139 E1281.00378 ; infill
G1 X70.710 Y64.361 Z6.521 E1281.14337 ; infill
G1 X74.947 Y64.361 Z6.861 E1281.30630 ; infill
G1 X77.367 Y64.361 Z7.008 E1281.39934 ; infill
G1 X80.058 Y64.361 Z7.141 E1281.50280 ; infill
G1 X84.314 Y64.361 Z7.287 E1281.66644 ; infill
G1 X89.998 Y64.361 Z7.394 E1281.88501 ; infill
G1 X95.683 Y64.361 Z7.287 E1282.10360 ; infill
G1 X99.939 Y64.361 Z7.141 E1282.26723 ; infill
G1 X102.297 Y64.361 Z7.026 E1282.35793 ; infill
G1 X105.049 Y64.361 Z6.861 E1282.46374 ; infill
G1 X108.902 Y64.361 Z6.556 E1282.61188 ; infill
G1 X112.573 Y64.361 Z6.178 E1282.75303 ; infill
G1 X115.059 Y64.361 Z5.870 E1282.84864 ; infill
G1 X118.532 Y64.361 Z5.369 E1282.98222 ; infill
G1 X123.672 Y64.361 Z4.551 E1283.17992 ; infill
G1 X125.167 Y64.361 Z4.330 E1283.23742 ; infill
G1 X126.645 Y64.361 Z4.136 E1283.29424 ; infill
G1 X127.924 Y64.361 Z3.996 E1283.34343 ; infill
G1 X129.233 Y64.361 Z3.883 E1283.39375 ; infill
G1 X130.587 Y64.361 Z3.800 E1283.44584 ; infill
G1 X132.005 Y64.361 Z3.751 E1283.50036 ; infill
G1 X133.503 Y64.361 Z3.740 E1283.55796 ; infill
G1 X135.098 Y64.361 Z3.770 E1283.61929 ; infill
G1 X136.808 Y64.361 Z3.843 E1283.68501 ; infill
G1 X137.928 Y64.361 Z3.917 E1283.72808 ; infill
G1 X137.922 Y63.903 Z3.918 E1283.74568 ; infill
G1 X136.783 Y63.903 Z3.843 E1283.78950 ; infill
G1 X135.073 Y63.903 Z3.770 E1283.85524 ; infill
G1 X133.476 Y63.903 Z3.741 E1283.91664 ; infill
G1 X131.976 Y63.903 Z3.752 E1283.97433 ; infill
G1 X130.554 Y63.903 Z3.801 E1284.02899 ; infill
G1 X129.195 Y63.903 Z3.884 E1284.08126 ; infill
G1 X127.881 Y63.903 Z3.997 E1284.13178 ; infill
G1 X126.593 Y63.903 Z4.138 E1284.18130 ; infill
G1 X125.093 Y63.903 Z4.332 E1284.23901 ; infill
G1 X123.581 Y63.903 Z4.554 E1284.29713 ; infill
G1 X118.710 Y63.903 Z5.325 E1284.48451 ; infill
G1 X114.883 Y63.903 Z5.875 E1284.63166 ; infill
G1 X112.714 Y63.903 Z6.145 E1284.71506 ; infill
G1 X109.043 Y63.903 Z6.528 E1284.85625 ; infill
G1 X104.728 Y63.903 Z6.868 E1285.02217 ; infill
G1 X100.073 Y63.903 Z7.122 E1285.20116 ; infill
G1 X94.983 Y63.903 Z7.298 E1285.39685 ; infill
G1 X89.998 Y63.903 Z7.390 E1285.58853 ; infill
G1 X85.013 Y63.903 Z7.298 E1285.78021 ; infill
G1 X79.924 Y63.903 Z7.122 E1285.97590 ; infill
G1 X75.269 Y63.903 Z6.868 E1286.15489 ; infill
G1 X70.954 Y63.903 Z6.528 E1286.32081 ; infill
G1 X67.282 Y63.903 Z6.145 E1286.46199 ; infill
G1 X65.114 Y63.903 Z5.875 E1286.54539 ; infill
G1 X61.287 Y63.903 Z5.325 E1286.69255 ; infill
G1 X56.415 Y63.903 Z4.554 E1286.87993 ; infill
G1 X54.904 Y63.903 Z4.332 E1286.93805 ; infill
G1 X53.404 Y63.903 Z4.138 E1286.99576 ; infill
G1 X52.116 Y63.903 Z3.998 E1287.04527 ; infill
G1 X50.802 Y63.903 Z3.884 E1287.09580 ; infill
G1 X49.443 Y63.903 Z3.801 E1287.14806 ; infill
G1 X48.021 Y63.903 Z3.752 E1287.20272 ; infill
G1 X46.521 Y63.903 Z3.741 E1287.26042 ; infill
G1 X44.924 Y63.903 Z3.770 E1287.32182 ; infill
G1 X43.214 Y63.903 Z3.843 E1287.38756 ; infill
G1 X42.074 Y63.903 Z3.918 E1287.43141 ; infill
G1 X42.101 Y63.445 Z3.918 E1287.44905 ; infill
G1 X43.239 Y63.445 Z3.843 E1287.49280 ; infill
G1 X44.949 Y63.445 Z3.770 E1287.55857 ; infill
G1 X46.548 Y63.445 Z3.741 E1287.62002 ; infill
G1 X48.051 Y63.445 Z3.753 E1287.67782 ; infill
G1 X49.476 Y63.445 Z3.802 E1287.73261 ; infill
G1 X50.840 Y63.445 Z3.885 E1287.78508 ; infill
G1 X52.173 Y63.445 Z3.999 E1287.83630 ; infill
G1 X53.477 Y63.445 Z4.140 E1287.88646 ; infill
G1 X54.986 Y63.445 Z4.335 E1287.94449 ; infill
G1 X56.507 Y63.445 Z4.556 E1288.00297 ; infill
G1 X61.436 Y63.445 Z5.329 E1288.19258 ; infill
G1 X65.295 Y63.445 Z5.880 E1288.34099 ; infill
G1 X67.500 Y63.445 Z6.151 E1288.42577 ; infill
G1 X71.218 Y63.445 Z6.534 E1288.56873 ; infill
G1 X74.059 Y63.445 Z6.767 E1288.67797 ; infill
G1 X75.615 Y63.445 Z6.875 E1288.73780 ; infill
G1 X79.154 Y63.445 Z7.075 E1288.87389 ; infill
G1 X83.873 Y63.445 Z7.257 E1289.05532 ; infill
G1 X89.998 Y63.445 Z7.386 E1289.29086 ; infill
G1 X96.124 Y63.445 Z7.257 E1289.52640 ; infill
G1 X100.842 Y63.445 Z7.075 E1289.70783 ; infill
G1 X104.382 Y63.445 Z6.875 E1289.84393 ; infill
G1 X105.938 Y63.445 Z6.767 E1289.90375 ; infill
G1 X108.779 Y63.445 Z6.534 E1290.01300 ; infill
G1 X112.497 Y63.445 Z6.151 E1290.15596 ; infill
G1 X114.702 Y63.445 Z5.880 E1290.24074 ; infill
G1 X117.679 Y63.445 Z5.462 E1290.35525 ; infill
G1 X125.011 Y63.445 Z4.335 E1290.63724 ; infill
G1 X126.520 Y63.445 Z4.140 E1290.69527 ; infill
G1 X127.824 Y63.445 Z3.999 E1290.74543 ; infill
G1 X129.156 Y63.445 Z3.885 E1290.79665 ; infill
G1 X130.521 Y63.445 Z3.802 E1290.84911 ; infill
G1 X131.946 Y63.445 Z3.753 E1290.90391 ; infill
G1 X133.449 Y63.445 Z3.741 E1290.96171 ; infill
G1 X135.047 Y63.445 Z3.770 E1291.02316 ; infill
G1 X136.758 Y63.445 Z3.844 E1291.08893 ; infill
G1 X137.895 Y63.445 Z3.918 E1291.13264 ; infill
G1 X137.867 Y62.987 Z3.918 E1291.15028 ; infill
G1 X136.733 Y62.987 Z3.844 E1291.19389 ; infill
G1 X135.022 Y62.987 Z3.770 E1291.25968 ; infill
G1 X133.422 Y62.987 Z3.742 E1291.32120 ; infill
G1 X131.916 Y62.987 Z3.753 E1291.37910 ; infill
G1 X130.475 Y62.987 Z3.803 E1291.43449 ; infill
G1 X129.094 Y62.987 Z3.886 E1291.48759 ; infill
G1 X127.757 Y62.987 Z4.001 E1291.53902 ; infill
G1 X126.446 Y62.987 Z4.142 E1291.58941 ; infill
G1 X124.929 Y62.987 Z4.337 E1291.64776 ; infill
G1 X117.947 Y62.987 Z5.403 E1291.91629 ; infill
G1 X114.498 Y62.987 Z5.885 E1292.04893 ; infill
G1 X112.158 Y62.987 Z6.169 E1292.13892 ; infill
G1 X108.499 Y62.987 Z6.541 E1292.27961 ; infill
G1 X105.677 Y62.987 Z6.769 E1292.38812 ; infill
G1 X104.012 Y62.987 Z6.883 E1292.45216 ; infill
G1 X100.457 Y62.987 Z7.080 E1292.58884 ; infill
G1 X96.104 Y62.987 Z7.248 E1292.75622 ; infill
G1 X89.998 Y62.987 Z7.381 E1292.99099 ; infill
G1 X83.893 Y62.987 Z7.248 E1293.22576 ; infill
G1 X79.540 Y62.987 Z7.080 E1293.39314 ; infill
G1 X75.985 Y62.987 Z6.883 E1293.52982 ; infill
G1 X74.319 Y62.987 Z6.769 E1293.59387 ; infill
G1 X71.497 Y62.987 Z6.541 E1293.70237 ; infill
G1 X67.717 Y62.987 Z6.156 E1293.84772 ; infill
G1 X65.498 Y62.987 Z5.885 E1293.93305 ; infill
G1 X61.585 Y62.987 Z5.333 E1294.08354 ; infill
G1 X55.068 Y62.987 Z4.337 E1294.33422 ; infill
G1 X52.847 Y62.987 Z4.066 E1294.41961 ; infill
G1 X50.902 Y62.987 Z3.886 E1294.49439 ; infill
G1 X49.521 Y62.987 Z3.803 E1294.54749 ; infill
G1 X48.081 Y62.987 Z3.753 E1294.60288 ; infill
G1 X46.575 Y62.987 Z3.742 E1294.66078 ; infill
G1 X44.975 Y62.987 Z3.770 E1294.72230 ; infill
G1 X43.264 Y62.987 Z3.844 E1294.78809 ; infill
G1 X42.129 Y62.987 Z3.918 E1294.83173 ; infill
G1 X42.157 Y62.529 Z3.918 E1294.84937 ; infill
G1 X43.289 Y62.529 Z3.844 E1294.89290 ; infill
G1 X45.001 Y62.529 Z3.771 E1294.95872 ; infill
G1 X46.612 Y62.529 Z3.742 E1295.02068 ; infill
G1 X48.134 Y62.529 Z3.754 E1295.07919 ; infill
G1 X49.579 Y62.529 Z3.804 E1295.13475 ; infill
G1 X50.965 Y62.529 Z3.888 E1295.18803 ; infill
G1 X52.307 Y62.529 Z4.002 E1295.23966 ; infill
G1 X53.303 Y62.529 Z4.109 E1295.27795 ; infill
G1 X55.149 Y62.529 Z4.339 E1295.34895 ; infill
G1 X57.127 Y62.529 Z4.625 E1295.42500 ; infill
G1 X61.916 Y62.529 Z5.364 E1295.60921 ; infill
G1 X65.702 Y62.529 Z5.891 E1295.75479 ; infill
G1 X67.953 Y62.529 Z6.162 E1295.84136 ; infill
G1 X71.795 Y62.529 Z6.547 E1295.98910 ; infill
G1 X74.570 Y62.529 Z6.768 E1296.09579 ; infill
G1 X76.381 Y62.529 Z6.891 E1296.16544 ; infill
G1 X80.049 Y62.529 Z7.088 E1296.30649 ; infill
G1 X84.664 Y62.529 Z7.259 E1296.48393 ; infill
G1 X89.998 Y62.529 Z7.371 E1296.68903 ; infill
G1 X95.333 Y62.529 Z7.259 E1296.89414 ; infill
G1 X99.947 Y62.529 Z7.088 E1297.07158 ; infill
G1 X103.616 Y62.529 Z6.891 E1297.21263 ; infill
G1 X105.427 Y62.529 Z6.768 E1297.28227 ; infill
G1 X108.202 Y62.529 Z6.547 E1297.38897 ; infill
G1 X112.044 Y62.529 Z6.162 E1297.53671 ; infill
G1 X114.295 Y62.529 Z5.891 E1297.62329 ; infill
G1 X118.080 Y62.529 Z5.364 E1297.76886 ; infill
G1 X123.289 Y62.529 Z4.562 E1297.96917 ; infill
G1 X124.847 Y62.529 Z4.339 E1298.02912 ; infill
G1 X126.373 Y62.529 Z4.144 E1298.08779 ; infill
G1 X127.690 Y62.529 Z4.002 E1298.13842 ; infill
G1 X129.032 Y62.529 Z3.888 E1298.19005 ; infill
G1 X130.418 Y62.529 Z3.804 E1298.24332 ; infill
G1 X131.863 Y62.529 Z3.754 E1298.29888 ; infill
G1 X133.384 Y62.529 Z3.742 E1298.35739 ; infill
G1 X134.996 Y62.529 Z3.771 E1298.41936 ; infill
G1 X136.707 Y62.529 Z3.844 E1298.48516 ; infill
G1 X137.839 Y62.529 Z3.918 E1298.52868 ; infill
G1 X137.811 Y62.071 Z3.918 E1298.54631 ; infill
G1 X136.675 Y62.071 Z3.844 E1298.59000 ; infill
G1 X134.949 Y62.071 Z3.771 E1298.65638 ; infill
G1 X133.333 Y62.071 Z3.742 E1298.71853 ; infill
G1 X131.808 Y62.071 Z3.755 E1298.77713 ; infill
G1 X130.360 Y62.071 Z3.805 E1298.83283 ; infill
G1 X128.970 Y62.071 Z3.889 E1298.88627 ; infill
G1 X127.622 Y62.071 Z4.004 E1298.93810 ; infill
G1 X126.296 Y62.071 Z4.146 E1298.98911 ; infill
G1 X124.742 Y62.071 Z4.342 E1299.04887 ; infill
G1 X123.173 Y62.071 Z4.564 E1299.10919 ; infill
G1 X118.089 Y62.071 Z5.342 E1299.30474 ; infill
G1 X114.085 Y62.071 Z5.896 E1299.45871 ; infill
G1 X111.796 Y62.071 Z6.168 E1299.54676 ; infill
G1 X107.886 Y62.071 Z6.554 E1299.69710 ; infill
G1 X105.159 Y62.071 Z6.768 E1299.80194 ; infill
G1 X103.192 Y62.071 Z6.898 E1299.87760 ; infill
G1 X99.391 Y62.071 Z7.098 E1300.02375 ; infill
G1 X94.444 Y62.071 Z7.272 E1300.21395 ; infill
G1 X89.998 Y62.071 Z7.361 E1300.38489 ; infill
G1 X85.553 Y62.071 Z7.272 E1300.55582 ; infill
G1 X80.606 Y62.071 Z7.098 E1300.74603 ; infill
G1 X76.805 Y62.071 Z6.898 E1300.89218 ; infill
G1 X74.837 Y62.071 Z6.768 E1300.96784 ; infill
G1 X72.111 Y62.071 Z6.554 E1301.07267 ; infill
G1 X68.201 Y62.071 Z6.168 E1301.22302 ; infill
G1 X65.912 Y62.071 Z5.896 E1301.31107 ; infill
G1 X61.908 Y62.071 Z5.342 E1301.46504 ; infill
G1 X56.824 Y62.071 Z4.564 E1301.66058 ; infill
G1 X55.255 Y62.071 Z4.342 E1301.72091 ; infill
G1 X53.701 Y62.071 Z4.146 E1301.78066 ; infill
G1 X52.374 Y62.071 Z4.004 E1301.83168 ; infill
G1 X51.027 Y62.071 Z3.889 E1301.88351 ; infill
G1 X49.637 Y62.071 Z3.805 E1301.93695 ; infill
G1 X48.188 Y62.071 Z3.755 E1301.99264 ; infill
G1 X46.664 Y62.071 Z3.742 E1302.05124 ; infill
G1 X45.048 Y62.071 Z3.771 E1302.11340 ; infill
G1 X43.321 Y62.071 Z3.844 E1302.17978 ; infill
G1 X42.185 Y62.071 Z3.918 E1302.22349 ; infill
G1 X42.228 Y61.614 Z3.918 E1302.24117 ; infill
G1 X43.372 Y61.614 Z3.844 E1302.28516 ; infill
G1 X45.098 Y61.614 Z3.771 E1302.35154 ; infill
G1 X46.716 Y61.614 Z3.743 E1302.41375 ; infill
G1 X48.243 Y61.614 Z3.756 E1302.47244 ; infill
G1 X49.694 Y61.614 Z3.806 E1302.52827 ; infill
G1 X51.089 Y61.614 Z3.890 E1302.58187 ; infill
G1 X52.453 Y61.614 Z4.005 E1302.63434 ; infill
G1 X53.799 Y61.614 Z4.148 E1302.68611 ; infill
G1 X55.361 Y61.614 Z4.344 E1302.74617 ; infill
G1 X62.084 Y61.614 Z5.346 E1303.00474 ; infill
G1 X66.137 Y61.614 Z5.901 E1303.16060 ; infill
G1 X68.462 Y61.614 Z6.174 E1303.24999 ; infill
G1 X71.399 Y61.614 Z6.468 E1303.36296 ; infill
G1 X75.541 Y61.614 Z6.797 E1303.52221 ; infill
G1 X79.549 Y61.614 Z7.030 E1303.67632 ; infill
G1 X84.178 Y61.614 Z7.216 E1303.85432 ; infill
G1 X86.608 Y61.614 Z7.286 E1303.94773 ; infill
G1 X89.998 Y61.614 Z7.351 E1304.07810 ; infill
G1 X95.362 Y61.614 Z7.230 E1304.28433 ; infill
G1 X99.741 Y61.614 Z7.063 E1304.45272 ; infill
G1 X104.456 Y61.614 Z6.797 E1304.63400 ; infill
G1 X108.066 Y61.614 Z6.515 E1304.77284 ; infill
G1 X111.535 Y61.614 Z6.174 E1304.90622 ; infill
G1 X113.860 Y61.614 Z5.901 E1304.99561 ; infill
G1 X117.270 Y61.614 Z5.439 E1305.12676 ; infill
G1 X124.636 Y61.614 Z4.344 E1305.41005 ; infill
G1 X126.198 Y61.614 Z4.148 E1305.47011 ; infill
G1 X127.544 Y61.614 Z4.005 E1305.52187 ; infill
G1 X128.908 Y61.614 Z3.890 E1305.57434 ; infill
G1 X130.302 Y61.614 Z3.806 E1305.62794 ; infill
G1 X131.754 Y61.614 Z3.756 E1305.68377 ; infill
G1 X133.281 Y61.614 Z3.743 E1305.74246 ; infill
G1 X134.898 Y61.614 Z3.771 E1305.80467 ; infill
G1 X136.625 Y61.614 Z3.844 E1305.87105 ; infill
G1 X137.767 Y61.614 Z3.918 E1305.91495 ; infill
G1 X137.718 Y61.156 Z3.918 E1305.93266 ; infill
G1 X136.575 Y61.156 Z3.844 E1305.97661 ; infill
G1 X134.848 Y61.156 Z3.772 E1306.04301 ; infill
G1 X133.229 Y61.156 Z3.744 E1306.10527 ; infill
G1 X131.700 Y61.156 Z3.756 E1306.16405 ; infill
G1 X130.243 Y61.156 Z3.807 E1306.22005 ; infill
G1 X128.827 Y61.156 Z3.891 E1306.27450 ; infill
G1 X127.452 Y61.156 Z4.007 E1306.32739 ; infill
G1 X126.100 Y61.156 Z4.150 E1306.37939 ; infill
G1 X124.530 Y61.156 Z4.346 E1306.43977 ; infill
G1 X117.507 Y61.156 Z5.383 E1306.70986 ; infill
G1 X113.620 Y61.156 Z5.906 E1306.85935 ; infill
G1 X111.259 Y61.156 Z6.179 E1306.95012 ; infill
G1 X108.366 Y61.156 Z6.465 E1307.06136 ; infill
G1 X104.020 Y61.156 Z6.804 E1307.22848 ; infill
G1 X100.302 Y61.156 Z7.019 E1307.37142 ; infill
G1 X95.560 Y61.156 Z7.210 E1307.55378 ; infill
G1 X89.998 Y61.156 Z7.342 E1307.76763 ; infill
G1 X84.437 Y61.156 Z7.210 E1307.98146 ; infill
G1 X79.694 Y61.156 Z7.019 E1308.16382 ; infill
G1 X75.977 Y61.156 Z6.804 E1308.30676 ; infill
G1 X74.332 Y61.156 Z6.689 E1308.37000 ; infill
G1 X71.369 Y61.156 Z6.442 E1308.48395 ; infill
G1 X68.738 Y61.156 Z6.179 E1308.58512 ; infill
G1 X66.377 Y61.156 Z5.907 E1308.67590 ; infill
G1 X63.026 Y61.156 Z5.460 E1308.80479 ; infill
G1 X55.467 Y61.156 Z4.346 E1309.09548 ; infill
G1 X53.046 Y61.156 Z4.059 E1309.18858 ; infill
G1 X51.169 Y61.156 Z3.891 E1309.26074 ; infill
G1 X49.753 Y61.156 Z3.807 E1309.31519 ; infill
G1 X48.297 Y61.156 Z3.756 E1309.37119 ; infill
G1 X46.768 Y61.156 Z3.744 E1309.42998 ; infill
G1 X45.149 Y61.156 Z3.772 E1309.49224 ; infill
G1 X43.422 Y61.156 Z3.844 E1309.55863 ; infill
G1 X42.277 Y61.156 Z3.918 E1309.60266 ; infill
G1 X42.326 Y60.698 Z3.918 E1309.62037 ; infill
G1 X43.472 Y60.698 Z3.844 E1309.66443 ; infill
G1 X45.199 Y60.698 Z3.772 E1309.73084 ; infill
G1 X46.820 Y60.698 Z3.744 E1309.79315 ; infill
G1 X48.360 Y60.698 Z3.757 E1309.85235 ; infill
G1 X49.836 Y60.698 Z3.808 E1309.90912 ; infill
G1 X51.256 Y60.698 Z3.893 E1309.96372 ; infill
G1 X53.481 Y60.698 Z4.097 E1310.04929 ; infill
G1 X55.573 Y60.698 Z4.349 E1310.12973 ; infill
G1 X62.447 Y60.698 Z5.354 E1310.39409 ; infill
G1 X66.628 Y60.698 Z5.912 E1310.55486 ; infill
G1 X69.032 Y60.698 Z6.185 E1310.64732 ; infill
G1 X71.715 Y60.698 Z6.449 E1310.75050 ; infill
G1 X74.695 Y60.698 Z6.692 E1310.86509 ; infill
G1 X76.442 Y60.698 Z6.812 E1310.93225 ; infill
G1 X80.302 Y60.698 Z7.028 E1311.08069 ; infill
G1 X85.408 Y60.698 Z7.223 E1311.27701 ; infill
G1 X89.998 Y60.698 Z7.326 E1311.45350 ; infill
G1 X94.589 Y60.698 Z7.223 E1311.63001 ; infill
G1 X99.694 Y60.698 Z7.028 E1311.82632 ; infill
G1 X103.555 Y60.698 Z6.812 E1311.97476 ; infill
G1 X105.919 Y60.698 Z6.644 E1312.06567 ; infill
G1 X108.282 Y60.698 Z6.449 E1312.15651 ; infill
G1 X110.965 Y60.698 Z6.185 E1312.25969 ; infill
G1 X113.649 Y60.698 Z5.877 E1312.36291 ; infill
G1 X117.550 Y60.698 Z5.354 E1312.51292 ; infill
G1 X124.423 Y60.698 Z4.349 E1312.77728 ; infill
G1 X126.002 Y60.698 Z4.152 E1312.83797 ; infill
G1 X127.360 Y60.698 Z4.008 E1312.89020 ; infill
G1 X128.741 Y60.698 Z3.893 E1312.94329 ; infill
G1 X130.161 Y60.698 Z3.808 E1312.99789 ; infill
G1 X131.637 Y60.698 Z3.757 E1313.05466 ; infill
G1 X133.177 Y60.698 Z3.744 E1313.11386 ; infill
G1 X134.797 Y60.698 Z3.772 E1313.17617 ; infill
G1 X136.524 Y60.698 Z3.844 E1313.24258 ; infill
G1 X137.669 Y60.698 Z3.918 E1313.28658 ; infill
G1 X137.620 Y60.240 Z3.919 E1313.30429 ; infill
G1 X136.474 Y60.240 Z3.845 E1313.34834 ; infill
G1 X134.747 Y60.240 Z3.772 E1313.41476 ; infill
G1 X133.109 Y60.240 Z3.745 E1313.47773 ; infill
G1 X131.558 Y60.240 Z3.758 E1313.53739 ; infill
G1 X130.078 Y60.240 Z3.809 E1313.59427 ; infill
G1 X128.654 Y60.240 Z3.894 E1313.64903 ; infill
G1 X127.268 Y60.240 Z4.010 E1313.70232 ; infill
G1 X125.904 Y60.240 Z4.153 E1313.75478 ; infill
G1 X124.303 Y60.240 Z4.351 E1313.81635 ; infill
G1 X117.183 Y60.240 Z5.382 E1314.09015 ; infill
G1 X113.107 Y60.240 Z5.917 E1314.24691 ; infill
G1 X110.655 Y60.240 Z6.192 E1314.34122 ; infill
G1 X107.914 Y60.240 Z6.455 E1314.44659 ; infill
G1 X104.934 Y60.240 Z6.694 E1314.56118 ; infill
G1 X103.059 Y60.240 Z6.820 E1314.63330 ; infill
G1 X99.036 Y60.240 Z7.038 E1314.78795 ; infill
G1 X94.323 Y60.240 Z7.212 E1314.96920 ; infill
G1 X89.998 Y60.240 Z7.310 E1315.13548 ; infill
G1 X85.674 Y60.240 Z7.212 E1315.30176 ; infill
G1 X80.960 Y60.240 Z7.038 E1315.48300 ; infill
G1 X76.938 Y60.240 Z6.820 E1315.63765 ; infill
G1 X75.062 Y60.240 Z6.694 E1315.70979 ; infill
G1 X72.082 Y60.240 Z6.455 E1315.82436 ; infill
G1 X69.342 Y60.240 Z6.192 E1315.92974 ; infill
G1 X66.890 Y60.240 Z5.917 E1316.02405 ; infill
G1 X62.990 Y60.240 Z5.407 E1316.17402 ; infill
G1 X55.694 Y60.240 Z4.351 E1316.45461 ; infill
G1 X54.093 Y60.240 Z4.154 E1316.51617 ; infill
G1 X52.729 Y60.240 Z4.010 E1316.56863 ; infill
G1 X51.343 Y60.240 Z3.894 E1316.62192 ; infill
G1 X49.919 Y60.240 Z3.809 E1316.67669 ; infill
G1 X48.439 Y60.240 Z3.758 E1316.73357 ; infill
G1 X46.888 Y60.240 Z3.745 E1316.79323 ; infill
G1 X45.250 Y60.240 Z3.772 E1316.85620 ; infill
G1 X43.523 Y60.240 Z3.845 E1316.92262 ; infill
G1 X42.376 Y60.240 Z3.919 E1316.96672 ; infill
G1 X42.434 Y59.782 Z3.918 E1316.98446 ; infill
G1 X43.577 Y59.782 Z3.845 E1317.02841 ; infill
G1 X45.323 Y59.782 Z3.773 E1317.09558 ; infill
G1 X46.965 Y59.782 Z3.745 E1317.15870 ; infill
G1 X48.519 Y59.782 Z3.759 E1317.21844 ; infill
G1 X50.001 Y59.782 Z3.810 E1317.27544 ; infill
G1 X51.430 Y59.782 Z3.895 E1317.33037 ; infill
G1 X52.821 Y59.782 Z4.012 E1317.38385 ; infill
G1 X54.204 Y59.782 Z4.155 E1317.43705 ; infill
G1 X55.827 Y59.782 Z4.353 E1317.49947 ; infill
G1 X62.857 Y59.782 Z5.363 E1317.76983 ; infill
G1 X67.172 Y59.782 Z5.923 E1317.93577 ; infill
G1 X69.669 Y59.782 Z6.198 E1318.03178 ; infill
G1 X72.472 Y59.782 Z6.462 E1318.13956 ; infill
G1 X76.412 Y59.782 Z6.760 E1318.29105 ; infill
G1 X81.082 Y59.782 Z7.021 E1318.47064 ; infill
G1 X84.988 Y59.782 Z7.172 E1318.62083 ; infill
G1 X89.998 Y59.782 Z7.294 E1318.81347 ; infill
G1 X95.008 Y59.782 Z7.172 E1319.00610 ; infill
G1 X98.914 Y59.782 Z7.021 E1319.15629 ; infill
G1 X103.219 Y59.782 Z6.784 E1319.32181 ; infill
G1 X107.525 Y59.782 Z6.462 E1319.48738 ; infill
G1 X110.328 Y59.782 Z6.198 E1319.59516 ; infill
G1 X112.825 Y59.782 Z5.923 E1319.69117 ; infill
G1 X117.140 Y59.782 Z5.363 E1319.85712 ; infill
G1 X124.169 Y59.782 Z4.353 E1320.12747 ; infill
G1 X125.793 Y59.782 Z4.155 E1320.18990 ; infill
G1 X127.176 Y59.782 Z4.012 E1320.24309 ; infill
G1 X128.567 Y59.782 Z3.895 E1320.29658 ; infill
G1 X129.996 Y59.782 Z3.810 E1320.35150 ; infill
G1 X131.478 Y59.782 Z3.759 E1320.40850 ; infill
G1 X133.032 Y59.782 Z3.745 E1320.46824 ; infill
G1 X134.673 Y59.782 Z3.773 E1320.53136 ; infill
G1 X136.420 Y59.782 Z3.845 E1320.59852 ; infill
G1 X137.562 Y59.782 Z3.918 E1320.64244 ; infill
G1 X137.492 Y59.324 Z3.918 E1320.66025 ; infill
G1 X136.344 Y59.324 Z3.845 E1320.70441 ; infill
G1 X134.597 Y59.324 Z3.773 E1320.77157 ; infill
G1 X132.954 Y59.324 Z3.746 E1320.83473 ; infill
G1 X131.399 Y59.324 Z3.759 E1320.89455 ; infill
G1 X129.913 Y59.324 Z3.811 E1320.95167 ; infill
G1 X128.480 Y59.324 Z3.897 E1321.00676 ; infill
G1 X127.068 Y59.324 Z4.013 E1321.06105 ; infill
G1 X125.667 Y59.324 Z4.157 E1321.11492 ; infill
G1 X124.036 Y59.324 Z4.356 E1321.17765 ; infill
G1 X116.923 Y59.324 Z5.367 E1321.45121 ; infill
G1 X112.905 Y59.324 Z5.884 E1321.60573 ; infill
G1 X109.983 Y59.324 Z6.204 E1321.71808 ; infill
G1 X107.112 Y59.324 Z6.469 E1321.82848 ; infill
G1 X103.817 Y59.324 Z6.719 E1321.95516 ; infill
G1 X99.307 Y59.324 Z6.979 E1322.12858 ; infill
G1 X94.590 Y59.324 Z7.165 E1322.30997 ; infill
G1 X89.998 Y59.324 Z7.277 E1322.48653 ; infill
G1 X85.407 Y59.324 Z7.165 E1322.66307 ; infill
G1 X80.689 Y59.324 Z6.979 E1322.84447 ; infill
G1 X76.179 Y59.324 Z6.719 E1323.01788 ; infill
G1 X72.885 Y59.324 Z6.469 E1323.14456 ; infill
G1 X70.014 Y59.324 Z6.204 E1323.25496 ; infill
G1 X66.805 Y59.324 Z5.849 E1323.37835 ; infill
G1 X63.074 Y59.324 Z5.368 E1323.52183 ; infill
G1 X55.961 Y59.324 Z4.356 E1323.79539 ; infill
G1 X54.329 Y59.324 Z4.158 E1323.85812 ; infill
G1 X52.928 Y59.324 Z4.013 E1323.91199 ; infill
G1 X51.516 Y59.324 Z3.897 E1323.96629 ; infill
G1 X50.084 Y59.324 Z3.811 E1324.02137 ; infill
G1 X48.598 Y59.324 Z3.759 E1324.07849 ; infill
G1 X47.042 Y59.324 Z3.746 E1324.13831 ; infill
G1 X45.400 Y59.324 Z3.773 E1324.20147 ; infill
G1 X43.653 Y59.324 Z3.845 E1324.26864 ; infill
G1 X42.505 Y59.324 Z3.918 E1324.31279 ; infill
G1 X42.576 Y58.866 Z3.918 E1324.33060 ; infill
G1 X43.730 Y58.866 Z3.845 E1324.37496 ; infill
G1 X45.476 Y58.866 Z3.773 E1324.44212 ; infill
G1 X47.120 Y58.866 Z3.746 E1324.50532 ; infill
G1 X48.678 Y58.866 Z3.760 E1324.56522 ; infill
G1 X50.166 Y58.866 Z3.812 E1324.62246 ; infill
G1 X51.622 Y58.866 Z3.898 E1324.67842 ; infill
G1 X53.645 Y58.866 Z4.076 E1324.75622 ; infill
G1 X56.094 Y58.866 Z4.358 E1324.85039 ; infill
G1 X63.310 Y58.866 Z5.372 E1325.12789 ; infill
G1 X67.601 Y58.866 Z5.914 E1325.29293 ; infill
G1 X70.381 Y58.866 Z6.210 E1325.39982 ; infill
G1 X73.079 Y58.866 Z6.455 E1325.50358 ; infill
G1 X76.719 Y58.866 Z6.728 E1325.64352 ; infill
G1 X80.824 Y58.866 Z6.961 E1325.80136 ; infill
G1 X85.564 Y58.866 Z7.147 E1325.98363 ; infill
G1 X89.998 Y58.866 Z7.256 E1326.15412 ; infill
G1 X94.433 Y58.866 Z7.147 E1326.32463 ; infill
G1 X99.173 Y58.866 Z6.961 E1326.50690 ; infill
G1 X103.278 Y58.866 Z6.728 E1326.66474 ; infill
G1 X106.917 Y58.866 Z6.455 E1326.80467 ; infill
G1 X109.616 Y58.866 Z6.210 E1326.90844 ; infill
G1 X113.274 Y58.866 Z5.809 E1327.04911 ; infill
G1 X116.687 Y58.866 Z5.372 E1327.18036 ; infill
G1 X123.903 Y58.866 Z4.358 E1327.45787 ; infill
G1 X125.542 Y58.866 Z4.159 E1327.52091 ; infill
G1 X126.949 Y58.866 Z4.015 E1327.57500 ; infill
G1 X128.375 Y58.866 Z3.898 E1327.62984 ; infill
G1 X129.830 Y58.866 Z3.812 E1327.68580 ; infill
G1 X131.319 Y58.866 Z3.760 E1327.74304 ; infill
G1 X132.877 Y58.866 Z3.746 E1327.80294 ; infill
G1 X134.520 Y58.866 Z3.773 E1327.86614 ; infill
G1 X136.267 Y58.866 Z3.845 E1327.93330 ; infill
G1 X137.422 Y58.866 Z3.918 E1327.97770 ; infill
G1 X137.352 Y58.409 Z3.919 E1327.99551 ; infill
G1 X136.191 Y58.409 Z3.845 E1328.04016 ; infill
G1 X134.444 Y58.409 Z3.774 E1328.10732 ; infill
G1 X132.799 Y58.409 Z3.747 E1328.17056 ; infill
G1 X131.240 Y58.409 Z3.761 E1328.23053 ; infill
G1 X129.726 Y58.409 Z3.813 E1328.28872 ; infill
G1 X128.260 Y58.409 Z3.899 E1328.34508 ; infill
G1 X126.829 Y58.409 Z4.017 E1328.40010 ; infill
G1 X125.417 Y58.409 Z4.161 E1328.45443 ; infill
G1 X123.767 Y58.409 Z4.361 E1328.51788 ; infill
G1 X116.642 Y58.409 Z5.350 E1328.79186 ; infill
G1 X113.214 Y58.409 Z5.785 E1328.92371 ; infill
G1 X109.835 Y58.409 Z6.155 E1329.05366 ; infill
G1 X107.168 Y58.409 Z6.401 E1329.15617 ; infill
G1 X104.530 Y58.409 Z6.612 E1329.25762 ; infill
G1 X102.703 Y58.409 Z6.736 E1329.32789 ; infill
G1 X98.694 Y58.409 Z6.957 E1329.48203 ; infill
G1 X94.617 Y58.409 Z7.117 E1329.63881 ; infill
G1 X89.998 Y58.409 Z7.234 E1329.81639 ; infill
G1 X85.380 Y58.409 Z7.117 E1329.99395 ; infill
G1 X81.175 Y58.409 Z6.951 E1330.15563 ; infill
G1 X76.636 Y58.409 Z6.692 E1330.33019 ; infill
G1 X72.434 Y58.409 Z6.366 E1330.49174 ; infill
G1 X69.832 Y58.409 Z6.121 E1330.59180 ; infill
G1 X66.783 Y58.409 Z5.785 E1330.70907 ; infill
G1 X63.553 Y58.409 Z5.377 E1330.83325 ; infill
G1 X56.230 Y58.409 Z4.361 E1331.11488 ; infill
G1 X54.144 Y58.409 Z4.117 E1331.19511 ; infill
G1 X51.736 Y58.409 Z3.899 E1331.28768 ; infill
G1 X50.270 Y58.409 Z3.813 E1331.34405 ; infill
G1 X48.757 Y58.409 Z3.761 E1331.40224 ; infill
G1 X47.197 Y58.409 Z3.747 E1331.46221 ; infill
G1 X45.553 Y58.409 Z3.774 E1331.52545 ; infill
G1 X43.806 Y58.409 Z3.845 E1331.59261 ; infill
G1 X42.647 Y58.409 Z3.918 E1331.63717 ; infill
G1 X42.718 Y57.951 Z3.919 E1331.65498 ; infill
G1 X43.882 Y57.951 Z3.845 E1331.69974 ; infill
G1 X45.629 Y57.951 Z3.774 E1331.76690 ; infill
G1 X47.275 Y57.951 Z3.747 E1331.83017 ; infill
G1 X48.861 Y57.951 Z3.762 E1331.89115 ; infill
G1 X50.381 Y57.951 Z3.814 E1331.94962 ; infill
G1 X51.851 Y57.951 Z3.901 E1332.00613 ; infill
G1 X53.287 Y57.951 Z4.018 E1332.06134 ; infill
G1 X54.705 Y57.951 Z4.164 E1332.11589 ; infill
G1 X56.386 Y57.951 Z4.363 E1332.18053 ; infill
G1 X63.811 Y57.951 Z5.381 E1332.46607 ; infill
G1 X66.017 Y57.951 Z5.663 E1332.55092 ; infill
G1 X69.107 Y57.951 Z6.014 E1332.66972 ; infill
G1 X71.181 Y57.951 Z6.223 E1332.74946 ; infill
G1 X72.991 Y57.951 Z6.382 E1332.81908 ; infill
G1 X77.055 Y57.951 Z6.690 E1332.97536 ; infill
G1 X80.967 Y57.951 Z6.912 E1333.12577 ; infill
G1 X85.562 Y57.951 Z7.099 E1333.30244 ; infill
G1 X89.998 Y57.951 Z7.211 E1333.47302 ; infill
G1 X94.435 Y57.951 Z7.099 E1333.64362 ; infill
G1 X99.029 Y57.951 Z6.912 E1333.82027 ; infill
G1 X102.941 Y57.951 Z6.690 E1333.97068 ; infill
G1 X107.005 Y57.951 Z6.382 E1334.12696 ; infill
G1 X109.498 Y57.951 Z6.156 E1334.22280 ; infill
G1 X113.008 Y57.951 Z5.777 E1334.35779 ; infill
G1 X116.186 Y57.951 Z5.381 E1334.47998 ; infill
G1 X123.611 Y57.951 Z4.363 E1334.76553 ; infill
G1 X125.291 Y57.951 Z4.164 E1334.83016 ; infill
G1 X126.710 Y57.951 Z4.018 E1334.88471 ; infill
G1 X128.146 Y57.951 Z3.901 E1334.93992 ; infill
G1 X129.616 Y57.951 Z3.814 E1334.99643 ; infill
G1 X131.136 Y57.951 Z3.762 E1335.05490 ; infill
G1 X132.722 Y57.951 Z3.747 E1335.11587 ; infill
G1 X134.368 Y57.951 Z3.774 E1335.17915 ; infill
G1 X136.114 Y57.951 Z3.845 E1335.24631 ; infill
G1 X137.282 Y57.951 Z3.919 E1335.29120 ; infill
G1 X137.191 Y57.493 Z3.918 E1335.30915 ; infill
G1 X136.038 Y57.493 Z3.845 E1335.35349 ; infill
G1 X134.291 Y57.493 Z3.774 E1335.42064 ; infill
G1 X132.618 Y57.493 Z3.748 E1335.48497 ; infill
G1 X131.028 Y57.493 Z3.762 E1335.54610 ; infill
G1 X129.505 Y57.493 Z3.815 E1335.60468 ; infill
G1 X128.031 Y57.493 Z3.902 E1335.66134 ; infill
G1 X126.591 Y57.493 Z4.020 E1335.71674 ; infill
G1 X125.147 Y57.493 Z4.166 E1335.77224 ; infill
G1 X123.455 Y57.493 Z4.366 E1335.83732 ; infill
G1 X116.299 Y57.493 Z5.335 E1336.11252 ; infill
G1 X113.351 Y57.493 Z5.705 E1336.22587 ; infill
G1 X111.173 Y57.493 Z5.952 E1336.30961 ; infill
G1 X107.607 Y57.493 Z6.298 E1336.44677 ; infill
G1 X103.404 Y57.493 Z6.628 E1336.60837 ; infill
G1 X99.192 Y57.493 Z6.876 E1336.77033 ; infill
G1 X94.983 Y57.493 Z7.052 E1336.93216 ; infill
G1 X89.998 Y57.493 Z7.188 E1337.12383 ; infill
G1 X85.320 Y57.493 Z7.063 E1337.30372 ; infill
G1 X80.805 Y57.493 Z6.876 E1337.47731 ; infill
G1 X76.593 Y57.493 Z6.628 E1337.63928 ; infill
G1 X72.390 Y57.493 Z6.298 E1337.80089 ; infill
G1 X68.823 Y57.493 Z5.952 E1337.93803 ; infill
G1 X66.336 Y57.493 Z5.668 E1338.03369 ; infill
G1 X63.335 Y57.493 Z5.287 E1338.14907 ; infill
G1 X56.542 Y57.493 Z4.366 E1338.41032 ; infill
G1 X54.850 Y57.493 Z4.166 E1338.47540 ; infill
G1 X53.406 Y57.493 Z4.020 E1338.53091 ; infill
G1 X51.965 Y57.493 Z3.902 E1338.58631 ; infill
G1 X50.492 Y57.493 Z3.815 E1338.64297 ; infill
G1 X48.968 Y57.493 Z3.762 E1338.70154 ; infill
G1 X47.378 Y57.493 Z3.748 E1338.76268 ; infill
G1 X45.705 Y57.493 Z3.774 E1338.82701 ; infill
G1 X43.959 Y57.493 Z3.845 E1338.89416 ; infill
G1 X42.802 Y57.493 Z3.919 E1338.93864 ; infill
G1 X42.888 Y57.035 Z3.919 E1338.95655 ; infill
G1 X44.036 Y57.035 Z3.846 E1339.00068 ; infill
G1 X45.810 Y57.035 Z3.775 E1339.06890 ; infill
G1 X47.484 Y57.035 Z3.748 E1339.13328 ; infill
G1 X49.076 Y57.035 Z3.763 E1339.19448 ; infill
G1 X50.602 Y57.035 Z3.816 E1339.25317 ; infill
G1 X52.080 Y57.035 Z3.903 E1339.30998 ; infill
G1 X53.542 Y57.035 Z4.022 E1339.36621 ; infill
G1 X54.998 Y57.035 Z4.168 E1339.42218 ; infill
G1 X56.715 Y57.035 Z4.368 E1339.48821 ; infill
G1 X62.489 Y57.035 Z5.143 E1339.71025 ; infill
G1 X66.089 Y57.035 Z5.604 E1339.84870 ; infill
G1 X69.207 Y57.035 Z5.958 E1339.96860 ; infill
G1 X72.069 Y57.035 Z6.237 E1340.07867 ; infill
G1 X76.122 Y57.035 Z6.561 E1340.23451 ; infill
G1 X80.747 Y57.035 Z6.841 E1340.41231 ; infill
G1 X84.831 Y57.035 Z7.018 E1340.56938 ; infill
G1 X89.998 Y57.035 Z7.160 E1340.76805 ; infill
G1 X95.166 Y57.035 Z7.018 E1340.96675 ; infill
G1 X98.976 Y57.035 Z6.855 E1341.11324 ; infill
G1 X102.948 Y57.035 Z6.626 E1341.26597 ; infill
G1 X104.857 Y57.035 Z6.490 E1341.33939 ; infill
G1 X107.927 Y57.035 Z6.237 E1341.45745 ; infill
G1 X110.790 Y57.035 Z5.957 E1341.56751 ; infill
G1 X113.908 Y57.035 Z5.604 E1341.68740 ; infill
G1 X116.599 Y57.035 Z5.263 E1341.79092 ; infill
G1 X123.282 Y57.035 Z4.368 E1342.04791 ; infill
G1 X124.999 Y57.035 Z4.168 E1342.11394 ; infill
G1 X126.454 Y57.035 Z4.022 E1342.16990 ; infill
G1 X127.917 Y57.035 Z3.903 E1342.22613 ; infill
G1 X129.394 Y57.035 Z3.816 E1342.28294 ; infill
G1 X130.920 Y57.035 Z3.763 E1342.34163 ; infill
G1 X132.512 Y57.035 Z3.748 E1342.40283 ; infill
G1 X134.186 Y57.035 Z3.775 E1342.46721 ; infill
G1 X135.961 Y57.035 Z3.846 E1342.53543 ; infill
G1 X137.100 Y57.035 Z3.918 E1342.57924 ; infill
G1 X137.009 Y56.577 Z3.918 E1342.59719 ; infill
G1 X135.855 Y56.577 Z3.846 E1342.64158 ; infill
G1 X134.081 Y56.577 Z3.775 E1342.70978 ; infill
G1 X132.406 Y56.577 Z3.749 E1342.77418 ; infill
G1 X130.813 Y56.577 Z3.764 E1342.83545 ; infill
G1 X129.284 Y56.577 Z3.817 E1342.89424 ; infill
G1 X127.788 Y56.577 Z3.905 E1342.95176 ; infill
G1 X126.312 Y56.577 Z4.023 E1343.00851 ; infill
G1 X124.841 Y56.577 Z4.170 E1343.06506 ; infill
G1 X123.108 Y56.577 Z4.371 E1343.13172 ; infill
G1 X116.420 Y56.577 Z5.255 E1343.38891 ; infill
G1 X113.023 Y56.577 Z5.674 E1343.51952 ; infill
G1 X110.380 Y56.577 Z5.964 E1343.62117 ; infill
G1 X107.446 Y56.577 Z6.244 E1343.73400 ; infill
G1 X103.380 Y56.577 Z6.561 E1343.89032 ; infill
G1 X99.283 Y56.577 Z6.808 E1344.04786 ; infill
G1 X94.177 Y56.577 Z7.022 E1344.24419 ; infill
G1 X89.998 Y56.577 Z7.131 E1344.40488 ; infill
G1 X85.804 Y56.577 Z7.022 E1344.56614 ; infill
G1 X80.713 Y56.577 Z6.808 E1344.76189 ; infill
G1 X76.616 Y56.577 Z6.561 E1344.91943 ; infill
G1 X72.551 Y56.577 Z6.244 E1345.07575 ; infill
G1 X69.617 Y56.577 Z5.964 E1345.18857 ; infill
G1 X66.973 Y56.577 Z5.674 E1345.29023 ; infill
G1 X63.577 Y56.577 Z5.255 E1345.42084 ; infill
G1 X56.889 Y56.577 Z4.371 E1345.67802 ; infill
G1 X55.156 Y56.577 Z4.170 E1345.74468 ; infill
G1 X53.685 Y56.577 Z4.023 E1345.80123 ; infill
G1 X52.209 Y56.577 Z3.905 E1345.85798 ; infill
G1 X50.713 Y56.577 Z3.817 E1345.91550 ; infill
G1 X49.184 Y56.577 Z3.764 E1345.97430 ; infill
G1 X47.591 Y56.577 Z3.749 E1346.03557 ; infill
G1 X45.916 Y56.577 Z3.775 E1346.09997 ; infill
G1 X44.142 Y56.577 Z3.846 E1346.16817 ; infill
G1 X42.975 Y56.577 Z3.919 E1346.21306 ; infill
G1 X43.077 Y56.119 Z3.919 E1346.23109 ; infill
G1 X44.248 Y56.119 Z3.846 E1346.27611 ; infill
G1 X46.021 Y56.119 Z3.775 E1346.34429 ; infill
G1 X47.697 Y56.119 Z3.749 E1346.40872 ; infill
G1 X49.292 Y56.119 Z3.765 E1346.47006 ; infill
G1 X50.836 Y56.119 Z3.818 E1346.52943 ; infill
G1 X52.347 Y56.119 Z3.906 E1346.58753 ; infill
G1 X53.833 Y56.119 Z4.025 E1346.64468 ; infill
G1 X55.322 Y56.119 Z4.172 E1346.70193 ; infill
G1 X57.079 Y56.119 Z4.373 E1346.76949 ; infill
G1 X64.604 Y56.119 Z5.352 E1347.05888 ; infill
G1 X67.384 Y56.119 Z5.684 E1347.16579 ; infill
G1 X70.048 Y56.119 Z5.970 E1347.26821 ; infill
G1 X73.060 Y56.119 Z6.251 E1347.38402 ; infill
G1 X76.574 Y56.119 Z6.523 E1347.51914 ; infill
G1 X80.914 Y56.119 Z6.785 E1347.68604 ; infill
G1 X85.356 Y56.119 Z6.974 E1347.85685 ; infill
G1 X89.998 Y56.119 Z7.102 E1348.03533 ; infill
G1 X94.918 Y56.119 Z6.964 E1348.22450 ; infill
G1 X99.083 Y56.119 Z6.785 E1348.38464 ; infill
G1 X103.423 Y56.119 Z6.523 E1348.55154 ; infill
G1 X106.937 Y56.119 Z6.251 E1348.68666 ; infill
G1 X109.949 Y56.119 Z5.970 E1348.80247 ; infill
G1 X112.613 Y56.119 Z5.684 E1348.90489 ; infill
G1 X115.392 Y56.119 Z5.352 E1349.01179 ; infill
G1 X122.918 Y56.119 Z4.373 E1349.30119 ; infill
G1 X124.675 Y56.119 Z4.172 E1349.36875 ; infill
G1 X126.164 Y56.119 Z4.025 E1349.42599 ; infill
G1 X127.650 Y56.119 Z3.906 E1349.48315 ; infill
G1 X129.161 Y56.119 Z3.818 E1349.54124 ; infill
G1 X130.705 Y56.119 Z3.765 E1349.60061 ; infill
G1 X132.300 Y56.119 Z3.749 E1349.66195 ; infill
G1 X133.976 Y56.119 Z3.775 E1349.72638 ; infill
G1 X135.749 Y56.119 Z3.846 E1349.79456 ; infill
G1 X136.918 Y56.119 Z3.919 E1349.83953 ; infill
G1 X136.819 Y55.662 Z3.919 E1349.85754 ; infill
G1 X135.643 Y55.662 Z3.846 E1349.90276 ; infill
G1 X133.870 Y55.662 Z3.776 E1349.97093 ; infill
G1 X132.194 Y55.662 Z3.750 E1350.03538 ; infill
G1 X130.588 Y55.662 Z3.765 E1350.09715 ; infill
G1 X129.027 Y55.662 Z3.819 E1350.15716 ; infill
G1 X127.510 Y55.662 Z3.907 E1350.21548 ; infill
G1 X126.003 Y55.662 Z4.027 E1350.27345 ; infill
G1 X122.723 Y55.662 Z4.376 E1350.39956 ; infill
G1 X116.125 Y55.662 Z5.224 E1350.65330 ; infill
G1 X112.225 Y55.662 Z5.690 E1350.80326 ; infill
G1 X109.497 Y55.662 Z5.976 E1350.90816 ; infill
G1 X106.397 Y55.662 Z6.258 E1351.02737 ; infill
G1 X102.752 Y55.662 Z6.532 E1351.16753 ; infill
G1 X98.406 Y55.662 Z6.783 E1351.33461 ; infill
G1 X94.463 Y55.662 Z6.947 E1351.48624 ; infill
G1 X89.998 Y55.662 Z7.073 E1351.65791 ; infill
G1 X85.533 Y55.662 Z6.947 E1351.82959 ; infill
G1 X81.590 Y55.662 Z6.783 E1351.98122 ; infill
G1 X77.245 Y55.662 Z6.532 E1352.14828 ; infill
G1 X73.600 Y55.662 Z6.258 E1352.28845 ; infill
G1 X70.500 Y55.662 Z5.976 E1352.40765 ; infill
G1 X67.772 Y55.662 Z5.690 E1352.51256 ; infill
G1 X63.872 Y55.662 Z5.224 E1352.66253 ; infill
G1 X57.274 Y55.662 Z4.376 E1352.91625 ; infill
G1 X53.994 Y55.662 Z4.027 E1353.04237 ; infill
G1 X52.487 Y55.662 Z3.907 E1353.10033 ; infill
G1 X50.970 Y55.662 Z3.819 E1353.15866 ; infill
G1 X49.409 Y55.662 Z3.765 E1353.21867 ; infill
G1 X47.803 Y55.662 Z3.750 E1353.28044 ; infill
G1 X46.126 Y55.662 Z3.776 E1353.34489 ; infill
G1 X44.354 Y55.662 Z3.846 E1353.41306 ; infill
G1 X43.180 Y55.662 Z3.919 E1353.45818 ; infill
G1 X43.283 Y55.204 Z3.919 E1353.47623 ; infill
G1 X44.460 Y55.204 Z3.846 E1353.52146 ; infill
G1 X46.232 Y55.204 Z3.776 E1353.58960 ; infill
G1 X47.915 Y55.204 Z3.750 E1353.65433 ; infill
G1 X49.541 Y55.204 Z3.766 E1353.71683 ; infill
G1 X51.104 Y55.204 Z3.820 E1353.77694 ; infill
G1 X52.643 Y55.204 Z3.909 E1353.83612 ; infill
G1 X54.155 Y55.204 Z4.029 E1353.89426 ; infill
G1 X55.681 Y55.204 Z4.176 E1353.95293 ; infill
G1 X57.482 Y55.204 Z4.379 E1354.02220 ; infill
G1 X64.900 Y55.204 Z5.316 E1354.30746 ; infill
G1 X68.175 Y55.204 Z5.696 E1354.43340 ; infill
G1 X70.974 Y55.204 Z5.983 E1354.54104 ; infill
G1 X74.171 Y55.204 Z6.266 E1354.66396 ; infill
G1 X77.965 Y55.204 Z6.541 E1354.80984 ; infill
G1 X82.055 Y55.204 Z6.769 E1354.96712 ; infill
G1 X86.468 Y55.204 Z6.944 E1355.13679 ; infill
G1 X89.998 Y55.204 Z7.037 E1355.27253 ; infill
G1 X93.529 Y55.204 Z6.944 E1355.40828 ; infill
G1 X97.941 Y55.204 Z6.769 E1355.57793 ; infill
G1 X102.032 Y55.204 Z6.541 E1355.73522 ; infill
G1 X105.826 Y55.204 Z6.266 E1355.88110 ; infill
G1 X109.022 Y55.204 Z5.983 E1356.00403 ; infill
G1 X111.822 Y55.204 Z5.696 E1356.11167 ; infill
G1 X115.096 Y55.204 Z5.316 E1356.23759 ; infill
G1 X122.515 Y55.204 Z4.378 E1356.52287 ; infill
G1 X124.316 Y55.204 Z4.176 E1356.59214 ; infill
G1 X125.842 Y55.204 Z4.029 E1356.65080 ; infill
G1 X127.354 Y55.204 Z3.909 E1356.70894 ; infill
G1 X128.893 Y55.204 Z3.820 E1356.76812 ; infill
G1 X130.456 Y55.204 Z3.766 E1356.82823 ; infill
G1 X132.081 Y55.204 Z3.750 E1356.89073 ; infill
G1 X133.765 Y55.204 Z3.776 E1356.95546 ; infill
G1 X135.537 Y55.204 Z3.846 E1357.02360 ; infill
G1 X136.708 Y55.204 Z3.919 E1357.06861 ; infill
G1 X136.596 Y54.746 Z3.919 E1357.08673 ; infill
G1 X135.431 Y54.746 Z3.846 E1357.13153 ; infill
G1 X133.656 Y54.746 Z3.776 E1357.19977 ; infill
G1 X131.952 Y54.746 Z3.751 E1357.26533 ; infill
G1 X130.325 Y54.746 Z3.767 E1357.32788 ; infill
G1 X128.742 Y54.746 Z3.821 E1357.38875 ; infill
G1 X127.197 Y54.746 Z3.910 E1357.44813 ; infill
G1 X125.661 Y54.746 Z4.030 E1357.50720 ; infill
G1 X122.296 Y54.746 Z4.381 E1357.63659 ; infill
G1 X114.997 Y54.746 Z5.290 E1357.91729 ; infill
G1 X111.392 Y54.746 Z5.701 E1358.05590 ; infill
G1 X108.522 Y54.746 Z5.989 E1358.16626 ; infill
G1 X105.220 Y54.746 Z6.274 E1358.29323 ; infill
G1 X101.253 Y54.746 Z6.551 E1358.44577 ; infill
G1 X98.180 Y54.746 Z6.719 E1358.56394 ; infill
G1 X94.748 Y54.746 Z6.865 E1358.69592 ; infill
G1 X89.998 Y54.746 Z7.002 E1358.87853 ; infill
G1 X85.774 Y54.746 Z6.883 E1359.04096 ; infill
G1 X81.817 Y54.746 Z6.719 E1359.19312 ; infill
G1 X78.744 Y54.746 Z6.551 E1359.31128 ; infill
G1 X74.777 Y54.746 Z6.274 E1359.46382 ; infill
G1 X71.474 Y54.746 Z5.989 E1359.59079 ; infill
G1 X68.605 Y54.746 Z5.701 E1359.70115 ; infill
G1 X64.217 Y54.746 Z5.195 E1359.86985 ; infill
G1 X57.701 Y54.746 Z4.381 E1360.12046 ; infill
G1 X54.336 Y54.746 Z4.030 E1360.24985 ; infill
G1 X52.800 Y54.746 Z3.910 E1360.30892 ; infill
G1 X51.255 Y54.746 Z3.821 E1360.36830 ; infill
G1 X49.672 Y54.746 Z3.767 E1360.42917 ; infill
G1 X48.045 Y54.746 Z3.751 E1360.49173 ; infill
G1 X46.340 Y54.746 Z3.776 E1360.55728 ; infill
G1 X44.565 Y54.746 Z3.846 E1360.62552 ; infill
G1 X43.395 Y54.746 Z3.919 E1360.67054 ; infill
G1 X43.516 Y54.288 Z3.919 E1360.68875 ; infill
G1 X44.671 Y54.288 Z3.847 E1360.73317 ; infill
G1 X46.470 Y54.288 Z3.777 E1360.80233 ; infill
G1 X48.175 Y54.288 Z3.751 E1360.86790 ; infill
G1 X49.817 Y54.288 Z3.768 E1360.93101 ; infill
G1 X51.408 Y54.288 Z3.822 E1360.99221 ; infill
G1 X52.969 Y54.288 Z3.912 E1361.05224 ; infill
G1 X54.518 Y54.288 Z4.032 E1361.11179 ; infill
G1 X56.078 Y54.288 Z4.180 E1361.17178 ; infill
G1 X57.929 Y54.288 Z4.384 E1361.24297 ; infill
G1 X65.248 Y54.288 Z5.281 E1361.52439 ; infill
G1 X68.321 Y54.288 Z5.629 E1361.64258 ; infill
G1 X72.006 Y54.288 Z5.996 E1361.78427 ; infill
G1 X74.493 Y54.288 Z6.207 E1361.87989 ; infill
G1 X78.342 Y54.288 Z6.482 E1362.02789 ; infill
G1 X82.210 Y54.288 Z6.700 E1362.17662 ; infill
G1 X85.584 Y54.288 Z6.839 E1362.30637 ; infill
G1 X89.998 Y54.288 Z6.966 E1362.47609 ; infill
G1 X94.413 Y54.288 Z6.839 E1362.64584 ; infill
G1 X97.787 Y54.288 Z6.700 E1362.77558 ; infill
G1 X101.655 Y54.288 Z6.482 E1362.92429 ; infill
G1 X105.504 Y54.288 Z6.207 E1363.07230 ; infill
G1 X107.991 Y54.288 Z5.996 E1363.16793 ; infill
G1 X111.413 Y54.288 Z5.657 E1363.29954 ; infill
G1 X114.749 Y54.288 Z5.281 E1363.42780 ; infill
G1 X122.068 Y54.288 Z4.384 E1363.70924 ; infill
G1 X123.919 Y54.288 Z4.180 E1363.78042 ; infill
G1 X125.479 Y54.288 Z4.032 E1363.84041 ; infill
G1 X127.028 Y54.288 Z3.912 E1363.89996 ; infill
G1 X128.589 Y54.288 Z3.822 E1363.95999 ; infill
G1 X130.180 Y54.288 Z3.768 E1364.02118 ; infill
G1 X131.822 Y54.288 Z3.751 E1364.08430 ; infill
G1 X133.527 Y54.288 Z3.777 E1364.14987 ; infill
G1 X135.325 Y54.288 Z3.847 E1364.21902 ; infill
G1 X136.485 Y54.288 Z3.919 E1364.26361 ; infill
G1 X136.361 Y53.830 Z3.919 E1364.28186 ; infill
G1 X135.196 Y53.830 Z3.847 E1364.32664 ; infill
G1 X133.397 Y53.830 Z3.777 E1364.39580 ; infill
G1 X131.683 Y53.830 Z3.752 E1364.46172 ; infill
G1 X130.030 Y53.830 Z3.769 E1364.52529 ; infill
G1 X128.429 Y53.830 Z3.823 E1364.58683 ; infill
G1 X126.850 Y53.830 Z3.913 E1364.64756 ; infill
G1 X125.284 Y53.830 Z4.034 E1364.70777 ; infill
G1 X121.824 Y53.830 Z4.386 E1364.84082 ; infill
G1 X114.473 Y53.830 Z5.273 E1365.12348 ; infill
G1 X110.819 Y53.830 Z5.677 E1365.26400 ; infill
G1 X108.227 Y53.830 Z5.930 E1365.36369 ; infill
G1 X105.920 Y53.830 Z6.130 E1365.45237 ; infill
G1 X102.893 Y53.830 Z6.358 E1365.56879 ; infill
G1 X98.655 Y53.830 Z6.615 E1365.73173 ; infill
G1 X95.031 Y53.830 Z6.776 E1365.87108 ; infill
G1 X89.998 Y53.830 Z6.928 E1366.06459 ; infill
G1 X85.805 Y53.830 Z6.806 E1366.22580 ; infill
G1 X81.342 Y53.830 Z6.615 E1366.39744 ; infill
G1 X77.104 Y53.830 Z6.358 E1366.56039 ; infill
G1 X74.076 Y53.830 Z6.130 E1366.67681 ; infill
G1 X71.770 Y53.830 Z5.930 E1366.76549 ; infill
G1 X69.177 Y53.830 Z5.677 E1366.86518 ; infill
G1 X64.610 Y53.830 Z5.166 E1367.04080 ; infill
G1 X58.173 Y53.830 Z4.386 E1367.28834 ; infill
G1 X54.713 Y53.830 Z4.034 E1367.42139 ; infill
G1 X53.147 Y53.830 Z3.913 E1367.48160 ; infill
G1 X51.568 Y53.830 Z3.823 E1367.54233 ; infill
G1 X49.967 Y53.830 Z3.769 E1367.60388 ; infill
G1 X48.314 Y53.830 Z3.752 E1367.66745 ; infill
G1 X46.599 Y53.830 Z3.777 E1367.73337 ; infill
G1 X44.801 Y53.830 Z3.847 E1367.80253 ; infill
G1 X43.637 Y53.830 Z3.919 E1367.84727 ; infill
G1 X43.759 Y53.372 Z3.919 E1367.86549 ; infill
G1 X44.931 Y53.372 Z3.847 E1367.91055 ; infill
G1 X46.733 Y53.372 Z3.777 E1367.97984 ; infill
G1 X48.463 Y53.372 Z3.753 E1368.04636 ; infill
G1 X50.117 Y53.372 Z3.769 E1368.10998 ; infill
G1 X51.742 Y53.372 Z3.825 E1368.17245 ; infill
G1 X53.328 Y53.372 Z3.914 E1368.23343 ; infill
G1 X54.919 Y53.372 Z4.036 E1368.29461 ; infill
G1 X56.517 Y53.372 Z4.185 E1368.35606 ; infill
G1 X58.424 Y53.372 Z4.389 E1368.42938 ; infill
G1 X67.265 Y53.372 Z5.430 E1368.76935 ; infill
G1 X70.019 Y53.372 Z5.719 E1368.87527 ; infill
G1 X73.660 Y53.372 Z6.052 E1369.01524 ; infill
G1 X76.841 Y53.372 Z6.299 E1369.13757 ; infill
G1 X81.575 Y53.372 Z6.584 E1369.31961 ; infill
G1 X84.842 Y53.372 Z6.730 E1369.44522 ; infill
G1 X89.998 Y53.372 Z6.886 E1369.64348 ; infill
G1 X93.835 Y53.372 Z6.777 E1369.79102 ; infill
G1 X98.422 Y53.372 Z6.584 E1369.96738 ; infill
G1 X103.156 Y53.372 Z6.299 E1370.14942 ; infill
G1 X106.337 Y53.372 Z6.052 E1370.27172 ; infill
G1 X109.977 Y53.372 Z5.719 E1370.41171 ; infill
G1 X112.732 Y53.372 Z5.430 E1370.51763 ; infill
G1 X121.573 Y53.372 Z4.389 E1370.85760 ; infill
G1 X123.479 Y53.372 Z4.185 E1370.93092 ; infill
G1 X125.078 Y53.372 Z4.036 E1370.99237 ; infill
G1 X126.669 Y53.372 Z3.914 E1371.05354 ; infill
G1 X128.255 Y53.372 Z3.825 E1371.11453 ; infill
G1 X129.879 Y53.372 Z3.769 E1371.17700 ; infill
G1 X131.534 Y53.372 Z3.753 E1371.24062 ; infill
G1 X133.264 Y53.372 Z3.777 E1371.30713 ; infill
G1 X135.066 Y53.372 Z3.847 E1371.37642 ; infill
G1 X136.227 Y53.372 Z3.919 E1371.42109 ; infill
G1 X136.094 Y52.914 Z3.919 E1371.43942 ; infill
G1 X134.935 Y52.914 Z3.847 E1371.48397 ; infill
G1 X133.115 Y52.914 Z3.778 E1371.55397 ; infill
G1 X131.385 Y52.914 Z3.753 E1371.62049 ; infill
G1 X129.707 Y52.914 Z3.770 E1371.68500 ; infill
G1 X128.080 Y52.914 Z3.826 E1371.74757 ; infill
G1 X126.467 Y52.914 Z3.916 E1371.80960 ; infill
G1 X124.868 Y52.914 Z4.037 E1371.87109 ; infill
G1 X123.243 Y52.914 Z4.187 E1371.93357 ; infill
G1 X121.302 Y52.914 Z4.392 E1372.00819 ; infill
G1 X112.010 Y52.914 Z5.464 E1372.36552 ; infill
G1 X109.163 Y52.914 Z5.753 E1372.47497 ; infill
G1 X105.638 Y52.914 Z6.064 E1372.61054 ; infill
G1 X102.360 Y52.914 Z6.308 E1372.73656 ; infill
G1 X97.546 Y52.914 Z6.583 E1372.92169 ; infill
G1 X93.941 Y52.914 Z6.731 E1373.06030 ; infill
G1 X89.998 Y52.914 Z6.844 E1373.21189 ; infill
G1 X86.056 Y52.914 Z6.731 E1373.36349 ; infill
G1 X82.451 Y52.914 Z6.583 E1373.50210 ; infill
G1 X77.637 Y52.914 Z6.308 E1373.68721 ; infill
G1 X74.359 Y52.914 Z6.064 E1373.81325 ; infill
G1 X70.833 Y52.914 Z5.753 E1373.94882 ; infill
G1 X68.123 Y52.914 Z5.478 E1374.05303 ; infill
G1 X65.048 Y52.914 Z5.137 E1374.17128 ; infill
G1 X58.695 Y52.914 Z4.392 E1374.41558 ; infill
G1 X56.754 Y52.914 Z4.187 E1374.49020 ; infill
G1 X55.129 Y52.914 Z4.037 E1374.55269 ; infill
G1 X53.530 Y52.914 Z3.916 E1374.61417 ; infill
G1 X51.917 Y52.914 Z3.826 E1374.67621 ; infill
G1 X50.290 Y52.914 Z3.770 E1374.73878 ; infill
G1 X48.612 Y52.914 Z3.753 E1374.80329 ; infill
G1 X46.882 Y52.914 Z3.778 E1374.86981 ; infill
G1 X45.061 Y52.914 Z3.847 E1374.93982 ; infill
G1 X43.902 Y52.914 Z3.919 E1374.98439 ; infill
G1 X44.045 Y52.457 Z3.919 E1375.00283 ; infill
G1 X45.210 Y52.457 Z3.847 E1375.04764 ; infill
G1 X47.031 Y52.457 Z3.778 E1375.11765 ; infill
G1 X48.776 Y52.457 Z3.754 E1375.18474 ; infill
G1 X50.462 Y52.457 Z3.771 E1375.24958 ; infill
G1 X52.109 Y52.457 Z3.827 E1375.31291 ; infill
G1 X53.732 Y52.457 Z3.917 E1375.37533 ; infill
G1 X55.361 Y52.457 Z4.039 E1375.43797 ; infill
G1 X57.002 Y52.457 Z4.189 E1375.50107 ; infill
G1 X58.970 Y52.457 Z4.395 E1375.57674 ; infill
G1 X68.188 Y52.457 Z5.440 E1375.93120 ; infill
G1 X71.096 Y52.457 Z5.732 E1376.04303 ; infill
G1 X74.442 Y52.457 Z6.025 E1376.17168 ; infill
G1 X78.500 Y52.457 Z6.318 E1376.32771 ; infill
G1 X81.973 Y52.457 Z6.511 E1376.46125 ; infill
G1 X85.950 Y52.457 Z6.682 E1376.61418 ; infill
G1 X89.998 Y52.457 Z6.802 E1376.76984 ; infill
G1 X94.046 Y52.457 Z6.682 E1376.92549 ; infill
G1 X97.741 Y52.457 Z6.525 E1377.06756 ; infill
G1 X101.497 Y52.457 Z6.318 E1377.21199 ; infill
G1 X105.555 Y52.457 Z6.025 E1377.36801 ; infill
G1 X108.901 Y52.457 Z5.732 E1377.49667 ; infill
G1 X111.809 Y52.457 Z5.440 E1377.60849 ; infill
G1 X121.027 Y52.457 Z4.394 E1377.96296 ; infill
G1 X122.995 Y52.457 Z4.189 E1378.03863 ; infill
G1 X124.636 Y52.457 Z4.039 E1378.10172 ; infill
G1 X126.265 Y52.457 Z3.917 E1378.16436 ; infill
G1 X127.888 Y52.457 Z3.827 E1378.22678 ; infill
G1 X129.535 Y52.457 Z3.771 E1378.29011 ; infill
G1 X131.221 Y52.457 Z3.754 E1378.35494 ; infill
G1 X132.966 Y52.457 Z3.778 E1378.42204 ; infill
G1 X134.787 Y52.457 Z3.847 E1378.49205 ; infill
G1 X135.961 Y52.457 Z3.919 E1378.53718 ; infill
G1 X135.810 Y51.999 Z3.919 E1378.55572 ; infill
G1 X134.637 Y51.999 Z3.847 E1378.60081 ; infill
G1 X132.810 Y51.999 Z3.778 E1378.67106 ; infill
G1 X131.050 Y51.999 Z3.754 E1378.73874 ; infill
G1 X129.355 Y51.999 Z3.772 E1378.80391 ; infill
G1 X127.689 Y51.999 Z3.828 E1378.86797 ; infill
G1 X126.046 Y51.999 Z3.919 E1378.93117 ; infill
G1 X124.404 Y51.999 Z4.041 E1378.99431 ; infill
G1 X122.731 Y51.999 Z4.191 E1379.05864 ; infill
G1 X120.728 Y51.999 Z4.397 E1379.13566 ; infill
G1 X114.470 Y51.999 Z5.107 E1379.37629 ; infill
G1 X110.087 Y51.999 Z5.569 E1379.54481 ; infill
G1 X107.568 Y51.999 Z5.805 E1379.64170 ; infill
G1 X104.849 Y51.999 Z6.033 E1379.74624 ; infill
G1 X100.556 Y51.999 Z6.329 E1379.91131 ; infill
G1 X97.937 Y51.999 Z6.467 E1380.01202 ; infill
G1 X94.152 Y51.999 Z6.632 E1380.15755 ; infill
G1 X89.998 Y51.999 Z6.754 E1380.31726 ; infill
G1 X85.845 Y51.999 Z6.632 E1380.47698 ; infill
G1 X82.476 Y51.999 Z6.488 E1380.60650 ; infill
G1 X79.441 Y51.999 Z6.329 E1380.72320 ; infill
G1 X75.148 Y51.999 Z6.033 E1380.88827 ; infill
G1 X72.429 Y51.999 Z5.805 E1380.99282 ; infill
G1 X69.909 Y51.999 Z5.569 E1381.08972 ; infill
G1 X65.527 Y51.999 Z5.107 E1381.25824 ; infill
G1 X59.269 Y51.999 Z4.397 E1381.49886 ; infill
G1 X57.266 Y51.999 Z4.191 E1381.57587 ; infill
G1 X55.593 Y51.999 Z4.041 E1381.64021 ; infill
G1 X53.951 Y51.999 Z3.919 E1381.70335 ; infill
G1 X52.308 Y51.999 Z3.828 E1381.76655 ; infill
G1 X50.642 Y51.999 Z3.772 E1381.83060 ; infill
G1 X48.947 Y51.999 Z3.754 E1381.89578 ; infill
G1 X47.186 Y51.999 Z3.778 E1381.96346 ; infill
G1 X45.359 Y51.999 Z3.847 E1382.03371 ; infill
G1 X44.187 Y51.999 Z3.919 E1382.07877 ; infill
G1 X44.334 Y51.541 Z3.919 E1382.09726 ; infill
G1 X45.509 Y51.541 Z3.848 E1382.14244 ; infill
G1 X47.357 Y51.541 Z3.779 E1382.21350 ; infill
G1 X49.118 Y51.541 Z3.755 E1382.28119 ; infill
G1 X50.838 Y51.541 Z3.773 E1382.34735 ; infill
G1 X52.511 Y51.541 Z3.829 E1382.41165 ; infill
G1 X54.179 Y51.541 Z3.920 E1382.47582 ; infill
G1 X55.847 Y51.541 Z4.043 E1382.53996 ; infill
G1 X59.571 Y51.541 Z4.400 E1382.68313 ; infill
G1 X66.559 Y51.541 Z5.176 E1382.95186 ; infill
G1 X69.448 Y51.541 Z5.477 E1383.06296 ; infill
G1 X72.284 Y51.541 Z5.745 E1383.17199 ; infill
G1 X75.410 Y51.541 Z6.004 E1383.29219 ; infill
G1 X79.285 Y51.541 Z6.268 E1383.44120 ; infill
G1 X82.072 Y51.541 Z6.420 E1383.54838 ; infill
G1 X85.739 Y51.541 Z6.577 E1383.68938 ; infill
G1 X89.998 Y51.541 Z6.707 E1383.85313 ; infill
G1 X94.257 Y51.541 Z6.577 E1384.01688 ; infill
G1 X98.132 Y51.541 Z6.410 E1384.16588 ; infill
G1 X100.711 Y51.541 Z6.268 E1384.26506 ; infill
G1 X104.587 Y51.541 Z6.004 E1384.41407 ; infill
G1 X107.713 Y51.541 Z5.745 E1384.53429 ; infill
G1 X110.548 Y51.541 Z5.477 E1384.64330 ; infill
G1 X113.437 Y51.541 Z5.176 E1384.75440 ; infill
G1 X120.426 Y51.541 Z4.400 E1385.02314 ; infill
G1 X124.149 Y51.541 Z4.043 E1385.16631 ; infill
G1 X125.818 Y51.541 Z3.920 E1385.23046 ; infill
G1 X127.486 Y51.541 Z3.829 E1385.29462 ; infill
G1 X129.159 Y51.541 Z3.773 E1385.35892 ; infill
G1 X130.879 Y51.541 Z3.755 E1385.42508 ; infill
G1 X132.639 Y51.541 Z3.779 E1385.49276 ; infill
G1 X134.487 Y51.541 Z3.848 E1385.56382 ; infill
G1 X135.651 Y51.541 Z3.919 E1385.60854 ; infill
G1 X135.491 Y51.083 Z3.919 E1385.62718 ; infill
G1 X134.317 Y51.083 Z3.848 E1385.67233 ; infill
G1 X132.469 Y51.083 Z3.779 E1385.74339 ; infill
G1 X130.687 Y51.083 Z3.755 E1385.81192 ; infill
G1 X128.962 Y51.083 Z3.774 E1385.87823 ; infill
G1 X127.261 Y51.083 Z3.830 E1385.94362 ; infill
G1 X125.584 Y51.083 Z3.922 E1386.00813 ; infill
G1 X123.890 Y51.083 Z4.045 E1386.07326 ; infill
G1 X122.168 Y51.083 Z4.196 E1386.13946 ; infill
G1 X120.097 Y51.083 Z4.403 E1386.21909 ; infill
G1 X111.005 Y51.083 Z5.383 E1386.56872 ; infill
G1 X107.169 Y51.083 Z5.743 E1386.71622 ; infill
G1 X103.871 Y51.083 Z6.007 E1386.84302 ; infill
G1 X100.962 Y51.083 Z6.201 E1386.95488 ; infill
G1 X97.493 Y51.083 Z6.392 E1387.08829 ; infill
G1 X94.362 Y51.083 Z6.522 E1387.20866 ; infill
G1 X89.998 Y51.083 Z6.659 E1387.37646 ; infill
G1 X85.634 Y51.083 Z6.522 E1387.54425 ; infill
G1 X81.669 Y51.083 Z6.352 E1387.69672 ; infill
G1 X78.100 Y51.083 Z6.142 E1387.83396 ; infill
G1 X75.077 Y51.083 Z5.927 E1387.95019 ; infill
G1 X72.827 Y51.083 Z5.743 E1388.03669 ; infill
G1 X68.991 Y51.083 Z5.383 E1388.18420 ; infill
G1 X59.900 Y51.083 Z4.403 E1388.53380 ; infill
G1 X57.829 Y51.083 Z4.196 E1388.61344 ; infill
G1 X56.107 Y51.083 Z4.045 E1388.67964 ; infill
G1 X54.413 Y51.083 Z3.922 E1388.74477 ; infill
G1 X52.735 Y51.083 Z3.830 E1388.80928 ; infill
G1 X51.035 Y51.083 Z3.774 E1388.87468 ; infill
G1 X49.310 Y51.083 Z3.755 E1388.94099 ; infill
G1 X47.528 Y51.083 Z3.779 E1389.00951 ; infill
G1 X45.680 Y51.083 Z3.848 E1389.08058 ; infill
G1 X44.504 Y51.083 Z3.919 E1389.12580 ; infill
G1 X44.674 Y50.625 Z3.919 E1389.14457 ; infill
G1 X45.852 Y50.625 Z3.848 E1389.18987 ; infill
G1 X47.710 Y50.625 Z3.779 E1389.26131 ; infill
G1 X49.506 Y50.625 Z3.756 E1389.33037 ; infill
G1 X51.248 Y50.625 Z3.774 E1389.39738 ; infill
G1 X52.960 Y50.625 Z3.831 E1389.46321 ; infill
G1 X54.669 Y50.625 Z3.923 E1389.52891 ; infill
G1 X56.381 Y50.625 Z4.047 E1389.59473 ; infill
G1 X58.122 Y50.625 Z4.198 E1389.66168 ; infill
G1 X69.912 Y50.625 Z5.425 E1390.11505 ; infill
G1 X73.612 Y50.625 Z5.759 E1390.25731 ; infill
G1 X75.815 Y50.625 Z5.931 E1390.34203 ; infill
G1 X79.050 Y50.625 Z6.151 E1390.46640 ; infill
G1 X83.028 Y50.625 Z6.366 E1390.61936 ; infill
G1 X86.082 Y50.625 Z6.487 E1390.73679 ; infill
G1 X89.998 Y50.625 Z6.606 E1390.88738 ; infill
G1 X92.957 Y50.625 Z6.519 E1391.00113 ; infill
G1 X96.970 Y50.625 Z6.366 E1391.15544 ; infill
G1 X101.213 Y50.625 Z6.134 E1391.31861 ; infill
G1 X104.181 Y50.625 Z5.931 E1391.43274 ; infill
G1 X106.385 Y50.625 Z5.759 E1391.51748 ; infill
G1 X109.684 Y50.625 Z5.463 E1391.64431 ; infill
G1 X121.875 Y50.625 Z4.198 E1392.11311 ; infill
G1 X123.616 Y50.625 Z4.047 E1392.18006 ; infill
G1 X125.328 Y50.625 Z3.923 E1392.24587 ; infill
G1 X127.036 Y50.625 Z3.831 E1392.31157 ; infill
G1 X128.748 Y50.625 Z3.774 E1392.37740 ; infill
G1 X130.491 Y50.625 Z3.756 E1392.44441 ; infill
G1 X132.287 Y50.625 Z3.779 E1392.51346 ; infill
G1 X134.145 Y50.625 Z3.848 E1392.58490 ; infill
G1 X135.331 Y50.625 Z3.919 E1392.63052 ; infill
G1 X135.154 Y50.167 Z3.919 E1392.64940 ; infill
G1 X133.973 Y50.167 Z3.848 E1392.69480 ; infill
G1 X132.092 Y50.167 Z3.780 E1392.76714 ; infill
G1 X130.292 Y50.167 Z3.756 E1392.83633 ; infill
G1 X128.525 Y50.167 Z3.775 E1392.90427 ; infill
G1 X126.794 Y50.167 Z3.832 E1392.97084 ; infill
G1 X125.072 Y50.167 Z3.925 E1393.03706 ; infill
G1 X123.327 Y50.167 Z4.048 E1393.10414 ; infill
G1 X121.552 Y50.167 Z4.200 E1393.17239 ; infill
G1 X110.510 Y50.167 Z5.334 E1393.59699 ; infill
G1 X107.922 Y50.167 Z5.574 E1393.69651 ; infill
G1 X104.491 Y50.167 Z5.856 E1393.82844 ; infill
G1 X101.430 Y50.167 Z6.070 E1393.94616 ; infill
G1 X96.991 Y50.167 Z6.309 E1394.11684 ; infill
G1 X94.572 Y50.167 Z6.411 E1394.20983 ; infill
G1 X89.998 Y50.167 Z6.552 E1394.38571 ; infill
G1 X85.587 Y50.167 Z6.417 E1394.55533 ; infill
G1 X82.774 Y50.167 Z6.298 E1394.66350 ; infill
G1 X78.567 Y50.167 Z6.070 E1394.82523 ; infill
G1 X75.505 Y50.167 Z5.856 E1394.94298 ; infill
G1 X72.074 Y50.167 Z5.574 E1395.07490 ; infill
G1 X69.486 Y50.167 Z5.334 E1395.17443 ; infill
G1 X58.444 Y50.167 Z4.200 E1395.59901 ; infill
G1 X56.669 Y50.167 Z4.048 E1395.66726 ; infill
G1 X54.925 Y50.167 Z3.925 E1395.73434 ; infill
G1 X53.203 Y50.167 Z3.832 E1395.80056 ; infill
G1 X51.471 Y50.167 Z3.775 E1395.86713 ; infill
G1 X49.704 Y50.167 Z3.756 E1395.93508 ; infill
G1 X47.905 Y50.167 Z3.780 E1396.00426 ; infill
G1 X46.023 Y50.167 Z3.848 E1396.07661 ; infill
G1 X44.843 Y50.167 Z3.919 E1396.12199 ; infill
G1 X45.023 Y49.710 Z3.919 E1396.14090 ; infill
G1 X46.219 Y49.710 Z3.848 E1396.18689 ; infill
G1 X48.100 Y49.710 Z3.780 E1396.25923 ; infill
G1 X49.926 Y49.710 Z3.757 E1396.32943 ; infill
G1 X51.695 Y49.710 Z3.776 E1396.39743 ; infill
G1 X53.456 Y49.710 Z3.834 E1396.46514 ; infill
G1 X55.204 Y49.710 Z3.926 E1396.53237 ; infill
G1 X58.768 Y49.710 Z4.203 E1396.66940 ; infill
G1 X69.060 Y49.710 Z5.242 E1397.06517 ; infill
G1 X71.698 Y49.710 Z5.489 E1397.16660 ; infill
G1 X75.219 Y49.710 Z5.782 E1397.30197 ; infill
G1 X79.245 Y49.710 Z6.056 E1397.45681 ; infill
G1 X82.363 Y49.710 Z6.223 E1397.57669 ; infill
G1 X86.599 Y49.710 Z6.399 E1397.73955 ; infill
G1 X89.998 Y49.710 Z6.499 E1397.87027 ; infill
G1 X93.399 Y49.710 Z6.399 E1398.00102 ; infill
G1 X98.018 Y49.710 Z6.204 E1398.17865 ; infill
G1 X100.751 Y49.710 Z6.056 E1398.28373 ; infill
G1 X104.801 Y49.710 Z5.780 E1398.43946 ; infill
G1 X108.299 Y49.710 Z5.489 E1398.57394 ; infill
G1 X110.937 Y49.710 Z5.242 E1398.67537 ; infill
G1 X121.229 Y49.710 Z4.203 E1399.07116 ; infill
G1 X124.793 Y49.710 Z3.926 E1399.20818 ; infill
G1 X126.541 Y49.710 Z3.834 E1399.27541 ; infill
G1 X128.302 Y49.710 Z3.776 E1399.34312 ; infill
G1 X130.071 Y49.710 Z3.757 E1399.41111 ; infill
G1 X131.896 Y49.710 Z3.780 E1399.48132 ; infill
G1 X133.778 Y49.710 Z3.848 E1399.55365 ; infill
G1 X134.963 Y49.710 Z3.919 E1399.59924 ; infill
G1 X134.773 Y49.252 Z3.919 E1399.61831 ; infill
G1 X133.581 Y49.252 Z3.848 E1399.66412 ; infill
G1 X131.686 Y49.252 Z3.780 E1399.73701 ; infill
G1 X129.849 Y49.252 Z3.758 E1399.80764 ; infill
G1 X128.051 Y49.252 Z3.777 E1399.87676 ; infill
G1 X126.285 Y49.252 Z3.835 E1399.94467 ; infill
G1 X124.508 Y49.252 Z3.928 E1400.01301 ; infill
G1 X122.714 Y49.252 Z4.052 E1400.08199 ; infill
G1 X120.880 Y49.252 Z4.205 E1400.15249 ; infill
G1 X109.980 Y49.252 Z5.283 E1400.57161 ; infill
G1 X107.429 Y49.252 Z5.512 E1400.66973 ; infill
G1 X104.020 Y49.252 Z5.784 E1400.80079 ; infill
G1 X100.028 Y49.252 Z6.042 E1400.95429 ; infill
G1 X97.304 Y49.252 Z6.183 E1401.05902 ; infill
G1 X93.168 Y49.252 Z6.349 E1401.21809 ; infill
G1 X89.998 Y49.252 Z6.442 E1401.33995 ; infill
G1 X86.402 Y49.252 Z6.334 E1401.47824 ; infill
G1 X82.692 Y49.252 Z6.183 E1401.62088 ; infill
G1 X79.773 Y49.252 Z6.031 E1401.73312 ; infill
G1 X75.976 Y49.252 Z5.784 E1401.87911 ; infill
G1 X72.568 Y49.252 Z5.512 E1402.01017 ; infill
G1 X70.016 Y49.252 Z5.283 E1402.10829 ; infill
G1 X59.117 Y49.252 Z4.205 E1402.52740 ; infill
G1 X57.283 Y49.252 Z4.052 E1402.59790 ; infill
G1 X55.489 Y49.252 Z3.928 E1402.66688 ; infill
G1 X53.712 Y49.252 Z3.835 E1402.73523 ; infill
G1 X51.946 Y49.252 Z3.777 E1402.80314 ; infill
G1 X50.148 Y49.252 Z3.758 E1402.87226 ; infill
G1 X48.311 Y49.252 Z3.780 E1402.94289 ; infill
G1 X46.415 Y49.252 Z3.848 E1403.01577 ; infill
G1 X45.223 Y49.252 Z3.919 E1403.06163 ; infill
G1 X45.423 Y48.794 Z3.919 E1403.08084 ; infill
G1 X46.612 Y48.794 Z3.848 E1403.12659 ; infill
G1 X48.533 Y48.794 Z3.781 E1403.20044 ; infill
G1 X50.381 Y48.794 Z3.758 E1403.27150 ; infill
G1 X52.197 Y48.794 Z3.778 E1403.34131 ; infill
G1 X53.994 Y48.794 Z3.836 E1403.41043 ; infill
G1 X55.787 Y48.794 Z3.929 E1403.47937 ; infill
G1 X59.471 Y48.794 Z4.208 E1403.62102 ; infill
G1 X70.952 Y48.794 Z5.316 E1404.06248 ; infill
G1 X73.426 Y48.794 Z5.530 E1404.15763 ; infill
G1 X76.758 Y48.794 Z5.783 E1404.28573 ; infill
G1 X79.759 Y48.794 Z5.972 E1404.40111 ; infill
G1 X82.576 Y48.794 Z6.121 E1404.50946 ; infill
G1 X86.759 Y48.794 Z6.287 E1404.67027 ; infill
G1 X89.998 Y48.794 Z6.382 E1404.79484 ; infill
G1 X93.238 Y48.794 Z6.287 E1404.91941 ; infill
G1 X97.461 Y48.794 Z6.119 E1405.08180 ; infill
G1 X100.238 Y48.794 Z5.972 E1405.18857 ; infill
G1 X103.239 Y48.794 Z5.783 E1405.30395 ; infill
G1 X106.570 Y48.794 Z5.530 E1405.43205 ; infill
G1 X109.045 Y48.794 Z5.316 E1405.52720 ; infill
G1 X120.526 Y48.794 Z4.207 E1405.96867 ; infill
G1 X124.210 Y48.794 Z3.929 E1406.11033 ; infill
G1 X126.003 Y48.794 Z3.836 E1406.17926 ; infill
G1 X127.800 Y48.794 Z3.778 E1406.24838 ; infill
G1 X129.616 Y48.794 Z3.758 E1406.31819 ; infill
G1 X131.464 Y48.794 Z3.781 E1406.38925 ; infill
G1 X133.384 Y48.794 Z3.849 E1406.46310 ; infill
G1 X134.582 Y48.794 Z3.919 E1406.50915 ; infill
G1 X134.370 Y48.336 Z3.919 E1406.52855 ; infill
G1 X133.161 Y48.336 Z3.849 E1406.57503 ; infill
G1 X131.242 Y48.336 Z3.781 E1406.64884 ; infill
G1 X129.366 Y48.336 Z3.759 E1406.72099 ; infill
G1 X127.537 Y48.336 Z3.779 E1406.79130 ; infill
G1 X125.720 Y48.336 Z3.837 E1406.86116 ; infill
G1 X123.894 Y48.336 Z3.931 E1406.93137 ; infill
G1 X120.148 Y48.336 Z4.210 E1407.07542 ; infill
G1 X109.418 Y48.336 Z5.230 E1407.48802 ; infill
G1 X106.297 Y48.336 Z5.496 E1407.60802 ; infill
G1 X103.504 Y48.336 Z5.706 E1407.71542 ; infill
G1 X100.448 Y48.336 Z5.901 E1407.83293 ; infill
G1 X96.709 Y48.336 Z6.094 E1407.97668 ; infill
G1 X93.308 Y48.336 Z6.225 E1408.10745 ; infill
G1 X89.998 Y48.336 Z6.323 E1408.23472 ; infill
G1 X86.688 Y48.336 Z6.225 E1408.36199 ; infill
G1 X83.200 Y48.336 Z6.090 E1408.49611 ; infill
G1 X79.549 Y48.336 Z5.901 E1408.63651 ; infill
G1 X76.493 Y48.336 Z5.706 E1408.75401 ; infill
G1 X73.700 Y48.336 Z5.496 E1408.86139 ; infill
G1 X70.579 Y48.336 Z5.230 E1408.98141 ; infill
G1 X59.849 Y48.336 Z4.210 E1409.39400 ; infill
G1 X56.103 Y48.336 Z3.931 E1409.53805 ; infill
G1 X54.277 Y48.336 Z3.837 E1409.60826 ; infill
G1 X52.460 Y48.336 Z3.779 E1409.67813 ; infill
G1 X50.631 Y48.336 Z3.759 E1409.74844 ; infill
G1 X48.755 Y48.336 Z3.781 E1409.82058 ; infill
G1 X46.835 Y48.336 Z3.849 E1409.89439 ; infill
G1 X45.622 Y48.336 Z3.919 E1409.94103 ; infill
G1 X45.843 Y47.878 Z3.919 E1409.96056 ; infill
G1 X47.058 Y47.878 Z3.849 E1410.00731 ; infill
G1 X48.998 Y47.878 Z3.781 E1410.08190 ; infill
G1 X50.881 Y47.878 Z3.759 E1410.15430 ; infill
G1 X52.741 Y47.878 Z3.779 E1410.22580 ; infill
G1 X54.579 Y47.878 Z3.838 E1410.29648 ; infill
G1 X56.421 Y47.878 Z3.932 E1410.36732 ; infill
G1 X60.236 Y47.878 Z4.212 E1410.51402 ; infill
G1 X70.208 Y47.878 Z5.144 E1410.89743 ; infill
G1 X73.971 Y47.878 Z5.462 E1411.04216 ; infill
G1 X76.788 Y47.878 Z5.667 E1411.15045 ; infill
G1 X79.405 Y47.878 Z5.834 E1411.25111 ; infill
G1 X83.149 Y47.878 Z6.025 E1411.39506 ; infill
G1 X86.618 Y47.878 Z6.163 E1411.52844 ; infill
G1 X89.998 Y47.878 Z6.259 E1411.65841 ; infill
G1 X93.378 Y47.878 Z6.163 E1411.78838 ; infill
G1 X96.847 Y47.878 Z6.025 E1411.92176 ; infill
G1 X100.658 Y47.878 Z5.831 E1412.06827 ; infill
G1 X103.769 Y47.878 Z5.629 E1412.18789 ; infill
G1 X106.025 Y47.878 Z5.462 E1412.27466 ; infill
G1 X109.789 Y47.878 Z5.144 E1412.41938 ; infill
G1 X119.760 Y47.878 Z4.212 E1412.80281 ; infill
G1 X123.576 Y47.878 Z3.932 E1412.94951 ; infill
G1 X125.418 Y47.878 Z3.838 E1413.02035 ; infill
G1 X127.256 Y47.878 Z3.779 E1413.09103 ; infill
G1 X129.115 Y47.878 Z3.759 E1413.16252 ; infill
G1 X130.998 Y47.878 Z3.781 E1413.23492 ; infill
G1 X132.938 Y47.878 Z3.849 E1413.30952 ; infill
G1 X134.144 Y47.878 Z3.919 E1413.35585 ; infill
G1 X133.917 Y47.420 Z3.919 E1413.37550 ; infill
G1 X132.713 Y47.420 Z3.849 E1413.42180 ; infill
G1 X130.748 Y47.420 Z3.782 E1413.49733 ; infill
G1 X128.845 Y47.420 Z3.760 E1413.57053 ; infill
G1 X126.975 Y47.420 Z3.780 E1413.64240 ; infill
G1 X125.105 Y47.420 Z3.839 E1413.71433 ; infill
G1 X123.228 Y47.420 Z3.934 E1413.78649 ; infill
G1 X119.351 Y47.420 Z4.215 E1413.93558 ; infill
G1 X108.823 Y47.420 Z5.175 E1414.34040 ; infill
G1 X105.160 Y47.420 Z5.470 E1414.48126 ; infill
G1 X102.945 Y47.420 Z5.626 E1414.56641 ; infill
G1 X99.867 Y47.420 Z5.815 E1414.68478 ; infill
G1 X96.985 Y47.420 Z5.957 E1414.79556 ; infill
G1 X93.449 Y47.420 Z6.097 E1414.93155 ; infill
G1 X89.998 Y47.420 Z6.193 E1415.06423 ; infill
G1 X86.548 Y47.420 Z6.097 E1415.19690 ; infill
G1 X83.011 Y47.420 Z5.957 E1415.33289 ; infill
G1 X80.096 Y47.420 Z5.813 E1415.44497 ; infill
G1 X76.143 Y47.420 Z5.564 E1415.59698 ; infill
G1 X71.174 Y47.420 Z5.175 E1415.78806 ; infill
G1 X60.646 Y47.420 Z4.215 E1416.19286 ; infill
G1 X56.769 Y47.420 Z3.934 E1416.34195 ; infill
G1 X54.892 Y47.420 Z3.840 E1416.41411 ; infill
G1 X53.021 Y47.420 Z3.780 E1416.48604 ; infill
G1 X51.152 Y47.420 Z3.760 E1416.55791 ; infill
G1 X49.248 Y47.420 Z3.782 E1416.63111 ; infill
G1 X47.284 Y47.420 Z3.849 E1416.70665 ; infill
G1 X46.076 Y47.420 Z3.919 E1416.75310 ; infill
G1 X46.309 Y46.962 Z3.918 E1416.77286 ; infill
G1 X47.535 Y46.962 Z3.849 E1416.82000 ; infill
G1 X49.499 Y46.962 Z3.782 E1416.89549 ; infill
G1 X51.432 Y46.962 Z3.761 E1416.96984 ; infill
G1 X53.328 Y46.962 Z3.781 E1417.04274 ; infill
G1 X55.212 Y46.962 Z3.841 E1417.11518 ; infill
G1 X57.116 Y46.962 Z3.936 E1417.18840 ; infill
G1 X61.068 Y46.962 Z4.217 E1417.34033 ; infill
G1 X70.827 Y46.962 Z5.090 E1417.71559 ; infill
G1 X73.802 Y46.962 Z5.333 E1417.82999 ; infill
G1 X76.806 Y46.962 Z5.550 E1417.94551 ; infill
G1 X79.940 Y46.962 Z5.741 E1418.06599 ; infill
G1 X82.873 Y46.962 Z5.888 E1418.17878 ; infill
G1 X86.477 Y46.962 Z6.029 E1418.31738 ; infill
G1 X89.998 Y46.962 Z6.127 E1418.45276 ; infill
G1 X93.519 Y46.962 Z6.029 E1418.58813 ; infill
G1 X97.124 Y46.962 Z5.888 E1418.72673 ; infill
G1 X100.057 Y46.962 Z5.741 E1418.83952 ; infill
G1 X103.190 Y46.962 Z5.550 E1418.96001 ; infill
G1 X106.633 Y46.962 Z5.299 E1419.09237 ; infill
G1 X109.170 Y46.962 Z5.090 E1419.18992 ; infill
G1 X118.929 Y46.962 Z4.217 E1419.56520 ; infill
G1 X122.881 Y46.962 Z3.936 E1419.71713 ; infill
G1 X124.785 Y46.962 Z3.841 E1419.79035 ; infill
G1 X126.669 Y46.962 Z3.781 E1419.86278 ; infill
G1 X128.565 Y46.962 Z3.761 E1419.93569 ; infill
G1 X130.498 Y46.962 Z3.782 E1420.01003 ; infill
G1 X132.461 Y46.962 Z3.849 E1420.08552 ; infill
G1 X133.690 Y46.962 Z3.918 E1420.13276 ; infill
G1 X133.442 Y46.505 Z3.918 E1420.15279 ; infill
G1 X132.210 Y46.505 Z3.849 E1420.20014 ; infill
G1 X130.219 Y46.505 Z3.782 E1420.27671 ; infill
G1 X128.283 Y46.505 Z3.761 E1420.35113 ; infill
G1 X126.357 Y46.505 Z3.782 E1420.42521 ; infill
G1 X124.440 Y46.505 Z3.842 E1420.49893 ; infill
G1 X122.507 Y46.505 Z3.937 E1420.57326 ; infill
G1 X118.485 Y46.505 Z4.220 E1420.72791 ; infill
G1 X108.197 Y46.505 Z5.116 E1421.12347 ; infill
G1 X102.573 Y46.505 Z5.529 E1421.33975 ; infill
G1 X99.234 Y46.505 Z5.721 E1421.46812 ; infill
G1 X96.508 Y46.505 Z5.850 E1421.57294 ; infill
G1 X93.589 Y46.505 Z5.960 E1421.68517 ; infill
G1 X89.998 Y46.505 Z6.060 E1421.82325 ; infill
G1 X86.407 Y46.505 Z5.960 E1421.96133 ; infill
G1 X83.489 Y46.505 Z5.850 E1422.07352 ; infill
G1 X80.270 Y46.505 Z5.695 E1422.19730 ; infill
G1 X77.425 Y46.505 Z5.529 E1422.30672 ; infill
G1 X71.799 Y46.505 Z5.116 E1422.52302 ; infill
G1 X61.512 Y46.505 Z4.220 E1422.91857 ; infill
G1 X57.490 Y46.505 Z3.937 E1423.07322 ; infill
G1 X55.557 Y46.505 Z3.842 E1423.14755 ; infill
G1 X53.640 Y46.505 Z3.782 E1423.22128 ; infill
G1 X51.713 Y46.505 Z3.761 E1423.29535 ; infill
G1 X49.778 Y46.505 Z3.782 E1423.36978 ; infill
G1 X47.786 Y46.505 Z3.849 E1423.44634 ; infill
G1 X46.542 Y46.505 Z3.919 E1423.49418 ; infill
G1 X46.815 Y46.047 Z3.918 E1423.51467 ; infill
G1 X48.044 Y46.047 Z3.850 E1423.56192 ; infill
G1 X50.058 Y46.047 Z3.783 E1423.63934 ; infill
G1 X52.024 Y46.047 Z3.762 E1423.71496 ; infill
G1 X53.962 Y46.047 Z3.783 E1423.78947 ; infill
G1 X55.903 Y46.047 Z3.843 E1423.86408 ; infill
G1 X57.871 Y46.047 Z3.939 E1423.93978 ; infill
G1 X61.969 Y46.047 Z4.223 E1424.09735 ; infill
G1 X71.475 Y46.047 Z5.034 E1424.46287 ; infill
G1 X73.988 Y46.047 Z5.230 E1424.55949 ; infill
G1 X77.427 Y46.047 Z5.467 E1424.69173 ; infill
G1 X80.592 Y46.047 Z5.648 E1424.81343 ; infill
G1 X84.170 Y46.047 Z5.812 E1424.95101 ; infill
G1 X86.490 Y46.047 Z5.897 E1425.04021 ; infill
G1 X89.998 Y46.047 Z5.994 E1425.17511 ; infill
G1 X95.513 Y46.047 Z5.825 E1425.38714 ; infill
G1 X99.407 Y46.047 Z5.648 E1425.53687 ; infill
G1 X102.569 Y46.047 Z5.467 E1425.65848 ; infill
G1 X106.009 Y46.047 Z5.230 E1425.79072 ; infill
G1 X108.521 Y46.047 Z5.034 E1425.88734 ; infill
G1 X118.028 Y46.047 Z4.223 E1426.25288 ; infill
G1 X122.126 Y46.047 Z3.939 E1426.41044 ; infill
G1 X124.094 Y46.047 Z3.843 E1426.48614 ; infill
G1 X126.035 Y46.047 Z3.783 E1426.56075 ; infill
G1 X127.973 Y46.047 Z3.762 E1426.63526 ; infill
G1 X129.939 Y46.047 Z3.783 E1426.71088 ; infill
G1 X131.953 Y46.047 Z3.850 E1426.78830 ; infill
G1 X133.176 Y46.047 Z3.918 E1426.83534 ; infill
G1 X132.910 Y45.589 Z3.918 E1426.85570 ; infill
G1 X131.671 Y45.589 Z3.850 E1426.90333 ; infill
G1 X129.652 Y45.589 Z3.783 E1426.98098 ; infill
G1 X127.662 Y45.589 Z3.762 E1427.05751 ; infill
G1 X125.691 Y45.589 Z3.784 E1427.13329 ; infill
G1 X123.721 Y45.589 Z3.844 E1427.20903 ; infill
G1 X121.725 Y45.589 Z3.940 E1427.28577 ; infill
G1 X117.544 Y45.589 Z4.225 E1427.44655 ; infill
G1 X107.541 Y45.589 Z5.055 E1427.83116 ; infill
G1 X102.795 Y45.589 Z5.389 E1428.01367 ; infill
G1 X97.537 Y45.589 Z5.672 E1428.21583 ; infill
G1 X93.730 Y45.589 Z5.821 E1428.36223 ; infill
G1 X89.998 Y45.589 Z5.928 E1428.50571 ; infill
G1 X86.266 Y45.589 Z5.821 E1428.64920 ; infill
G1 X83.385 Y45.589 Z5.711 E1428.76001 ; infill
G1 X80.420 Y45.589 Z5.574 E1428.87402 ; infill
G1 X77.202 Y45.589 Z5.389 E1428.99776 ; infill
G1 X72.455 Y45.589 Z5.055 E1429.18027 ; infill
G1 X62.453 Y45.589 Z4.225 E1429.56486 ; infill
G1 X58.272 Y45.589 Z3.940 E1429.72564 ; infill
G1 X56.276 Y45.589 Z3.844 E1429.80238 ; infill
G1 X54.306 Y45.589 Z3.784 E1429.87813 ; infill
G1 X52.335 Y45.589 Z3.762 E1429.95391 ; infill
G1 X50.345 Y45.589 Z3.783 E1430.03045 ; infill
G1 X48.325 Y45.589 Z3.850 E1430.10809 ; infill
G1 X47.089 Y45.589 Z3.918 E1430.15563 ; infill
G1 X47.362 Y45.131 Z3.918 E1430.17613 ; infill
G1 X48.606 Y45.131 Z3.850 E1430.22397 ; infill
G1 X50.656 Y45.131 Z3.784 E1430.30276 ; infill
G1 X52.660 Y45.131 Z3.763 E1430.37984 ; infill
G1 X54.650 Y45.131 Z3.785 E1430.45634 ; infill
G1 X56.655 Y45.131 Z3.846 E1430.53343 ; infill
G1 X58.687 Y45.131 Z3.942 E1430.61159 ; infill
G1 X60.775 Y45.131 Z4.071 E1430.69187 ; infill
G1 X62.947 Y45.131 Z4.228 E1430.77539 ; infill
G1 X72.249 Y45.131 Z4.981 E1431.13307 ; infill
G1 X74.647 Y45.131 Z5.158 E1431.22528 ; infill
G1 X78.091 Y45.131 Z5.380 E1431.35769 ; infill
G1 X81.291 Y45.131 Z5.552 E1431.48073 ; infill
G1 X84.275 Y45.131 Z5.680 E1431.59547 ; infill
G1 X89.998 Y45.131 Z5.854 E1431.81553 ; infill
G1 X95.721 Y45.131 Z5.680 E1432.03559 ; infill
G1 X98.705 Y45.131 Z5.552 E1432.15033 ; infill
G1 X101.905 Y45.131 Z5.380 E1432.27337 ; infill
G1 X106.573 Y45.131 Z5.070 E1432.45284 ; infill
G1 X117.050 Y45.131 Z4.228 E1432.85569 ; infill
G1 X119.222 Y45.131 Z4.071 E1432.93921 ; infill
G1 X121.310 Y45.131 Z3.942 E1433.01949 ; infill
G1 X123.342 Y45.131 Z3.846 E1433.09764 ; infill
G1 X125.347 Y45.131 Z3.785 E1433.17473 ; infill
G1 X127.337 Y45.131 Z3.763 E1433.25123 ; infill
G1 X129.341 Y45.131 Z3.784 E1433.32830 ; infill
G1 X131.390 Y45.131 Z3.850 E1433.40710 ; infill
G1 X132.644 Y45.131 Z3.918 E1433.45532 ; infill
G1 X132.352 Y44.673 Z3.918 E1433.47620 ; infill
G1 X131.097 Y44.673 Z3.850 E1433.52446 ; infill
G1 X129.030 Y44.673 Z3.784 E1433.60396 ; infill
G1 X126.993 Y44.673 Z3.764 E1433.68227 ; infill
G1 X124.974 Y44.673 Z3.786 E1433.75992 ; infill
G1 X122.945 Y44.673 Z3.847 E1433.83792 ; infill
G1 X120.880 Y44.673 Z3.944 E1433.91734 ; infill
G1 X118.749 Y44.673 Z4.073 E1433.99928 ; infill
G1 X116.522 Y44.673 Z4.231 E1434.08491 ; infill
G1 X108.147 Y44.673 Z4.894 E1434.40693 ; infill
G1 X104.410 Y44.673 Z5.160 E1434.55062 ; infill
G1 X102.113 Y44.673 Z5.303 E1434.63895 ; infill
G1 X98.860 Y44.673 Z5.476 E1434.76401 ; infill
G1 X95.826 Y44.673 Z5.607 E1434.88070 ; infill
G1 X89.998 Y44.673 Z5.781 E1435.10477 ; infill
G1 X84.171 Y44.673 Z5.607 E1435.32884 ; infill
G1 X81.136 Y44.673 Z5.476 E1435.44552 ; infill
G1 X77.884 Y44.673 Z5.303 E1435.57058 ; infill
G1 X75.024 Y44.673 Z5.122 E1435.68054 ; infill
G1 X71.850 Y44.673 Z4.894 E1435.80260 ; infill
G1 X63.475 Y44.673 Z4.231 E1436.12460 ; infill
G1 X61.248 Y44.673 Z4.073 E1436.21024 ; infill
G1 X59.117 Y44.673 Z3.944 E1436.29218 ; infill
G1 X57.052 Y44.673 Z3.847 E1436.37160 ; infill
G1 X55.023 Y44.673 Z3.786 E1436.44961 ; infill
G1 X53.003 Y44.673 Z3.764 E1436.52726 ; infill
G1 X50.967 Y44.673 Z3.784 E1436.60557 ; infill
G1 X48.899 Y44.673 Z3.850 E1436.68507 ; infill
G1 X47.636 Y44.673 Z3.918 E1436.73365 ; infill
G1 X47.943 Y44.215 Z3.918 E1436.75484 ; infill
G1 X49.211 Y44.215 Z3.850 E1436.80362 ; infill
G1 X51.295 Y44.215 Z3.784 E1436.88373 ; infill
G1 X53.347 Y44.215 Z3.764 E1436.96262 ; infill
G1 X55.401 Y44.215 Z3.787 E1437.04160 ; infill
G1 X57.466 Y44.215 Z3.848 E1437.12100 ; infill
G1 X59.569 Y44.215 Z3.946 E1437.20188 ; infill
G1 X61.740 Y44.215 Z4.075 E1437.28536 ; infill
G1 X72.859 Y44.215 Z4.911 E1437.71290 ; infill
G1 X77.676 Y44.215 Z5.226 E1437.89813 ; infill
G1 X80.981 Y44.215 Z5.400 E1438.02520 ; infill
G1 X84.066 Y44.215 Z5.532 E1438.14383 ; infill
G1 X89.998 Y44.215 Z5.707 E1438.37191 ; infill
G1 X95.930 Y44.215 Z5.532 E1438.60000 ; infill
G1 X99.015 Y44.215 Z5.400 E1438.71863 ; infill
G1 X102.320 Y44.215 Z5.226 E1438.84570 ; infill
G1 X107.137 Y44.215 Z4.911 E1439.03093 ; infill
G1 X118.257 Y44.215 Z4.075 E1439.45849 ; infill
G1 X120.428 Y44.215 Z3.946 E1439.54196 ; infill
G1 X122.531 Y44.215 Z3.848 E1439.62284 ; infill
G1 X124.596 Y44.215 Z3.787 E1439.70224 ; infill
G1 X126.650 Y44.215 Z3.764 E1439.78121 ; infill
G1 X128.702 Y44.215 Z3.784 E1439.86010 ; infill
G1 X130.785 Y44.215 Z3.850 E1439.94021 ; infill
G1 X132.046 Y44.215 Z3.918 E1439.98869 ; infill
G1 X131.739 Y43.758 Z3.918 E1440.00988 ; infill
G1 X130.473 Y43.758 Z3.850 E1440.05856 ; infill
G1 X128.358 Y43.758 Z3.785 E1440.13988 ; infill
G1 X126.277 Y43.758 Z3.765 E1440.21991 ; infill
G1 X124.202 Y43.758 Z3.788 E1440.29967 ; infill
G1 X122.108 Y43.758 Z3.850 E1440.38021 ; infill
G1 X119.965 Y43.758 Z3.947 E1440.46261 ; infill
G1 X117.743 Y43.758 Z4.077 E1440.54805 ; infill
G1 X107.420 Y43.758 Z4.833 E1440.94498 ; infill
G1 X101.386 Y43.758 Z5.213 E1441.17697 ; infill
G1 X96.035 Y43.758 Z5.457 E1441.38275 ; infill
G1 X89.998 Y43.758 Z5.633 E1441.61485 ; infill
G1 X87.807 Y43.758 Z5.582 E1441.69910 ; infill
G1 X83.962 Y43.758 Z5.457 E1441.84696 ; infill
G1 X78.292 Y43.758 Z5.195 E1442.06497 ; infill
G1 X72.577 Y43.758 Z4.833 E1442.28473 ; infill
G1 X62.254 Y43.758 Z4.078 E1442.68164 ; infill
G1 X60.032 Y43.758 Z3.947 E1442.76707 ; infill
G1 X57.889 Y43.758 Z3.850 E1442.84948 ; infill
G1 X55.795 Y43.758 Z3.788 E1442.93002 ; infill
G1 X53.720 Y43.758 Z3.765 E1443.00978 ; infill
G1 X51.639 Y43.758 Z3.785 E1443.08982 ; infill
G1 X49.524 Y43.758 Z3.850 E1443.17114 ; infill
G1 X48.262 Y43.758 Z3.918 E1443.21966 ; infill
G1 X48.581 Y43.300 Z3.918 E1443.24111 ; infill
G1 X49.855 Y43.300 Z3.851 E1443.29012 ; infill
G1 X51.982 Y43.300 Z3.785 E1443.37190 ; infill
G1 X54.097 Y43.300 Z3.766 E1443.45323 ; infill
G1 X56.207 Y43.300 Z3.789 E1443.53437 ; infill
G1 X58.340 Y43.300 Z3.851 E1443.61635 ; infill
G1 X60.522 Y43.300 Z3.949 E1443.70028 ; infill
G1 X62.786 Y43.300 Z4.080 E1443.78733 ; infill
G1 X73.597 Y43.300 Z4.845 E1444.20301 ; infill
G1 X78.420 Y43.300 Z5.136 E1444.38848 ; infill
G1 X83.857 Y43.300 Z5.381 E1444.59753 ; infill
G1 X89.998 Y43.300 Z5.559 E1444.83366 ; infill
G1 X96.139 Y43.300 Z5.381 E1445.06979 ; infill
G1 X101.576 Y43.300 Z5.136 E1445.27884 ; infill
G1 X106.400 Y43.300 Z4.845 E1445.46431 ; infill
G1 X117.211 Y43.300 Z4.080 E1445.88001 ; infill
G1 X119.475 Y43.300 Z3.949 E1445.96706 ; infill
G1 X121.657 Y43.300 Z3.851 E1446.05098 ; infill
G1 X123.789 Y43.300 Z3.789 E1446.13296 ; infill
G1 X125.899 Y43.300 Z3.766 E1446.21410 ; infill
G1 X128.014 Y43.300 Z3.785 E1446.29542 ; infill
G1 X130.141 Y43.300 Z3.851 E1446.37720 ; infill
G1 X131.432 Y43.300 Z3.918 E1446.42684 ; infill
G1 X131.089 Y42.842 Z3.918 E1446.44884 ; infill
G1 X129.797 Y42.842 Z3.851 E1446.49854 ; infill
G1 X127.641 Y42.842 Z3.785 E1446.58144 ; infill
G1 X125.508 Y42.842 Z3.766 E1446.66344 ; infill
G1 X123.372 Y42.842 Z3.790 E1446.74559 ; infill
G1 X121.203 Y42.842 Z3.852 E1446.82895 ; infill
G1 X118.974 Y42.842 Z3.951 E1446.91470 ; infill
G1 X116.649 Y42.842 Z4.082 E1447.00408 ; infill
G1 X105.385 Y42.842 Z4.851 E1447.43718 ; infill
G1 X100.613 Y42.842 Z5.118 E1447.62067 ; infill
G1 X96.244 Y42.842 Z5.306 E1447.78868 ; infill
G1 X89.998 Y42.842 Z5.483 E1448.02883 ; infill
G1 X83.753 Y42.842 Z5.306 E1448.26897 ; infill
G1 X78.533 Y42.842 Z5.075 E1448.46967 ; infill
G1 X73.334 Y42.842 Z4.768 E1448.66959 ; infill
G1 X63.348 Y42.842 Z4.082 E1449.05356 ; infill
G1 X61.023 Y42.842 Z3.951 E1449.14294 ; infill
G1 X58.793 Y42.842 Z3.852 E1449.22869 ; infill
G1 X56.625 Y42.842 Z3.790 E1449.31205 ; infill
G1 X54.489 Y42.842 Z3.766 E1449.39420 ; infill
G1 X52.356 Y42.842 Z3.785 E1449.47621 ; infill
G1 X50.200 Y42.842 Z3.851 E1449.55911 ; infill
G1 X48.900 Y42.842 Z3.917 E1449.60911 ; infill
G1 X49.250 Y42.384 Z3.917 E1449.63128 ; infill
G1 X50.545 Y42.384 Z3.851 E1449.68107 ; infill
G1 X52.734 Y42.384 Z3.786 E1449.76523 ; infill
G1 X54.901 Y42.384 Z3.767 E1449.84858 ; infill
G1 X57.075 Y42.384 Z3.791 E1449.93215 ; infill
G1 X59.282 Y42.384 Z3.854 E1450.01702 ; infill
G1 X61.554 Y42.384 Z3.953 E1450.10438 ; infill
G1 X63.923 Y42.384 Z4.085 E1450.19548 ; infill
G1 X74.367 Y42.384 Z4.774 E1450.59705 ; infill
G1 X79.214 Y42.384 Z5.042 E1450.78342 ; infill
G1 X83.648 Y42.384 Z5.229 E1450.95391 ; infill
G1 X89.998 Y42.384 Z5.405 E1451.19809 ; infill
G1 X96.349 Y42.384 Z5.229 E1451.44227 ; infill
G1 X101.956 Y42.384 Z4.983 E1451.65787 ; infill
G1 X106.926 Y42.384 Z4.692 E1451.84899 ; infill
G1 X116.074 Y42.384 Z4.085 E1452.20072 ; infill
G1 X118.443 Y42.384 Z3.953 E1452.29182 ; infill
G1 X120.715 Y42.384 Z3.854 E1452.37917 ; infill
G1 X122.922 Y42.384 Z3.791 E1452.46404 ; infill
G1 X125.095 Y42.384 Z3.767 E1452.54761 ; infill
G1 X127.263 Y42.384 Z3.786 E1452.63096 ; infill
G1 X129.452 Y42.384 Z3.851 E1452.71512 ; infill
G1 X130.739 Y42.384 Z3.918 E1452.76461 ; infill
G1 X130.389 Y41.926 Z3.918 E1452.78677 ; infill
G1 X129.077 Y41.926 Z3.851 E1452.83720 ; infill
G1 X126.874 Y41.926 Z3.786 E1452.92193 ; infill
G1 X124.683 Y41.926 Z3.768 E1453.00618 ; infill
G1 X122.473 Y41.926 Z3.792 E1453.09117 ; infill
G1 X120.226 Y41.926 Z3.855 E1453.17755 ; infill
G1 X117.898 Y41.926 Z3.955 E1453.26706 ; infill
G1 X115.456 Y41.926 Z4.087 E1453.36096 ; infill
G1 X107.191 Y41.926 Z4.620 E1453.67875 ; infill
G1 X100.959 Y41.926 Z4.966 E1453.91839 ; infill
G1 X96.454 Y41.926 Z5.153 E1454.09162 ; infill
G1 X89.998 Y41.926 Z5.328 E1454.33984 ; infill
G1 X84.741 Y41.926 Z5.193 E1454.54196 ; infill
G1 X78.799 Y41.926 Z4.955 E1454.77047 ; infill
G1 X72.805 Y41.926 Z4.620 E1455.00093 ; infill
G1 X64.541 Y41.926 Z4.087 E1455.31869 ; infill
G1 X62.099 Y41.926 Z3.955 E1455.41259 ; infill
G1 X59.771 Y41.926 Z3.855 E1455.50211 ; infill
G1 X57.524 Y41.926 Z3.792 E1455.58849 ; infill
G1 X55.314 Y41.926 Z3.768 E1455.67348 ; infill
G1 X53.123 Y41.926 Z3.786 E1455.75774 ; infill
G1 X50.919 Y41.926 Z3.851 E1455.84246 ; infill
G1 X49.616 Y41.926 Z3.917 E1455.89257 ; infill
G1 X49.982 Y41.468 Z3.917 E1455.91511 ; infill
G1 X51.298 Y41.468 Z3.851 E1455.96570 ; infill
G1 X53.536 Y41.468 Z3.787 E1456.05174 ; infill
G1 X55.763 Y41.468 Z3.768 E1456.13738 ; infill
G1 X58.008 Y41.468 Z3.793 E1456.22369 ; infill
G1 X60.300 Y41.468 Z3.857 E1456.31184 ; infill
G1 X62.673 Y41.468 Z3.957 E1456.40309 ; infill
G1 X65.174 Y41.468 Z4.090 E1456.49925 ; infill
G1 X73.876 Y41.468 Z4.627 E1456.83385 ; infill
G1 X79.656 Y41.468 Z4.928 E1457.05607 ; infill
G1 X85.630 Y41.468 Z5.147 E1457.28578 ; infill
G1 X89.998 Y41.468 Z5.250 E1457.45376 ; infill
G1 X96.559 Y41.468 Z5.077 E1457.70602 ; infill
G1 X101.132 Y41.468 Z4.892 E1457.88186 ; infill
G1 X106.120 Y41.468 Z4.627 E1458.07366 ; infill
G1 X114.823 Y41.468 Z4.090 E1458.40829 ; infill
G1 X117.324 Y41.468 Z3.957 E1458.50445 ; infill
G1 X119.697 Y41.468 Z3.857 E1458.59569 ; infill
G1 X121.989 Y41.468 Z3.793 E1458.68383 ; infill
G1 X124.234 Y41.468 Z3.768 E1458.77014 ; infill
G1 X126.461 Y41.468 Z3.787 E1458.85578 ; infill
G1 X128.699 Y41.468 Z3.851 E1458.94182 ; infill
G1 X130.028 Y41.468 Z3.917 E1458.99295 ; infill
G1 X129.626 Y41.010 Z3.917 E1459.01638 ; infill
G1 X128.312 Y41.010 Z3.851 E1459.06692 ; infill
G1 X126.048 Y41.010 Z3.787 E1459.15398 ; infill
G1 X123.784 Y41.010 Z3.769 E1459.24101 ; infill
G1 X121.501 Y41.010 Z3.794 E1459.32882 ; infill
G1 X119.167 Y41.010 Z3.858 E1459.41856 ; infill
G1 X116.727 Y41.010 Z3.959 E1459.51239 ; infill
G1 X114.148 Y41.010 Z4.093 E1459.61155 ; infill
G1 X105.053 Y41.010 Z4.629 E1459.96125 ; infill
G1 X100.104 Y41.010 Z4.870 E1460.15156 ; infill
G1 X94.438 Y41.010 Z5.070 E1460.36940 ; infill
G1 X89.998 Y41.010 Z5.172 E1460.54012 ; infill
G1 X83.332 Y41.010 Z5.001 E1460.79643 ; infill
G1 X79.070 Y41.010 Z4.834 E1460.96030 ; infill
G1 X74.147 Y41.010 Z4.585 E1461.14962 ; infill
G1 X65.849 Y41.010 Z4.093 E1461.46867 ; infill
G1 X63.270 Y41.010 Z3.959 E1461.56783 ; infill
G1 X60.830 Y41.010 Z3.858 E1461.66167 ; infill
G1 X58.496 Y41.010 Z3.794 E1461.75141 ; infill
G1 X56.212 Y41.010 Z3.769 E1461.83921 ; infill
G1 X53.949 Y41.010 Z3.787 E1461.92625 ; infill
G1 X51.685 Y41.010 Z3.851 E1462.01331 ; infill
G1 X50.349 Y41.010 Z3.917 E1462.06469 ; infill
G1 X50.755 Y40.553 Z3.917 E1462.08822 ; infill
G1 X52.099 Y40.553 Z3.852 E1462.13991 ; infill
G1 X54.393 Y40.553 Z3.787 E1462.22810 ; infill
G1 X56.687 Y40.553 Z3.770 E1462.31634 ; infill
G1 X59.013 Y40.553 Z3.795 E1462.40577 ; infill
G1 X61.403 Y40.553 Z3.860 E1462.49765 ; infill
G1 X63.893 Y40.553 Z3.961 E1462.59339 ; infill
G1 X75.181 Y40.553 Z4.582 E1463.02744 ; infill
G1 X79.737 Y40.553 Z4.796 E1463.20260 ; infill
G1 X84.921 Y40.553 Z4.978 E1463.40193 ; infill
G1 X89.998 Y40.553 Z5.095 E1463.59717 ; infill
G1 X94.510 Y40.553 Z4.994 E1463.77064 ; infill
G1 X100.260 Y40.553 Z4.796 E1463.99173 ; infill
G1 X105.281 Y40.553 Z4.558 E1464.18479 ; infill
G1 X113.438 Y40.553 Z4.095 E1464.49844 ; infill
G1 X116.104 Y40.553 Z3.961 E1464.60097 ; infill
G1 X118.594 Y40.553 Z3.860 E1464.69670 ; infill
G1 X120.983 Y40.553 Z3.795 E1464.78858 ; infill
G1 X123.309 Y40.553 Z3.770 E1464.87801 ; infill
G1 X125.604 Y40.553 Z3.787 E1464.96624 ; infill
G1 X127.898 Y40.553 Z3.852 E1465.05443 ; infill
G1 X129.225 Y40.553 Z3.917 E1465.10546 ; infill
G1 X128.823 Y40.095 Z3.917 E1465.12888 ; infill
G1 X127.483 Y40.095 Z3.852 E1465.18039 ; infill
G1 X125.154 Y40.095 Z3.788 E1465.26995 ; infill
G1 X122.821 Y40.095 Z3.770 E1465.35965 ; infill
G1 X120.454 Y40.095 Z3.796 E1465.45066 ; infill
G1 X118.017 Y40.095 Z3.861 E1465.54436 ; infill
G1 X115.444 Y40.095 Z3.963 E1465.64329 ; infill
G1 X104.195 Y40.095 Z4.554 E1466.07584 ; infill
G1 X100.417 Y40.095 Z4.723 E1466.22112 ; infill
G1 X94.582 Y40.095 Z4.919 E1466.44548 ; infill
G1 X89.998 Y40.095 Z5.018 E1466.62171 ; infill
G1 X85.415 Y40.095 Z4.919 E1466.79795 ; infill
G1 X79.371 Y40.095 Z4.715 E1467.03034 ; infill
G1 X75.802 Y40.095 Z4.554 E1467.16758 ; infill
G1 X64.553 Y40.095 Z3.963 E1467.60011 ; infill
G1 X61.980 Y40.095 Z3.861 E1467.69905 ; infill
G1 X59.543 Y40.095 Z3.796 E1467.79275 ; infill
G1 X57.176 Y40.095 Z3.770 E1467.88376 ; infill
G1 X54.843 Y40.095 Z3.788 E1467.97347 ; infill
G1 X52.514 Y40.095 Z3.852 E1468.06303 ; infill
G1 X51.171 Y40.095 Z3.917 E1468.11465 ; infill
G1 X51.588 Y39.637 Z3.917 E1468.13845 ; infill
G1 X52.952 Y39.637 Z3.852 E1468.19089 ; infill
G1 X55.309 Y39.637 Z3.788 E1468.28154 ; infill
G1 X57.681 Y39.637 Z3.771 E1468.37274 ; infill
G1 X60.100 Y39.637 Z3.797 E1468.46575 ; infill
G1 X62.602 Y39.637 Z3.863 E1468.56195 ; infill
G1 X65.231 Y39.637 Z3.965 E1468.66304 ; infill
G1 X74.257 Y39.637 Z4.422 E1469.01010 ; infill
G1 X79.422 Y39.637 Z4.652 E1469.20870 ; infill
G1 X85.343 Y39.637 Z4.843 E1469.43636 ; infill
G1 X89.998 Y39.637 Z4.941 E1469.61536 ; infill
G1 X94.653 Y39.637 Z4.843 E1469.79436 ; infill
G1 X100.574 Y39.637 Z4.652 E1470.02201 ; infill
G1 X105.739 Y39.637 Z4.422 E1470.22062 ; infill
G1 X114.766 Y39.637 Z3.965 E1470.56770 ; infill
G1 X117.395 Y39.637 Z3.863 E1470.66879 ; infill
G1 X119.897 Y39.637 Z3.797 E1470.76498 ; infill
G1 X122.316 Y39.637 Z3.771 E1470.85799 ; infill
G1 X124.688 Y39.637 Z3.788 E1470.94919 ; infill
G1 X127.045 Y39.637 Z3.852 E1471.03983 ; infill
G1 X128.421 Y39.637 Z3.917 E1471.09274 ; infill
G1 X127.962 Y39.179 Z3.916 E1471.11765 ; infill
G1 X126.593 Y39.179 Z3.852 E1471.17029 ; infill
G1 X124.198 Y39.179 Z3.789 E1471.26238 ; infill
G1 X121.786 Y39.179 Z3.772 E1471.35515 ; infill
G1 X119.323 Y39.179 Z3.798 E1471.44985 ; infill
G1 X116.760 Y39.179 Z3.864 E1471.54838 ; infill
G1 X114.031 Y39.179 Z3.968 E1471.65333 ; infill
G1 X104.618 Y39.179 Z4.419 E1472.01527 ; infill
G1 X99.477 Y39.179 Z4.628 E1472.21293 ; infill
G1 X94.725 Y39.179 Z4.769 E1472.39563 ; infill
G1 X89.998 Y39.179 Z4.864 E1472.57740 ; infill
G1 X85.271 Y39.179 Z4.769 E1472.75917 ; infill
G1 X80.519 Y39.179 Z4.628 E1472.94187 ; infill
G1 X75.379 Y39.179 Z4.419 E1473.13953 ; infill
G1 X65.966 Y39.179 Z3.968 E1473.50146 ; infill
G1 X63.237 Y39.179 Z3.864 E1473.60641 ; infill
G1 X60.674 Y39.179 Z3.798 E1473.70494 ; infill
G1 X58.211 Y39.179 Z3.772 E1473.79964 ; infill
G1 X55.798 Y39.179 Z3.789 E1473.89241 ; infill
G1 X53.403 Y39.179 Z3.852 E1473.98450 ; infill
G1 X52.009 Y39.179 Z3.917 E1474.03812 ; infill
G1 X52.482 Y38.721 Z3.916 E1474.06342 ; infill
G1 X53.861 Y38.721 Z3.852 E1474.11645 ; infill
G1 X56.292 Y38.721 Z3.789 E1474.20991 ; infill
G1 X58.752 Y38.721 Z3.773 E1474.30453 ; infill
G1 X61.279 Y38.721 Z3.799 E1474.40168 ; infill
G1 X63.913 Y38.721 Z3.866 E1474.50294 ; infill
G1 X66.734 Y38.721 Z3.970 E1474.61143 ; infill
G1 X76.505 Y38.721 Z4.412 E1474.98711 ; infill
G1 X80.885 Y38.721 Z4.574 E1475.15556 ; infill
G1 X85.198 Y38.721 Z4.697 E1475.32139 ; infill
G1 X89.998 Y38.721 Z4.786 E1475.50596 ; infill
G1 X94.798 Y38.721 Z4.697 E1475.69052 ; infill
G1 X99.617 Y38.721 Z4.557 E1475.87582 ; infill
G1 X104.830 Y38.721 Z4.355 E1476.07626 ; infill
G1 X113.263 Y38.721 Z3.970 E1476.40050 ; infill
G1 X116.084 Y38.721 Z3.866 E1476.50898 ; infill
G1 X118.718 Y38.721 Z3.799 E1476.61025 ; infill
G1 X121.244 Y38.721 Z3.773 E1476.70740 ; infill
G1 X123.705 Y38.721 Z3.789 E1476.80202 ; infill
G1 X126.136 Y38.721 Z3.852 E1476.89547 ; infill
G1 X127.496 Y38.721 Z3.916 E1476.94777 ; infill
G1 X127.029 Y38.263 Z3.916 E1476.97291 ; infill
G1 X125.645 Y38.263 Z3.853 E1477.02614 ; infill
G1 X123.174 Y38.263 Z3.790 E1477.12114 ; infill
G1 X120.670 Y38.263 Z3.773 E1477.21744 ; infill
G1 X118.095 Y38.263 Z3.800 E1477.31644 ; infill
G1 X115.377 Y38.263 Z3.868 E1477.42093 ; infill
G1 X112.458 Y38.263 Z3.972 E1477.53318 ; infill
G1 X103.687 Y38.263 Z4.347 E1477.87045 ; infill
G1 X99.759 Y38.263 Z4.489 E1478.02148 ; infill
G1 X94.871 Y38.263 Z4.625 E1478.20943 ; infill
G1 X89.998 Y38.263 Z4.713 E1478.39678 ; infill
G1 X85.126 Y38.263 Z4.625 E1478.58414 ; infill
G1 X80.013 Y38.263 Z4.482 E1478.78072 ; infill
G1 X76.310 Y38.263 Z4.347 E1478.92311 ; infill
G1 X67.539 Y38.263 Z3.972 E1479.26036 ; infill
G1 X64.620 Y38.263 Z3.868 E1479.37262 ; infill
G1 X61.902 Y38.263 Z3.800 E1479.47711 ; infill
G1 X59.327 Y38.263 Z3.773 E1479.57611 ; infill
G1 X56.823 Y38.263 Z3.790 E1479.67241 ; infill
G1 X54.352 Y38.263 Z3.853 E1479.76742 ; infill
G1 X52.955 Y38.263 Z3.916 E1479.82113 ; infill
G1 X53.428 Y37.806 Z3.916 E1479.84644 ; infill
G1 X54.843 Y37.806 Z3.853 E1479.90084 ; infill
G1 X57.354 Y37.806 Z3.790 E1479.99739 ; infill
G1 X59.912 Y37.806 Z3.774 E1480.09575 ; infill
G1 X62.565 Y37.806 Z3.802 E1480.19778 ; infill
G1 X65.356 Y37.806 Z3.870 E1480.30509 ; infill
G1 X80.096 Y37.806 Z4.425 E1480.87183 ; infill
G1 X85.053 Y37.806 Z4.553 E1481.06245 ; infill
G1 X89.998 Y37.806 Z4.641 E1481.25260 ; infill
G1 X94.944 Y37.806 Z4.553 E1481.44275 ; infill
G1 X99.901 Y37.806 Z4.425 E1481.63337 ; infill
G1 X105.258 Y37.806 Z4.232 E1481.83937 ; infill
G1 X111.577 Y37.806 Z3.975 E1482.08232 ; infill
G1 X114.641 Y37.806 Z3.870 E1482.20013 ; infill
G1 X117.432 Y37.806 Z3.802 E1482.30744 ; infill
G1 X120.085 Y37.806 Z3.774 E1482.40947 ; infill
G1 X122.643 Y37.806 Z3.790 E1482.50783 ; infill
G1 X125.154 Y37.806 Z3.853 E1482.60437 ; infill
G1 X126.563 Y37.806 Z3.916 E1482.65854 ; infill
G1 X126.071 Y37.348 Z3.916 E1482.68437 ; infill
G1 X124.632 Y37.348 Z3.853 E1482.73972 ; infill
G1 X122.073 Y37.348 Z3.791 E1482.83810 ; infill
G1 X119.461 Y37.348 Z3.775 E1482.93853 ; infill
G1 X116.754 Y37.348 Z3.803 E1483.04260 ; infill
G1 X113.843 Y37.348 Z3.872 E1483.15455 ; infill
G1 X104.080 Y37.348 Z4.227 E1483.52996 ; infill
G1 X97.518 Y37.348 Z4.430 E1483.78225 ; infill
G1 X89.998 Y37.348 Z4.570 E1484.07140 ; infill
G1 X84.979 Y37.348 Z4.486 E1484.26438 ; infill
G1 X79.953 Y37.348 Z4.360 E1484.45764 ; infill
G1 X75.917 Y37.348 Z4.227 E1484.61284 ; infill
G1 X69.361 Y37.348 Z3.978 E1484.86490 ; infill
G1 X66.154 Y37.348 Z3.872 E1484.98823 ; infill
G1 X63.242 Y37.348 Z3.803 E1485.10018 ; infill
G1 X60.536 Y37.348 Z3.775 E1485.20426 ; infill
G1 X57.924 Y37.348 Z3.791 E1485.30469 ; infill
G1 X55.365 Y37.348 Z3.853 E1485.40307 ; infill
G1 X53.919 Y37.348 Z3.916 E1485.45869 ; infill
G1 X54.455 Y36.890 Z3.916 E1485.48581 ; infill
G1 X55.898 Y36.890 Z3.853 E1485.54128 ; infill
G1 X58.500 Y36.890 Z3.791 E1485.64133 ; infill
G1 X61.173 Y36.890 Z3.776 E1485.74412 ; infill
G1 X63.979 Y36.890 Z3.804 E1485.85199 ; infill
G1 X66.990 Y36.890 Z3.874 E1485.96777 ; infill
G1 X77.109 Y36.890 Z4.217 E1486.35686 ; infill
G1 X82.370 Y36.890 Z4.365 E1486.55915 ; infill
G1 X89.998 Y36.890 Z4.498 E1486.85247 ; infill
G1 X97.627 Y36.890 Z4.365 E1487.14579 ; infill
G1 X102.892 Y36.890 Z4.217 E1487.34826 ; infill
G1 X113.007 Y36.890 Z3.874 E1487.73719 ; infill
G1 X116.018 Y36.890 Z3.804 E1487.85296 ; infill
G1 X118.824 Y36.890 Z3.776 E1487.96083 ; infill
G1 X121.497 Y36.890 Z3.791 E1488.06361 ; infill
G1 X124.099 Y36.890 Z3.853 E1488.16366 ; infill
G1 X125.538 Y36.890 Z3.916 E1488.21899 ; infill
G1 X125.004 Y36.432 Z3.915 E1488.24601 ; infill
G1 X123.545 Y36.432 Z3.853 E1488.30212 ; infill
G1 X120.884 Y36.432 Z3.792 E1488.40445 ; infill
G1 X118.145 Y36.432 Z3.777 E1488.50977 ; infill
G1 X115.260 Y36.432 Z3.806 E1488.62070 ; infill
G1 X112.122 Y36.432 Z3.876 E1488.74134 ; infill
G1 X100.330 Y36.432 Z4.240 E1489.19475 ; infill
G1 X95.164 Y36.432 Z4.355 E1489.39339 ; infill
G1 X89.998 Y36.432 Z4.426 E1489.59203 ; infill
G1 X84.832 Y36.432 Z4.355 E1489.79067 ; infill
G1 X79.666 Y36.432 Z4.240 E1489.98931 ; infill
G1 X67.875 Y36.432 Z3.876 E1490.44270 ; infill
G1 X64.737 Y36.432 Z3.806 E1490.56334 ; infill
G1 X61.852 Y36.432 Z3.777 E1490.67428 ; infill
G1 X59.113 Y36.432 Z3.791 E1490.77960 ; infill
G1 X56.451 Y36.432 Z3.853 E1490.88194 ; infill
G1 X54.992 Y36.432 Z3.916 E1490.93806 ; infill
G1 X55.528 Y35.974 Z3.916 E1490.96518 ; infill
G1 X57.030 Y35.974 Z3.854 E1491.02291 ; infill
G1 X59.739 Y35.974 Z3.792 E1491.12708 ; infill
G1 X62.556 Y35.974 Z3.778 E1491.23539 ; infill
G1 X65.545 Y35.974 Z3.807 E1491.35035 ; infill
G1 X68.850 Y35.974 Z3.878 E1491.47741 ; infill
G1 X76.403 Y35.974 Z4.099 E1491.76784 ; infill
G1 X82.151 Y35.974 Z4.244 E1491.98886 ; infill
G1 X89.998 Y35.974 Z4.365 E1492.29059 ; infill
G1 X97.845 Y35.974 Z4.244 E1492.59231 ; infill
G1 X103.254 Y35.974 Z4.108 E1492.80028 ; infill
G1 X111.147 Y35.974 Z3.878 E1493.10379 ; infill
G1 X114.452 Y35.974 Z3.807 E1493.23084 ; infill
G1 X117.441 Y35.974 Z3.778 E1493.34579 ; infill
G1 X120.258 Y35.974 Z3.792 E1493.45411 ; infill
G1 X122.967 Y35.974 Z3.854 E1493.55827 ; infill
G1 X124.471 Y35.974 Z3.916 E1493.61610 ; infill
G1 X123.873 Y35.516 Z3.915 E1493.64508 ; infill
G1 X122.376 Y35.516 Z3.854 E1493.70262 ; infill
G1 X119.593 Y35.516 Z3.793 E1493.80965 ; infill
G1 X116.701 Y35.516 Z3.778 E1493.92084 ; infill
G1 X113.585 Y35.516 Z3.809 E1494.04066 ; infill
G1 X110.097 Y35.516 Z3.880 E1494.17476 ; infill
G1 X97.955 Y35.516 Z4.187 E1494.64162 ; infill
G1 X89.998 Y35.516 Z4.305 E1494.94757 ; infill
G1 X82.041 Y35.516 Z4.187 E1495.25353 ; infill
G1 X69.900 Y35.516 Z3.880 E1495.72036 ; infill
G1 X66.412 Y35.516 Z3.809 E1495.85447 ; infill
G1 X63.296 Y35.516 Z3.778 E1495.97429 ; infill
G1 X60.404 Y35.516 Z3.793 E1496.08549 ; infill
G1 X57.621 Y35.516 Z3.854 E1496.19252 ; infill
G1 X56.117 Y35.516 Z3.915 E1496.25035 ; infill
G1 X56.725 Y35.058 Z3.915 E1496.27961 ; infill
G1 X58.249 Y35.058 Z3.854 E1496.33820 ; infill
G1 X61.085 Y35.058 Z3.793 E1496.44727 ; infill
G1 X64.084 Y35.058 Z3.779 E1496.56259 ; infill
G1 X67.328 Y35.058 Z3.810 E1496.68730 ; infill
G1 X81.505 Y35.058 Z4.125 E1497.23244 ; infill
G1 X89.998 Y35.058 Z4.244 E1497.55900 ; infill
G1 X98.066 Y35.058 Z4.133 E1497.86921 ; infill
G1 X112.669 Y35.058 Z3.810 E1498.43073 ; infill
G1 X115.913 Y35.058 Z3.779 E1498.55543 ; infill
G1 X118.912 Y35.058 Z3.793 E1498.67075 ; infill
G1 X121.748 Y35.058 Z3.854 E1498.77981 ; infill
G1 X123.267 Y35.058 Z3.915 E1498.83822 ; infill
G1 X122.661 Y34.601 Z3.915 E1498.86741 ; infill
G1 X121.110 Y34.601 Z3.854 E1498.92705 ; infill
G1 X118.180 Y34.601 Z3.794 E1499.03973 ; infill
G1 X115.096 Y34.601 Z3.780 E1499.15829 ; infill
G1 X111.687 Y34.601 Z3.812 E1499.28938 ; infill
G1 X98.178 Y34.601 Z4.085 E1499.80882 ; infill
G1 X89.998 Y34.601 Z4.183 E1500.12333 ; infill
G1 X81.819 Y34.601 Z4.085 E1500.43785 ; infill
G1 X68.310 Y34.601 Z3.812 E1500.95727 ; infill
G1 X64.900 Y34.601 Z3.780 E1501.08837 ; infill
G1 X61.817 Y34.601 Z3.794 E1501.20692 ; infill
G1 X58.886 Y34.601 Z3.854 E1501.31961 ; infill
G1 X57.332 Y34.601 Z3.915 E1501.37936 ; infill
G1 X57.976 Y34.143 Z3.914 E1501.40974 ; infill
G1 X59.570 Y34.143 Z3.855 E1501.47101 ; infill
G1 X62.563 Y34.143 Z3.794 E1501.58609 ; infill
G1 X65.793 Y34.143 Z3.781 E1501.71030 ; infill
G1 X69.396 Y34.143 Z3.814 E1501.84883 ; infill
G1 X82.414 Y34.143 Z4.048 E1502.34938 ; infill
G1 X89.998 Y34.143 Z4.128 E1502.64101 ; infill
G1 X95.540 Y34.143 Z4.077 E1502.85408 ; infill
G1 X110.601 Y34.143 Z3.814 E1503.43321 ; infill
G1 X114.204 Y34.143 Z3.781 E1503.57172 ; infill
G1 X117.434 Y34.143 Z3.794 E1503.69593 ; infill
G1 X120.427 Y34.143 Z3.855 E1503.81101 ; infill
G1 X122.024 Y34.143 Z3.914 E1503.87242 ; infill
G1 X121.330 Y33.685 Z3.914 E1503.90438 ; infill
G1 X119.730 Y33.685 Z3.855 E1503.96590 ; infill
G1 X116.620 Y33.685 Z3.795 E1504.08550 ; infill
G1 X113.257 Y33.685 Z3.783 E1504.21480 ; infill
G1 X109.416 Y33.685 Z3.816 E1504.36250 ; infill
G1 X98.402 Y33.685 Z3.994 E1504.78598 ; infill
G1 X89.998 Y33.685 Z4.083 E1505.10912 ; infill
G1 X81.594 Y33.685 Z3.994 E1505.43227 ; infill
G1 X70.581 Y33.685 Z3.816 E1505.85572 ; infill
G1 X66.740 Y33.685 Z3.783 E1506.00343 ; infill
G1 X63.377 Y33.685 Z3.795 E1506.13273 ; infill
G1 X60.266 Y33.685 Z3.855 E1506.25233 ; infill
G1 X58.668 Y33.685 Z3.914 E1506.31379 ; infill
G1 X59.360 Y33.227 Z3.914 E1506.34569 ; infill
G1 X61.013 Y33.227 Z3.855 E1506.40923 ; infill
G1 X64.222 Y33.227 Z3.795 E1506.53264 ; infill
G1 X67.749 Y33.227 Z3.784 E1506.66824 ; infill
G1 X71.897 Y33.227 Z3.818 E1506.82774 ; infill
G1 X81.480 Y33.227 Z3.957 E1507.19624 ; infill
G1 X89.998 Y33.227 Z4.038 E1507.52376 ; infill
G1 X98.516 Y33.227 Z3.957 E1507.85128 ; infill
G1 X108.100 Y33.227 Z3.818 E1508.21980 ; infill
G1 X112.248 Y33.227 Z3.784 E1508.37930 ; infill
G1 X115.775 Y33.227 Z3.795 E1508.51489 ; infill
G1 X118.984 Y33.227 Z3.855 E1508.63829 ; infill
G1 X120.636 Y33.227 Z3.914 E1508.70182 ; infill
G1 X119.906 Y32.769 Z3.914 E1508.73497 ; infill
G1 X118.212 Y32.769 Z3.855 E1508.80010 ; infill
G1 X114.878 Y32.769 Z3.796 E1508.92828 ; infill
G1 X111.150 Y32.769 Z3.785 E1509.07162 ; infill
G1 X106.614 Y32.769 Z3.820 E1509.24604 ; infill
G1 X95.770 Y32.769 Z3.951 E1509.66302 ; infill
G1 X89.998 Y32.769 Z3.994 E1509.88494 ; infill
G1 X84.227 Y32.769 Z3.951 E1510.10686 ; infill
G1 X73.383 Y32.769 Z3.820 E1510.52381 ; infill
G1 X68.847 Y32.769 Z3.785 E1510.69824 ; infill
G1 X65.118 Y32.769 Z3.796 E1510.84159 ; infill
G1 X61.785 Y32.769 Z3.855 E1510.96977 ; infill
G1 X60.094 Y32.769 Z3.914 E1511.03480 ; infill
G1 X60.891 Y32.311 Z3.913 E1511.07017 ; infill
G1 X62.602 Y32.311 Z3.856 E1511.13596 ; infill
G1 X66.094 Y32.311 Z3.797 E1511.27022 ; infill
G1 X70.067 Y32.311 Z3.786 E1511.42300 ; infill
G1 X89.998 Y32.311 Z3.949 E1512.18935 ; infill
G1 X109.930 Y32.311 Z3.786 E1512.95573 ; infill
G1 X113.903 Y32.311 Z3.797 E1513.10850 ; infill
G1 X117.394 Y32.311 Z3.856 E1513.24276 ; infill
G1 X119.115 Y32.311 Z3.913 E1513.30892 ; infill
G1 X118.324 Y31.854 Z3.913 E1513.34408 ; infill
G1 X116.523 Y31.854 Z3.856 E1513.41332 ; infill
G1 X112.865 Y31.854 Z3.797 E1513.55399 ; infill
G1 X108.577 Y31.854 Z3.788 E1513.71887 ; infill
G1 X89.998 Y31.854 Z3.918 E1514.43322 ; infill
G1 X71.420 Y31.854 Z3.788 E1515.14755 ; infill
G1 X68.365 Y31.854 Z3.794 E1515.26502 ; infill
G1 X63.474 Y31.854 Z3.856 E1515.45311 ; infill
G1 X61.689 Y31.854 Z3.913 E1515.52173 ; infill
G1 X62.142 Y31.593 Z3.913 E1515.54182 ; infill
G1 X62.547 Y31.396 Z3.913 E1515.55912 ; infill
G1 X64.379 Y31.396 Z3.856 E1515.62960 ; infill
G1 X68.251 Y31.396 Z3.798 E1515.77846 ; infill
G1 X72.948 Y31.396 Z3.789 E1515.95906 ; infill
G1 X89.998 Y31.396 Z3.894 E1516.61466 ; infill
G1 X107.049 Y31.396 Z3.789 E1517.27030 ; infill
G1 X111.746 Y31.396 Z3.798 E1517.45088 ; infill
G1 X115.617 Y31.396 Z3.856 E1517.59974 ; infill
G1 X117.442 Y31.396 Z3.913 E1517.66992 ; infill
G1 X116.535 Y30.938 Z3.913 E1517.70899 ; infill
G1 X114.621 Y30.938 Z3.857 E1517.78259 ; infill
G1 X110.509 Y30.938 Z3.799 E1517.94069 ; infill
G1 X105.283 Y30.938 Z3.791 E1518.14163 ; infill
G1 X89.998 Y30.938 Z3.869 E1518.72936 ; infill
G1 X74.714 Y30.938 Z3.791 E1519.31707 ; infill
G1 X69.488 Y30.938 Z3.799 E1519.51801 ; infill
G1 X65.376 Y30.938 Z3.857 E1519.67612 ; infill
G1 X63.482 Y30.938 Z3.912 E1519.74892 ; infill
G1 X64.418 Y30.480 Z3.912 E1519.78897 ; infill
G1 X66.438 Y30.480 Z3.857 E1519.86666 ; infill
G1 X70.872 Y30.480 Z3.800 E1520.03713 ; infill
G1 X76.885 Y30.480 Z3.793 E1520.26833 ; infill
G1 X89.998 Y30.480 Z3.845 E1520.77255 ; infill
G1 X103.113 Y30.480 Z3.793 E1521.27681 ; infill
G1 X109.125 Y30.480 Z3.800 E1521.50799 ; infill
G1 X113.558 Y30.480 Z3.857 E1521.67846 ; infill
G1 X115.568 Y30.480 Z3.912 E1521.75573 ; infill
G1 X114.512 Y30.022 Z3.912 E1521.79998 ; infill
G1 X112.416 Y30.022 Z3.857 E1521.88058 ; infill
G1 X107.566 Y30.022 Z3.801 E1522.06709 ; infill
G1 X101.890 Y30.022 Z3.796 E1522.28530 ; infill
G1 X89.998 Y30.022 Z3.820 E1522.74257 ; infill
G1 X79.743 Y30.022 Z3.796 E1523.13691 ; infill
G1 X72.431 Y30.022 Z3.801 E1523.41803 ; infill
G1 X67.581 Y30.022 Z3.857 E1523.60455 ; infill
G1 X65.499 Y30.022 Z3.911 E1523.68459 ; infill
G1 X66.611 Y29.564 Z3.911 E1523.73083 ; infill
G1 X68.828 Y29.564 Z3.858 E1523.81610 ; infill
G1 X74.062 Y29.564 Z3.804 E1524.01735 ; infill
G1 X80.545 Y29.564 Z3.799 E1524.26661 ; infill
G1 X89.998 Y29.564 Z3.819 E1524.63010 ; infill
G1 X105.748 Y29.564 Z3.802 E1525.23569 ; infill
G1 X111.169 Y29.564 Z3.858 E1525.44411 ; infill
G1 X113.397 Y29.564 Z3.911 E1525.52980 ; infill
G1 X112.137 Y29.106 Z3.911 E1525.58133 ; infill
G1 X109.767 Y29.106 Z3.858 E1525.67248 ; infill
G1 X105.639 Y29.106 Z3.819 E1525.83120 ; infill
G1 X98.062 Y29.106 Z3.802 E1526.12254 ; infill
G1 X89.998 Y29.106 Z3.818 E1526.43260 ; infill
G1 X76.459 Y29.106 Z3.803 E1526.95317 ; infill
G1 X70.230 Y29.106 Z3.858 E1527.19270 ; infill
G1 X67.855 Y29.106 Z3.910 E1527.28401 ; infill
G1 X69.198 Y28.649 Z3.910 E1527.33854 ; infill
G1 X71.883 Y28.649 Z3.858 E1527.44181 ; infill
G1 X79.384 Y28.649 Z3.805 E1527.73019 ; infill
G1 X97.300 Y28.649 Z3.805 E1528.41908 ; infill
G1 X105.376 Y28.649 Z3.834 E1528.72961 ; infill
G1 X108.187 Y28.649 Z3.859 E1528.83769 ; infill
G1 X110.802 Y28.649 Z3.911 E1528.93826 ; infill
G1 X109.261 Y28.191 Z3.910 E1529.00005 ; infill
G1 X106.348 Y28.191 Z3.859 E1529.11208 ; infill
G1 X99.816 Y28.191 Z3.819 E1529.36324 ; infill
G1 X83.715 Y28.191 Z3.808 E1529.98235 ; infill
G1 X75.184 Y28.191 Z3.847 E1530.31035 ; infill
G1 X70.707 Y28.191 Z3.911 E1530.48252 ; infill
G1 X71.318 Y28.015 Z3.911 E1530.50699 ; infill
G1 X72.448 Y27.733 Z3.910 E1530.55174 ; infill
G1 X76.742 Y27.733 Z3.854 E1530.71685 ; infill
G1 X89.865 Y27.733 Z3.817 E1531.22145 ; infill
G1 X101.004 Y27.733 Z3.842 E1531.64975 ; infill
G1 X104.126 Y27.733 Z3.860 E1531.76980 ; infill
G1 X107.505 Y27.733 Z3.910 E1531.89972 ; infill
G1 X105.895 Y27.353 Z3.910 E1531.96334 ; infill
G1 X105.475 Y27.275 Z3.909 E1531.97977 ; infill
G1 X100.063 Y27.275 Z3.855 E1532.18786 ; infill
G1 X88.507 Y27.275 Z3.836 E1532.63217 ; infill
G1 X78.805 Y27.275 Z3.861 E1533.00525 ; infill
G1 X74.492 Y27.275 Z3.910 E1533.17109 ; infill
G1 X76.515 Y26.900 Z3.910 E1533.25021 ; infill
G1 X77.059 Y26.817 Z3.910 E1533.27139 ; infill
G1 X83.011 Y26.817 Z3.862 E1533.50023 ; infill
G1 X92.846 Y26.817 Z3.854 E1533.87842 ; infill
G1 X96.987 Y26.817 Z3.862 E1534.03762 ; infill
G1 X102.926 Y26.817 Z3.910 E1534.26598 ; infill
G1 X99.933 Y26.412 Z3.910 E1534.38213 ; infill
G1 X99.350 Y26.359 Z3.910 E1534.40461 ; infill
G1 X93.429 Y26.359 Z3.881 E1534.63227 ; infill
G1 X87.292 Y26.359 Z3.879 E1534.86824 ; infill
G1 X80.587 Y26.359 Z3.910 E1535.12606 ; infill
G1 X82.214 Y26.204 Z3.910 E1535.18890 ; infill
G1 X84.266 Y26.061 Z3.910 E1535.26799 ; infill
G1 X87.066 Y25.941 Z3.909 E1535.37573 ; infill
G1 X90.008 Y25.901 Z3.914 E1535.48889 ; infill

G1 Z7.600 F7800.000 ; move to next layer (37)
G1 Z7.600 F7800.000 ; Move up before moving
G1 X42.361 Y64.030 F7800.000 ; move to first perimeter point
G1 X80.826 Y65.662 F7800.000 ; move to first perimeter point
G1 X90.002 Y69.504 F7800.000 ; move to first perimeter point
G1 X90.002 Y112.551 F7800.000 ; move to first perimeter point
G1 X82.290 Y125.773 F7800.000 ; move to first perimeter point
G1 X79.209 Y132.112 F7800.000 ; move to first perimeter point
G1 X80.957 Y134.911 F7800.000 ; move to first perimeter point
G1 X85.050 Y140.106 F7800.000 ; move to first perimeter point
G1 X84.902 Y153.436 F7800.000 ; move to first perimeter point
G1 X84.528 Y153.806 F7800.000 ; move to first perimeter point
G1 X84.152 Y154.556 F7800.000 ; move to first perimeter point
G1 Z4.214 F7800.000 ; Move down after moving

G1 F1800
G1 X84.152 Y154.175 Z4.243 E779.91692 ; perimeter
G1 X81.740 Y154.175 Z4.243 E780.04421 ; perimeter
G1 X79.944 Y154.131 Z4.239 E780.13899 ; perimeter
G1 X78.151 Y154.000 Z4.235 E780.23388 ; perimeter
G1 X76.317 Y153.785 Z4.232 E780.33129 ; perimeter
G1 X74.427 Y153.489 Z4.228 E780.43223 ; perimeter
G1 X72.448 Y153.101 Z4.225 E780.53868 ; perimeter
G1 X70.471 Y152.611 Z4.222 E780.64615 ; perimeter
G1 X68.385 Y151.935 Z4.219 E780.76186 ; perimeter
G1 X67.366 Y151.527 Z4.217 E780.81975 ; perimeter
G1 X66.376 Y151.068 Z4.215 E780.87735 ; perimeter
G1 X65.248 Y150.458 Z4.214 E780.94502 ; perimeter
G1 X64.153 Y149.768 Z4.212 E781.01331 ; perimeter
G1 X63.103 Y149.005 Z4.210 E781.08180 ; perimeter
G1 X62.117 Y148.182 Z4.208 E781.14958 ; perimeter
G1 X61.386 Y147.495 Z4.206 E781.20249 ; perimeter
G1 X60.701 Y146.781 Z4.204 E781.25471 ; perimeter
G1 X59.452 Y145.261 Z4.201 E781.35854 ; perimeter
G1 X59.036 Y144.677 Z4.200 E781.39639 ; perimeter
G1 X58.616 Y144.033 Z4.198 E781.43696 ; perimeter
G1 X58.130 Y143.194 Z4.196 E781.48809 ; perimeter
G1 X57.801 Y142.551 Z4.195 E781.52622 ; perimeter
G1 X57.525 Y141.954 Z4.194 E781.56093 ; perimeter
G1 X57.213 Y141.188 Z4.193 E781.60455 ; perimeter
G1 X56.912 Y140.331 Z4.191 E781.65251 ; perimeter
G1 X56.640 Y139.400 Z4.189 E781.70369 ; perimeter
G1 X56.404 Y138.389 Z4.187 E781.75843 ; perimeter
G1 X56.208 Y137.250 Z4.185 E781.81942 ; perimeter
G1 X56.080 Y136.091 Z4.183 E781.88099 ; perimeter
G1 X56.021 Y134.919 Z4.182 E781.94290 ; perimeter
G1 X56.032 Y133.742 Z4.180 E782.00500 ; perimeter
G1 X56.198 Y131.906 Z4.176 E782.10228 ; perimeter
G1 X56.491 Y130.264 Z4.174 E782.19028 ; perimeter
G1 X56.718 Y129.345 Z4.169 E782.24026 ; perimeter
G1 X57.268 Y127.607 Z4.168 E782.33644 ; perimeter
G1 X57.891 Y126.030 Z4.167 E782.42593 ; perimeter
G1 X58.964 Y123.697 Z4.166 E782.56140 ; perimeter
G1 X60.769 Y119.979 Z4.165 E782.77952 ; perimeter
G1 X61.936 Y117.483 Z4.165 E782.92489 ; perimeter
G1 X62.722 Y115.689 Z4.164 E783.02823 ; perimeter
G1 X62.896 Y115.252 Z4.164 E783.05304 ; perimeter
G1 X63.223 Y114.314 Z4.164 E783.10549 ; perimeter
G1 X63.488 Y113.283 Z4.165 E783.16163 ; perimeter
G1 X63.663 Y112.193 Z4.165 E783.21991 ; perimeter
G1 X63.780 Y110.764 Z4.164 E783.29555 ; perimeter
G1 X63.761 Y109.301 Z4.164 E783.37276 ; perimeter
G1 X63.715 Y108.825 Z4.164 E783.39801 ; perimeter
G1 X63.602 Y108.098 Z4.164 E783.43681 ; perimeter
G1 X63.439 Y107.435 Z4.163 E783.47284 ; perimeter
G1 X63.218 Y106.791 Z4.162 E783.50878 ; perimeter
G1 X62.904 Y106.105 Z4.160 E783.54859 ; perimeter
G1 X62.508 Y105.412 Z4.159 E783.59072 ; perimeter
G1 X62.022 Y104.692 Z4.158 E783.63655 ; perimeter
G1 X61.442 Y103.924 Z4.158 E783.68732 ; perimeter
G1 X60.424 Y102.683 Z4.158 E783.77203 ; perimeter
G1 X54.639 Y95.951 Z4.157 E784.24037 ; perimeter
G1 X52.767 Y93.739 Z4.155 E784.39328 ; perimeter
G1 X51.400 Y92.072 Z4.153 E784.50704 ; perimeter
G1 X49.650 Y89.809 Z4.152 E784.65801 ; perimeter
G1 X48.604 Y88.345 Z4.152 E784.75296 ; perimeter
G1 X47.735 Y87.026 Z4.152 E784.83631 ; perimeter
G1 X46.927 Y85.695 Z4.152 E784.91846 ; perimeter
G1 X46.172 Y84.330 Z4.152 E785.00078 ; perimeter
G1 X45.465 Y82.924 Z4.151 E785.08381 ; perimeter
G1 X44.821 Y81.498 Z4.151 E785.16640 ; perimeter
G1 X44.157 Y79.840 Z4.151 E785.26061 ; perimeter
G1 X43.580 Y78.184 Z4.151 E785.35319 ; perimeter
G1 X43.069 Y76.473 Z4.150 E785.44738 ; perimeter
G1 X42.693 Y75.014 Z4.150 E785.52689 ; perimeter
G1 X42.366 Y73.507 Z4.149 E785.60825 ; perimeter
G1 X42.113 Y72.103 Z4.148 E785.68354 ; perimeter
G1 X41.927 Y70.834 Z4.148 E785.75121 ; perimeter
G1 X41.782 Y69.577 Z4.147 E785.81797 ; perimeter
G1 X41.690 Y68.512 Z4.147 E785.87439 ; perimeter
G1 X41.587 Y66.218 Z4.147 E785.99554 ; perimeter
G1 X41.616 Y63.888 Z4.148 E786.11853 ; perimeter
G1 X41.737 Y61.896 Z4.148 E786.22383 ; perimeter
G1 X41.952 Y59.903 Z4.148 E786.32959 ; perimeter
G1 X42.234 Y58.042 Z4.149 E786.42892 ; perimeter
G1 X42.532 Y56.459 Z4.149 E786.51392 ; perimeter
G1 X42.895 Y54.846 Z4.149 E786.60117 ; perimeter
G1 X43.315 Y53.261 Z4.148 E786.68770 ; perimeter
G1 X43.878 Y51.456 Z4.148 E786.78743 ; perimeter
G1 X44.532 Y49.691 Z4.148 E786.88677 ; perimeter
G1 X45.289 Y47.959 Z4.148 E786.98653 ; perimeter
G1 X46.145 Y46.278 Z4.148 E787.08607 ; perimeter
G1 X47.325 Y44.303 Z4.148 E787.20744 ; perimeter
G1 X48.642 Y42.412 Z4.148 E787.32906 ; perimeter
G1 X50.079 Y40.616 Z4.147 E787.45044 ; perimeter
G1 X51.642 Y38.898 Z4.147 E787.57300 ; perimeter
G1 X53.460 Y37.139 Z4.147 E787.70647 ; perimeter
G1 X55.387 Y35.494 Z4.146 E787.84017 ; perimeter
G1 X57.414 Y33.967 Z4.146 E787.97411 ; perimeter
G1 X59.537 Y32.561 Z4.145 E788.10844 ; perimeter
G1 X61.929 Y31.189 Z4.144 E788.25398 ; perimeter
G1 X64.399 Y29.981 Z4.144 E788.39902 ; perimeter
G1 X66.923 Y28.942 Z4.143 E788.54306 ; perimeter
G1 X69.500 Y28.063 Z4.143 E788.68677 ; perimeter
G1 X71.200 Y27.573 Z4.143 E788.78009 ; perimeter
G1 X72.924 Y27.143 Z4.142 E788.87387 ; perimeter
G1 X74.673 Y26.769 Z4.142 E788.96823 ; perimeter
G1 X76.425 Y26.451 Z4.142 E789.06217 ; perimeter
G1 X78.003 Y26.212 Z4.142 E789.14639 ; perimeter
G1 X80.201 Y25.937 Z4.142 E789.26332 ; perimeter
G1 X82.171 Y25.749 Z4.142 E789.36774 ; perimeter
G1 X84.241 Y25.604 Z4.142 E789.47719 ; perimeter
G1 X87.051 Y25.485 Z4.142 E789.62563 ; perimeter
G1 X89.997 Y25.444 Z4.139 E789.78111 ; perimeter
G1 X93.441 Y25.499 Z4.142 E789.96287 ; perimeter
G1 X96.723 Y25.665 Z4.142 E790.13625 ; perimeter
G1 X99.980 Y25.957 Z4.142 E790.30880 ; perimeter
G1 X103.260 Y26.401 Z4.142 E790.48345 ; perimeter
G1 X105.989 Y26.905 Z4.142 E790.62988 ; perimeter
G1 X108.319 Y27.456 Z4.142 E790.75624 ; perimeter
G1 X108.723 Y27.554 Z4.142 E790.77815 ; perimeter
G1 X111.354 Y28.336 Z4.143 E790.92299 ; perimeter
G1 X113.934 Y29.273 Z4.144 E791.06785 ; perimeter
G1 X116.174 Y30.244 Z4.144 E791.19666 ; perimeter
G1 X118.365 Y31.349 Z4.144 E791.32618 ; perimeter
G1 X120.468 Y32.569 Z4.145 E791.45442 ; perimeter
G1 X122.670 Y34.035 Z4.145 E791.59403 ; perimeter
G1 X124.694 Y35.564 Z4.146 E791.72788 ; perimeter
G1 X126.613 Y37.212 Z4.146 E791.86138 ; perimeter
G1 X128.693 Y39.255 Z4.147 E792.01521 ; perimeter
G1 X130.463 Y41.271 Z4.147 E792.15679 ; perimeter
G1 X131.753 Y42.957 Z4.147 E792.26878 ; perimeter
G1 X132.933 Y44.718 Z4.148 E792.38064 ; perimeter
G1 X133.989 Y46.536 Z4.148 E792.49160 ; perimeter
G1 X134.920 Y48.416 Z4.148 E792.60225 ; perimeter
G1 X135.696 Y50.281 Z4.148 E792.70884 ; perimeter
G1 X136.353 Y52.169 Z4.148 E792.81435 ; perimeter
G1 X136.884 Y53.994 Z4.148 E792.91463 ; perimeter
G1 X137.312 Y55.756 Z4.148 E793.01033 ; perimeter
G1 X137.731 Y57.869 Z4.149 E793.12398 ; perimeter
G1 X138.043 Y59.905 Z4.148 E793.23268 ; perimeter
G1 X138.261 Y61.938 Z4.148 E793.34056 ; perimeter
G1 X138.384 Y63.967 Z4.148 E793.44785 ; perimeter
G1 X138.390 Y66.878 Z4.147 E793.60146 ; perimeter
G1 X138.222 Y69.493 Z4.146 E793.73970 ; perimeter
G1 X138.087 Y70.703 Z4.148 E793.80394 ; perimeter
G1 X137.833 Y72.411 Z4.149 E793.89509 ; perimeter
G1 X137.556 Y73.855 Z4.149 E793.97268 ; perimeter
G1 X137.112 Y75.788 Z4.150 E794.07733 ; perimeter
G1 X136.654 Y77.421 Z4.150 E794.16682 ; perimeter
G1 X136.142 Y78.995 Z4.151 E794.25417 ; perimeter
G1 X135.570 Y80.532 Z4.151 E794.34070 ; perimeter
G1 X134.942 Y82.028 Z4.151 E794.42632 ; perimeter
G1 X134.359 Y83.271 Z4.151 E794.49876 ; perimeter
G1 X133.506 Y84.922 Z4.152 E794.59681 ; perimeter
G1 X132.605 Y86.475 Z4.152 E794.69154 ; perimeter
G1 X131.659 Y87.950 Z4.152 E794.78403 ; perimeter
G1 X130.694 Y89.335 Z4.153 E794.87310 ; perimeter
G1 X129.242 Y91.261 Z4.153 E795.00039 ; perimeter
G1 X127.769 Y93.089 Z4.154 E795.12426 ; perimeter
G1 X126.766 Y94.293 Z4.155 E795.20690 ; perimeter
G1 X119.647 Y102.594 Z4.158 E795.78396 ; perimeter
G1 X118.796 Y103.623 Z4.157 E795.85444 ; perimeter
G1 X117.992 Y104.663 Z4.158 E795.92380 ; perimeter
G1 X117.237 Y105.833 Z4.160 E795.99726 ; perimeter
G1 X116.934 Y106.438 Z4.161 E796.03295 ; perimeter
G1 X116.733 Y106.911 Z4.162 E796.06009 ; perimeter
G1 X116.531 Y107.522 Z4.163 E796.09407 ; perimeter
G1 X116.374 Y108.185 Z4.163 E796.13001 ; perimeter
G1 X116.247 Y109.127 Z4.164 E796.18017 ; perimeter
G1 X116.205 Y110.037 Z4.164 E796.22824 ; perimeter
G1 X116.221 Y110.866 Z4.164 E796.27196 ; perimeter
G1 X116.268 Y111.572 Z4.164 E796.30930 ; perimeter
G1 X116.384 Y112.577 Z4.164 E796.36270 ; perimeter
G1 X116.545 Y113.455 Z4.165 E796.40982 ; perimeter
G1 X116.842 Y114.533 Z4.164 E796.46879 ; perimeter
G1 X117.242 Y115.613 Z4.164 E796.52959 ; perimeter
G1 X118.109 Y117.593 Z4.165 E796.64365 ; perimeter
G1 X119.251 Y120.032 Z4.165 E796.78575 ; perimeter
G1 X121.584 Y124.857 Z4.167 E797.06857 ; perimeter
G1 X122.156 Y126.150 Z4.167 E797.14314 ; perimeter
G1 X122.670 Y127.455 Z4.168 E797.21715 ; perimeter
G1 X123.107 Y128.760 Z4.168 E797.28977 ; perimeter
G1 X123.508 Y130.287 Z4.174 E797.37307 ; perimeter
G1 X123.761 Y131.635 Z4.176 E797.44548 ; perimeter
G1 X123.905 Y132.855 Z4.178 E797.51031 ; perimeter
G1 X123.971 Y134.051 Z4.180 E797.57352 ; perimeter
G1 X123.960 Y135.344 Z4.182 E797.64171 ; perimeter
G1 X123.843 Y136.822 Z4.184 E797.71996 ; perimeter
G1 X123.619 Y138.065 Z4.186 E797.78660 ; perimeter
G1 X123.455 Y138.618 Z4.186 E797.81704 ; perimeter
G1 X123.308 Y138.992 Z4.186 E797.83826 ; perimeter
G1 X123.186 Y139.261 Z4.186 E797.85383 ; perimeter
G1 X122.903 Y139.734 Z4.187 E797.88293 ; perimeter
G1 X122.637 Y140.071 Z4.188 E797.90559 ; perimeter
G1 X122.399 Y140.307 Z4.189 E797.92327 ; perimeter
G1 X121.992 Y140.592 Z4.194 E797.94949 ; perimeter
G1 X121.614 Y140.758 Z4.199 E797.97130 ; perimeter
G1 X121.237 Y140.843 Z4.206 E797.99165 ; perimeter
G1 X120.875 Y140.854 Z4.216 E798.01078 ; perimeter
G1 X120.561 Y140.806 Z4.228 E798.02752 ; perimeter
G1 X120.205 Y140.679 Z4.245 E798.04747 ; perimeter
G1 X119.868 Y140.481 Z4.263 E798.06811 ; perimeter
G1 X119.539 Y140.207 Z4.281 E798.09067 ; perimeter
G1 X119.016 Y139.622 Z4.312 E798.13210 ; perimeter
G1 X117.804 Y137.970 Z4.417 E798.24021 ; perimeter
G1 X116.965 Y136.926 Z4.497 E798.31088 ; perimeter
G1 X116.730 Y136.665 Z4.522 E798.32944 ; perimeter
G1 X115.889 Y135.821 Z4.614 E798.39229 ; perimeter
G1 X115.374 Y135.376 Z4.667 E798.42817 ; perimeter
G1 X114.757 Y134.910 Z4.735 E798.46901 ; perimeter
G1 X113.949 Y134.412 Z4.826 E798.51908 ; perimeter
G1 X113.515 Y134.180 Z4.876 E798.54509 ; perimeter
G1 X113.082 Y133.977 Z4.925 E798.57029 ; perimeter
G1 X112.237 Y133.642 Z5.022 E798.61824 ; perimeter
G1 X111.265 Y133.375 Z5.131 E798.67147 ; perimeter
G1 X110.411 Y133.231 Z5.223 E798.71718 ; perimeter
G1 X109.307 Y133.157 Z5.341 E798.77554 ; perimeter
G1 X108.330 Y133.184 Z5.438 E798.82714 ; perimeter
G1 X107.340 Y133.300 Z5.525 E798.87975 ; perimeter
G1 X106.297 Y133.520 Z5.598 E798.93595 ; perimeter
G1 X105.262 Y133.842 Z5.654 E798.99316 ; perimeter
G1 X104.263 Y134.261 Z5.686 E799.05035 ; perimeter
G1 X103.234 Y134.824 Z5.692 E799.11221 ; perimeter
G1 X102.536 Y135.299 Z5.678 E799.15675 ; perimeter
G1 X101.862 Y135.848 Z5.649 E799.20263 ; perimeter
G1 X101.288 Y136.415 Z5.610 E799.24523 ; perimeter
G1 X100.806 Y136.955 Z5.569 E799.28339 ; perimeter
G1 X100.453 Y137.420 Z5.533 E799.31422 ; perimeter
G1 X99.975 Y138.162 Z5.475 E799.36079 ; perimeter
G1 X99.536 Y139.002 Z5.409 E799.41080 ; perimeter
G1 X99.170 Y139.877 Z5.341 E799.46085 ; perimeter
G1 X98.873 Y140.775 Z5.271 E799.51074 ; perimeter
G1 X98.618 Y141.758 Z5.196 E799.56437 ; perimeter
G1 X98.382 Y142.943 Z5.107 E799.62808 ; perimeter
G1 X98.102 Y145.135 Z4.938 E799.74472 ; perimeter
G1 X97.982 Y146.530 Z4.831 E799.81861 ; perimeter
G1 X97.833 Y149.190 Z4.626 E799.95918 ; perimeter
G1 X97.632 Y154.556 Z4.214 E800.24253 ; perimeter
G1 X84.212 Y154.556 Z4.214 E800.95064 ; perimeter

G1 X84.609 Y154.099 Z4.249 F7800.000 ; move to first infill point
G1 F1800
G1 X97.192 Y154.099 Z4.249 E801.43445 ; infill
G1 X97.209 Y153.641 Z4.284 E801.45206 ; infill
G1 X79.506 Y153.641 Z4.271 E802.13273 ; infill
G1 X78.194 Y153.545 Z4.266 E802.18334 ; infill
G1 X76.379 Y153.332 Z4.260 E802.25359 ; infill
G1 X75.427 Y153.183 Z4.258 E802.29066 ; infill
G1 X81.720 Y153.183 Z4.319 E802.53267 ; infill
G1 X97.226 Y153.183 Z4.319 E803.12887 ; infill
G1 X97.243 Y152.725 Z4.354 E803.14648 ; infill
G1 X81.715 Y152.725 Z4.354 E803.74357 ; infill
G1 X72.904 Y152.725 Z4.252 E804.08234 ; infill
G1 X72.546 Y152.655 Z4.249 E804.09635 ; infill
G1 X70.982 Y152.267 Z4.246 E804.15833 ; infill
G1 X81.709 Y152.267 Z4.390 E804.57079 ; infill
G1 X97.260 Y152.267 Z4.390 E805.16876 ; infill
G1 X97.278 Y151.809 Z4.425 E805.18638 ; infill
G1 X81.703 Y151.809 Z4.425 E805.78524 ; infill
G1 X69.479 Y151.809 Z4.243 E806.25526 ; infill
G1 X68.540 Y151.505 Z4.239 E806.29319 ; infill
G1 X68.157 Y151.351 Z4.238 E806.30907 ; infill
G1 X81.697 Y151.351 Z4.460 E806.82970 ; infill
G1 X97.295 Y151.352 Z4.460 E807.42945 ; infill
G1 X97.312 Y150.894 Z4.495 E807.44706 ; infill
G1 X81.691 Y150.894 Z4.495 E808.04769 ; infill
G1 X67.086 Y150.894 Z4.237 E808.60926 ; infill
G1 X66.581 Y150.660 Z4.234 E808.63068 ; infill
G1 X66.167 Y150.436 Z4.234 E808.64876 ; infill
G1 X75.305 Y150.436 Z4.424 E809.00013 ; infill
G1 X81.685 Y150.436 Z4.531 E809.24545 ; infill
G1 X97.329 Y150.436 Z4.531 E809.84696 ; infill
G1 X97.346 Y149.978 Z4.566 E809.86458 ; infill
G1 X81.679 Y149.978 Z4.566 E810.46699 ; infill
G1 X74.459 Y149.978 Z4.437 E810.74461 ; infill
G1 X65.343 Y149.978 Z4.231 E811.09512 ; infill
G1 X64.617 Y149.520 Z4.230 E811.12815 ; infill
G1 X72.464 Y149.520 Z4.423 E811.42987 ; infill
G1 X81.044 Y149.520 Z4.594 E811.75980 ; infill
G1 X97.363 Y149.520 Z4.601 E812.38729 ; infill
G1 X97.383 Y149.062 Z4.636 E812.40491 ; infill
G1 X81.288 Y149.062 Z4.632 E813.02376 ; infill
G1 X72.660 Y149.062 Z4.455 E813.35551 ; infill
G1 X63.959 Y149.062 Z4.226 E813.69007 ; infill
G1 X63.336 Y148.604 Z4.224 E813.71980 ; infill
G1 X73.921 Y148.604 Z4.515 E814.12681 ; infill
G1 X81.531 Y148.604 Z4.670 E814.41942 ; infill
G1 X97.408 Y148.604 Z4.671 E815.02989 ; infill
G1 X97.434 Y148.147 Z4.707 E815.04753 ; infill
G1 X81.656 Y148.147 Z4.707 E815.65420 ; infill
G1 X73.054 Y148.147 Z4.526 E815.98494 ; infill
G1 X65.436 Y148.147 Z4.287 E816.27785 ; infill
G1 X62.787 Y148.147 Z4.223 E816.37971 ; infill
G1 X62.259 Y147.689 Z4.220 E816.40659 ; infill
G1 X64.801 Y147.689 Z4.282 E816.50433 ; infill
G1 X73.252 Y147.689 Z4.563 E816.82926 ; infill
G1 X81.650 Y147.689 Z4.742 E817.15219 ; infill
G1 X97.459 Y147.689 Z4.742 E817.76007 ; infill
G1 X97.485 Y147.231 Z4.777 E817.77770 ; infill
G1 X81.140 Y147.231 Z4.769 E818.40618 ; infill
G1 X72.389 Y147.231 Z4.571 E818.74264 ; infill
G1 X64.211 Y147.231 Z4.278 E819.05710 ; infill
G1 X61.772 Y147.231 Z4.220 E819.15088 ; infill
G1 X61.327 Y146.773 Z4.217 E819.17544 ; infill
G1 X63.659 Y146.773 Z4.273 E819.26512 ; infill
G1 X72.614 Y146.773 Z4.609 E819.60944 ; infill
G1 X80.931 Y146.773 Z4.801 E819.92922 ; infill
G1 X97.510 Y146.773 Z4.812 E820.56673 ; infill
G1 X97.542 Y146.315 Z4.848 E820.58438 ; infill
G1 X81.632 Y146.315 Z4.848 E821.19609 ; infill
G1 X80.109 Y146.315 Z4.823 E821.25466 ; infill
G1 X75.655 Y146.315 Z4.725 E821.42592 ; infill
G1 X71.773 Y146.315 Z4.614 E821.57522 ; infill
G1 X63.163 Y146.315 Z4.269 E821.90626 ; infill
G1 X60.910 Y146.315 Z4.215 E821.99289 ; infill
G1 X60.533 Y145.857 Z4.214 E822.01568 ; infill
G1 X62.698 Y145.857 Z4.265 E822.09889 ; infill
G1 X69.786 Y145.857 Z4.571 E822.37145 ; infill
G1 X72.888 Y145.857 Z4.683 E822.49074 ; infill
G1 X80.143 Y145.857 Z4.859 E822.76968 ; infill
G1 X81.627 Y145.857 Z4.883 E822.82673 ; infill
G1 X97.581 Y145.857 Z4.883 E823.44018 ; infill
G1 X97.620 Y145.399 Z4.918 E823.45785 ; infill
G1 X81.621 Y145.399 Z4.918 E824.07304 ; infill
G1 X79.545 Y145.399 Z4.884 E824.15286 ; infill
G1 X75.458 Y145.399 Z4.792 E824.31001 ; infill
G1 X72.285 Y145.399 Z4.697 E824.43202 ; infill
G1 X62.255 Y145.399 Z4.260 E824.81766 ; infill
G1 X60.157 Y145.399 Z4.214 E824.89834 ; infill
G1 X59.785 Y144.942 Z4.211 E824.92102 ; infill
G1 X61.858 Y144.942 Z4.256 E825.00070 ; infill
G1 X72.542 Y144.942 Z4.740 E825.41154 ; infill
G1 X79.470 Y144.942 Z4.918 E825.67793 ; infill
G1 X81.615 Y144.942 Z4.953 E825.76039 ; infill
G1 X97.666 Y144.942 Z4.953 E826.37755 ; infill
G1 X97.724 Y144.484 Z4.989 E826.39530 ; infill
G1 X81.609 Y144.484 Z4.989 E827.01494 ; infill
G1 X78.756 Y144.484 Z4.941 E827.12465 ; infill
G1 X74.644 Y144.484 Z4.841 E827.28274 ; infill
G1 X71.798 Y144.484 Z4.746 E827.39219 ; infill
G1 X61.479 Y144.484 Z4.252 E827.78897 ; infill
G1 X59.459 Y144.484 Z4.210 E827.86661 ; infill
G1 X59.157 Y144.026 Z4.208 E827.88771 ; infill
G1 X61.122 Y144.026 Z4.248 E827.96325 ; infill
G1 X62.071 Y144.026 Z4.290 E827.99977 ; infill
G1 X64.283 Y144.026 Z4.390 E828.08481 ; infill
G1 X69.995 Y144.026 Z4.698 E828.30444 ; infill
G1 X72.087 Y144.026 Z4.790 E828.38486 ; infill
G1 X74.782 Y144.026 Z4.882 E828.48849 ; infill
G1 X78.212 Y144.026 Z4.967 E828.62037 ; infill
G1 X81.603 Y144.026 Z5.024 E828.75078 ; infill
G1 X97.783 Y144.026 Z5.024 E829.37290 ; infill
G1 X97.841 Y143.568 Z5.059 E829.39065 ; infill
G1 X81.597 Y143.568 Z5.059 E830.01524 ; infill
G1 X77.659 Y143.568 Z4.993 E830.16667 ; infill
G1 X74.092 Y143.568 Z4.898 E830.30383 ; infill
G1 X71.524 Y143.568 Z4.799 E830.40256 ; infill
G1 X69.265 Y143.568 Z4.691 E830.48944 ; infill
G1 X63.863 Y143.568 Z4.384 E830.69716 ; infill
G1 X60.797 Y143.568 Z4.244 E830.81504 ; infill
G1 X58.875 Y143.568 Z4.206 E830.88894 ; infill
G1 X58.609 Y143.110 Z4.205 E830.90929 ; infill
G1 X60.487 Y143.110 Z4.239 E830.98148 ; infill
G1 X63.468 Y143.110 Z4.378 E831.09612 ; infill
G1 X68.555 Y143.110 Z4.680 E831.29172 ; infill
G1 X71.713 Y143.110 Z4.841 E831.41312 ; infill
G1 X74.232 Y143.110 Z4.940 E831.51001 ; infill
G1 X77.095 Y143.110 Z5.018 E831.62007 ; infill
G1 X81.591 Y143.110 Z5.094 E831.79297 ; infill
G1 X97.900 Y143.110 Z5.094 E832.42004 ; infill
G1 X97.974 Y142.652 Z5.129 E832.43787 ; infill
G1 X81.586 Y142.652 Z5.129 E833.06802 ; infill
G1 X78.294 Y142.652 Z5.081 E833.19459 ; infill
G1 X75.129 Y142.652 Z5.005 E833.31630 ; infill
G1 X72.758 Y142.652 Z4.922 E833.40744 ; infill
G1 X70.051 Y142.652 Z4.790 E833.51155 ; infill
G1 X63.108 Y142.652 Z4.371 E833.77849 ; infill
G1 X60.201 Y142.652 Z4.235 E833.89029 ; infill
G1 X58.366 Y142.652 Z4.203 E833.96083 ; infill
G1 X58.140 Y142.195 Z4.201 E833.98047 ; infill
G1 X59.939 Y142.195 Z4.231 E834.04965 ; infill
G1 X62.776 Y142.195 Z4.365 E834.15872 ; infill
G1 X68.341 Y142.195 Z4.720 E834.37271 ; infill
G1 X72.372 Y142.195 Z4.940 E834.52771 ; infill
G1 X75.244 Y142.195 Z5.046 E834.63815 ; infill
G1 X78.826 Y142.195 Z5.129 E834.77587 ; infill
G1 X81.558 Y142.195 Z5.165 E834.88092 ; infill
G1 X98.065 Y142.195 Z5.165 E835.51563 ; infill
G1 X98.156 Y141.737 Z5.200 E835.53358 ; infill
G1 X81.462 Y141.737 Z5.200 E836.17551 ; infill
G1 X77.825 Y141.737 Z5.147 E836.31533 ; infill
G1 X74.653 Y141.737 Z5.065 E836.43729 ; infill
G1 X70.671 Y141.737 Z4.887 E836.59043 ; infill
G1 X62.464 Y141.737 Z4.359 E836.90600 ; infill
G1 X59.689 Y141.737 Z4.227 E837.01270 ; infill
G1 X57.930 Y141.737 Z4.200 E837.08032 ; infill
G1 X57.743 Y141.279 Z4.199 E837.09933 ; infill
G1 X59.470 Y141.279 Z4.224 E837.16573 ; infill
G1 X62.174 Y141.279 Z4.352 E837.26969 ; infill
G1 X69.211 Y141.279 Z4.828 E837.54028 ; infill
G1 X71.787 Y141.279 Z4.979 E837.63932 ; infill
G1 X74.634 Y141.279 Z5.101 E837.74879 ; infill
G1 X77.324 Y141.279 Z5.175 E837.85223 ; infill
G1 X81.366 Y141.279 Z5.236 E838.00762 ; infill
G1 X98.270 Y141.279 Z5.235 E838.65762 ; infill
G1 X98.389 Y140.821 Z5.271 E838.67580 ; infill
G1 X81.269 Y140.821 Z5.271 E839.33406 ; infill
G1 X77.960 Y140.821 Z5.226 E839.46129 ; infill
G1 X74.934 Y140.821 Z5.149 E839.57765 ; infill
G1 X72.808 Y140.821 Z5.063 E839.65942 ; infill
G1 X70.430 Y140.821 Z4.934 E839.75084 ; infill
G1 X61.916 Y140.821 Z4.346 E840.07820 ; infill
G1 X59.261 Y140.821 Z4.220 E840.18030 ; infill
G1 X57.568 Y140.821 Z4.196 E840.24538 ; infill
G1 X57.408 Y140.363 Z4.196 E840.26404 ; infill
G1 X59.074 Y140.363 Z4.216 E840.32812 ; infill
G1 X61.676 Y140.363 Z4.340 E840.42814 ; infill
G1 X70.756 Y140.363 Z4.984 E840.77729 ; infill
G1 X73.739 Y140.363 Z5.140 E840.89198 ; infill
G1 X76.981 Y140.363 Z5.244 E841.01663 ; infill
G1 X81.173 Y140.363 Z5.307 E841.17784 ; infill
G1 X98.528 Y140.363 Z5.305 E841.84514 ; infill
G1 X98.679 Y139.905 Z5.339 E841.86368 ; infill
G1 X81.077 Y139.905 Z5.342 E842.54051 ; infill
G1 X78.127 Y139.905 Z5.307 E842.65395 ; infill
G1 X75.321 Y139.905 Z5.237 E842.76182 ; infill
G1 X72.562 Y139.905 Z5.118 E842.86791 ; infill
G1 X70.296 Y139.905 Z4.985 E842.95505 ; infill
G1 X61.454 Y139.905 Z4.335 E843.29504 ; infill
G1 X58.901 Y139.905 Z4.213 E843.39321 ; infill
G1 X57.264 Y139.905 Z4.194 E843.45615 ; infill
G1 X57.130 Y139.447 Z4.194 E843.47449 ; infill
G1 X58.745 Y139.447 Z4.210 E843.53659 ; infill
G1 X61.260 Y139.447 Z4.329 E843.63328 ; infill
G1 X70.658 Y139.447 Z5.037 E843.99463 ; infill
G1 X73.559 Y139.447 Z5.202 E844.10620 ; infill
G1 X76.691 Y139.447 Z5.315 E844.22664 ; infill
G1 X80.981 Y139.447 Z5.378 E844.39158 ; infill
G1 X98.855 Y139.447 Z5.374 E845.07883 ; infill
G1 X99.046 Y138.990 Z5.411 E845.09791 ; infill
G1 X80.885 Y138.990 Z5.413 E845.79622 ; infill
G1 X78.293 Y138.990 Z5.387 E845.89586 ; infill
G1 X75.728 Y138.990 Z5.326 E845.99452 ; infill
G1 X73.177 Y138.990 Z5.217 E846.09261 ; infill
G1 X70.274 Y138.990 Z5.039 E846.20423 ; infill
G1 X63.737 Y138.990 Z4.516 E846.45559 ; infill
G1 X61.076 Y138.990 Z4.324 E846.55789 ; infill
G1 X58.602 Y138.990 Z4.206 E846.65303 ; infill
G1 X57.014 Y138.990 Z4.191 E846.71409 ; infill
G1 X56.907 Y138.532 Z4.191 E846.73217 ; infill
G1 X58.476 Y138.532 Z4.203 E846.79251 ; infill
G1 X60.917 Y138.532 Z4.319 E846.88638 ; infill
G1 X63.523 Y138.532 Z4.509 E846.98655 ; infill
G1 X68.336 Y138.532 Z4.918 E847.17164 ; infill
G1 X70.672 Y138.532 Z5.094 E847.26147 ; infill
G1 X73.509 Y138.532 Z5.268 E847.37055 ; infill
G1 X76.472 Y138.532 Z5.386 E847.48447 ; infill
G1 X78.786 Y138.532 Z5.433 E847.57345 ; infill
G1 X80.789 Y138.532 Z5.448 E847.65046 ; infill
G1 X99.266 Y138.532 Z5.448 E848.36094 ; infill
G1 X99.506 Y138.074 Z5.484 E848.38080 ; infill
G1 X80.326 Y138.074 Z5.484 E849.11828 ; infill
G1 X78.044 Y138.074 Z5.461 E849.20602 ; infill
G1 X75.598 Y138.074 Z5.396 E849.30009 ; infill
G1 X73.201 Y138.074 Z5.284 E849.39224 ; infill
G1 X70.368 Y138.074 Z5.099 E849.50117 ; infill
G1 X68.022 Y138.074 Z4.914 E849.59140 ; infill
G1 X63.328 Y138.074 Z4.503 E849.77186 ; infill
G1 X60.770 Y138.074 Z4.314 E849.87022 ; infill
G1 X58.358 Y138.074 Z4.200 E849.96300 ; infill
G1 X56.814 Y138.074 Z4.189 E850.02236 ; infill
G1 X56.735 Y137.616 Z4.188 E850.04022 ; infill
G1 X58.261 Y137.616 Z4.198 E850.09890 ; infill
G1 X60.641 Y137.616 Z4.310 E850.19044 ; infill
G1 X63.163 Y137.616 Z4.498 E850.28739 ; infill
G1 X68.576 Y137.616 Z4.982 E850.49553 ; infill
G1 X70.839 Y137.616 Z5.160 E850.58254 ; infill
G1 X74.174 Y137.616 Z5.369 E850.71078 ; infill
G1 X76.821 Y137.616 Z5.473 E850.81258 ; infill
G1 X80.356 Y137.616 Z5.521 E850.94847 ; infill
G1 X99.784 Y137.616 Z5.520 E851.69549 ; infill
G1 X100.078 Y137.158 Z5.557 E851.71644 ; infill
G1 X80.024 Y137.158 Z5.557 E852.48754 ; infill
G1 X77.928 Y137.158 Z5.535 E852.56813 ; infill
G1 X76.064 Y137.158 Z5.487 E852.63981 ; infill
G1 X73.342 Y137.158 Z5.356 E852.74449 ; infill
G1 X70.632 Y137.158 Z5.170 E852.84868 ; infill
G1 X68.317 Y137.158 Z4.980 E852.93768 ; infill
G1 X63.010 Y137.158 Z4.492 E853.14177 ; infill
G1 X60.526 Y137.158 Z4.305 E853.23727 ; infill
G1 X58.164 Y137.158 Z4.195 E853.32810 ; infill
G1 X56.658 Y137.158 Z4.187 E853.38601 ; infill
G1 X56.607 Y136.700 Z4.185 E853.40372 ; infill
G1 X58.095 Y136.700 Z4.192 E853.46094 ; infill
G1 X60.426 Y136.700 Z4.301 E853.55057 ; infill
G1 X62.877 Y136.700 Z4.487 E853.64481 ; infill
G1 X68.056 Y136.700 Z4.974 E853.84396 ; infill
G1 X71.200 Y136.700 Z5.239 E853.96485 ; infill
G1 X74.306 Y136.700 Z5.443 E854.08428 ; infill
G1 X76.837 Y136.700 Z5.546 E854.18161 ; infill
G1 X80.083 Y136.700 Z5.594 E854.30642 ; infill
G1 X100.426 Y136.700 Z5.593 E855.08859 ; infill
G1 X100.816 Y136.243 Z5.628 E855.11173 ; infill
G1 X79.878 Y136.243 Z5.631 E855.91679 ; infill
G1 X77.926 Y136.243 Z5.609 E855.99186 ; infill
G1 X76.212 Y136.243 Z5.561 E856.05776 ; infill
G1 X74.153 Y136.243 Z5.467 E856.13693 ; infill
G1 X71.076 Y136.243 Z5.254 E856.25526 ; infill
G1 X68.689 Y136.243 Z5.050 E856.34702 ; infill
G1 X62.762 Y136.243 Z4.482 E856.57492 ; infill
G1 X60.338 Y136.243 Z4.297 E856.66815 ; infill
G1 X58.027 Y136.243 Z4.189 E856.75700 ; infill
G1 X56.556 Y136.243 Z4.185 E856.81355 ; infill
G1 X56.522 Y135.785 Z4.183 E856.83121 ; infill
G1 X57.976 Y135.785 Z4.186 E856.88711 ; infill
G1 X60.267 Y135.785 Z4.292 E856.97522 ; infill
G1 X62.659 Y135.785 Z4.477 E857.06718 ; infill
G1 X68.450 Y135.785 Z5.044 E857.28987 ; infill
G1 X71.688 Y135.785 Z5.327 E857.41436 ; infill
G1 X74.167 Y135.785 Z5.500 E857.50971 ; infill
G1 X76.981 Y135.785 Z5.621 E857.61791 ; infill
G1 X79.955 Y135.785 Z5.669 E857.73225 ; infill
G1 X101.276 Y135.785 Z5.662 E858.55205 ; infill
G1 X101.557 Y135.507 Z5.680 E858.56723 ; infill
G1 X101.778 Y135.327 Z5.692 E858.57822 ; infill
G1 X99.902 Y135.327 Z5.707 E858.65036 ; infill
G1 X98.505 Y135.327 Z5.693 E858.70408 ; infill
G1 X79.790 Y135.327 Z5.706 E859.42367 ; infill
G1 X78.017 Y135.327 Z5.685 E859.49185 ; infill
G1 X76.483 Y135.327 Z5.639 E859.55085 ; infill
G1 X73.726 Y135.327 Z5.503 E859.65684 ; infill
G1 X71.641 Y135.327 Z5.347 E859.73704 ; infill
G1 X69.067 Y135.327 Z5.118 E859.83601 ; infill
G1 X62.579 Y135.327 Z4.472 E860.08547 ; infill
G1 X60.204 Y135.327 Z4.288 E860.17682 ; infill
G1 X57.937 Y135.327 Z4.184 E860.26396 ; infill
G1 X56.499 Y135.327 Z4.182 E860.31927 ; infill
G1 X56.478 Y134.869 Z4.181 E860.33689 ; infill
G1 X57.900 Y134.869 Z4.181 E860.39157 ; infill
G1 X60.162 Y134.869 Z4.284 E860.47853 ; infill
G1 X62.505 Y134.869 Z4.467 E860.56863 ; infill
G1 X68.906 Y134.869 Z5.117 E860.81478 ; infill
G1 X72.297 Y134.869 Z5.424 E860.94517 ; infill
G1 X74.614 Y134.869 Z5.581 E861.03424 ; infill
G1 X77.597 Y134.869 Z5.711 E861.14895 ; infill
G1 X79.886 Y134.869 Z5.745 E861.23695 ; infill
G1 X81.486 Y134.869 Z5.728 E861.29848 ; infill
G1 X98.511 Y134.869 Z5.728 E861.95310 ; infill
G1 X100.107 Y134.869 Z5.745 E862.01447 ; infill
G1 X102.355 Y134.869 Z5.716 E862.10093 ; infill
G1 X103.037 Y134.411 Z5.728 E862.13249 ; infill
G1 X101.427 Y134.411 Z5.772 E862.19439 ; infill
G1 X100.118 Y134.411 Z5.783 E862.24469 ; infill
G1 X98.517 Y134.411 Z5.764 E862.30628 ; infill
G1 X81.480 Y134.411 Z5.764 E862.96136 ; infill
G1 X79.766 Y134.411 Z5.783 E863.02726 ; infill
G1 X77.240 Y134.411 Z5.734 E863.12440 ; infill
G1 X74.707 Y134.411 Z5.613 E863.22177 ; infill
G1 X72.319 Y134.411 Z5.449 E863.31359 ; infill
G1 X68.744 Y134.411 Z5.112 E863.45106 ; infill
G1 X62.457 Y134.411 Z4.463 E863.69282 ; infill
G1 X60.120 Y134.411 Z4.280 E863.78267 ; infill
G1 X57.891 Y134.411 Z4.179 E863.86840 ; infill
G1 X56.483 Y134.411 Z4.179 E863.92254 ; infill
G1 X56.487 Y133.953 Z4.179 E863.94015 ; infill
G1 X57.882 Y133.953 Z4.176 E863.99376 ; infill
G1 X60.108 Y133.953 Z4.276 E864.07936 ; infill
G1 X62.412 Y133.953 Z4.458 E864.16796 ; infill
G1 X64.819 Y133.953 Z4.697 E864.26051 ; infill
G1 X69.602 Y133.953 Z5.210 E864.44443 ; infill
G1 X72.788 Y133.953 Z5.510 E864.56693 ; infill
G1 X75.787 Y133.953 Z5.701 E864.68225 ; infill
G1 X77.923 Y133.953 Z5.792 E864.76440 ; infill
G1 X79.709 Y133.953 Z5.818 E864.83306 ; infill
G1 X81.474 Y133.953 Z5.799 E864.90093 ; infill
G1 X98.522 Y133.953 Z5.799 E865.55646 ; infill
G1 X100.266 Y133.953 Z5.818 E865.62350 ; infill
G1 X101.999 Y133.953 Z5.795 E865.69012 ; infill
G1 X103.874 Y133.953 Z5.725 E865.76221 ; infill
G1 X104.064 Y133.849 Z5.721 E865.77057 ; infill
G1 X104.907 Y133.495 Z5.693 E865.80570 ; infill
G1 X102.513 Y133.495 Z5.813 E865.89775 ; infill
G1 X100.465 Y133.495 Z5.852 E865.97648 ; infill
G1 X98.528 Y133.495 Z5.834 E866.05096 ; infill
G1 X81.468 Y133.495 Z5.834 E866.70694 ; infill
G1 X79.885 Y133.495 Z5.854 E866.76782 ; infill
G1 X77.777 Y133.495 Z5.823 E866.84887 ; infill
G1 X75.545 Y133.495 Z5.716 E866.93468 ; infill
G1 X72.584 Y133.495 Z5.512 E867.04855 ; infill
G1 X69.355 Y133.495 Z5.195 E867.17271 ; infill
G1 X64.770 Y133.495 Z4.693 E867.34899 ; infill
G1 X62.394 Y133.495 Z4.454 E867.44037 ; infill
G1 X60.096 Y133.495 Z4.273 E867.52876 ; infill
G1 X57.887 Y133.495 Z4.174 E867.61367 ; infill
G1 X56.514 Y133.495 Z4.177 E867.66649 ; infill
G1 X56.555 Y133.038 Z4.176 E867.68416 ; infill
G1 X57.908 Y133.038 Z4.171 E867.73621 ; infill
G1 X60.104 Y133.038 Z4.269 E867.82064 ; infill
G1 X62.379 Y133.038 Z4.450 E867.90809 ; infill
G1 X72.424 Y133.038 Z5.514 E868.29436 ; infill
G1 X75.811 Y133.038 Z5.759 E868.42462 ; infill
G1 X77.901 Y133.038 Z5.856 E868.50496 ; infill
G1 X79.893 Y133.038 Z5.889 E868.58157 ; infill
G1 X81.462 Y133.038 Z5.869 E868.64190 ; infill
G1 X98.534 Y133.038 Z5.869 E869.29833 ; infill
G1 X100.395 Y133.038 Z5.888 E869.36989 ; infill
G1 X103.217 Y133.038 Z5.815 E869.47838 ; infill
G1 X105.080 Y133.038 Z5.705 E869.55002 ; infill
G1 X106.369 Y133.038 Z5.607 E869.59959 ; infill
G1 Z7.600 F7800.000 ; Move up before moving
G1 X106.475 Y84.537 F7800.000 ; move to first infill point
G1 X120.690 Y140.363 F7800.000 ; move to first infill point
G1 Z4.227 F7800.000 ; Move down after moving
G1 F1800
G1 X121.287 Y140.363 Z4.208 E869.62254 ; infill
G1 X121.470 Y140.322 Z4.205 E869.62977 ; infill
G1 X121.767 Y140.192 Z4.201 E869.64222 ; infill
G1 X122.155 Y139.905 Z4.194 E869.66078 ; infill
G1 X121.068 Y139.905 Z4.214 E869.70258 ; infill
G1 X119.891 Y139.905 Z4.268 E869.74785 ; infill
G1 X119.473 Y139.447 Z4.294 E869.77168 ; infill
G1 X121.224 Y139.447 Z4.211 E869.83900 ; infill
G1 X122.542 Y139.447 Z4.193 E869.88967 ; infill
G1 X122.808 Y138.990 Z4.190 E869.91002 ; infill
G1 X121.368 Y138.990 Z4.207 E869.96537 ; infill
G1 X119.119 Y138.990 Z4.315 E870.05185 ; infill
G1 X118.783 Y138.532 Z4.340 E870.07368 ; infill
G1 X121.494 Y138.532 Z4.204 E870.17792 ; infill
G1 X122.998 Y138.532 Z4.190 E870.23573 ; infill
G1 X123.139 Y138.074 Z4.188 E870.25416 ; infill
G1 X121.613 Y138.074 Z4.201 E870.31285 ; infill
G1 X119.201 Y138.074 Z4.316 E870.40561 ; infill
G1 X118.447 Y138.074 Z4.371 E870.43459 ; infill
G1 X118.106 Y137.616 Z4.404 E870.45655 ; infill
G1 X119.330 Y137.616 Z4.311 E870.50362 ; infill
G1 X121.710 Y137.616 Z4.198 E870.59513 ; infill
G1 X123.235 Y137.616 Z4.188 E870.65379 ; infill
G1 X123.318 Y137.158 Z4.188 E870.67168 ; infill
G1 X121.807 Y137.158 Z4.195 E870.72979 ; infill
G1 X119.446 Y137.158 Z4.307 E870.82058 ; infill
G1 X117.738 Y137.158 Z4.437 E870.88626 ; infill
G1 X117.369 Y136.700 Z4.468 E870.90885 ; infill
G1 X119.546 Y136.700 Z4.302 E870.99253 ; infill
G1 X121.876 Y136.700 Z4.193 E871.08213 ; infill
G1 X123.394 Y136.700 Z4.186 E871.14052 ; infill
G1 X123.431 Y136.243 Z4.184 E871.15817 ; infill
G1 X121.944 Y136.243 Z4.190 E871.21534 ; infill
G1 X119.634 Y136.243 Z4.298 E871.30416 ; infill
G1 X116.954 Y136.243 Z4.508 E871.40722 ; infill
G1 X116.498 Y135.785 Z4.556 E871.43207 ; infill
G1 X119.705 Y135.785 Z4.294 E871.55541 ; infill
G1 X121.996 Y135.785 Z4.187 E871.64349 ; infill
G1 X123.467 Y135.785 Z4.183 E871.70006 ; infill
G1 X123.503 Y135.327 Z4.182 E871.71772 ; infill
G1 X122.035 Y135.327 Z4.184 E871.77419 ; infill
G1 X119.769 Y135.327 Z4.290 E871.86130 ; infill
G1 X117.394 Y135.327 Z4.474 E871.95261 ; infill
G1 X116.016 Y135.327 Z4.608 E872.00563 ; infill
G1 X115.461 Y134.869 Z4.665 E872.03328 ; infill
G1 X117.469 Y134.869 Z4.469 E872.11048 ; infill
G1 X119.811 Y134.869 Z4.286 E872.20054 ; infill
G1 X122.072 Y134.869 Z4.182 E872.28747 ; infill
G1 X123.507 Y134.869 Z4.180 E872.34266 ; infill
G1 X123.511 Y134.411 Z4.179 E872.36027 ; infill
G1 X122.081 Y134.411 Z4.179 E872.41524 ; infill
G1 X119.853 Y134.411 Z4.282 E872.50093 ; infill
G1 X117.517 Y134.411 Z4.465 E872.59074 ; infill
G1 X114.819 Y134.411 Z4.733 E872.69448 ; infill
G1 X114.060 Y133.953 Z4.821 E872.72858 ; infill
G1 X117.562 Y133.953 Z4.460 E872.86324 ; infill
G1 X119.865 Y133.953 Z4.278 E872.95181 ; infill
G1 X122.090 Y133.953 Z4.177 E873.03737 ; infill
G1 X123.508 Y133.953 Z4.179 E873.09186 ; infill
G1 X123.482 Y133.495 Z4.178 E873.10949 ; infill
G1 X122.085 Y133.495 Z4.174 E873.16322 ; infill
G1 X119.878 Y133.495 Z4.274 E873.24809 ; infill
G1 X117.580 Y133.495 Z4.456 E873.33643 ; infill
G1 X113.107 Y133.495 Z4.928 E873.50843 ; infill
G1 X112.383 Y133.208 Z5.010 E873.53841 ; infill
G1 X111.763 Y133.038 Z5.080 E873.56314 ; infill
G1 X115.230 Y133.038 Z4.691 E873.69646 ; infill
G1 X117.596 Y133.038 Z4.452 E873.78745 ; infill
G1 X119.869 Y133.038 Z4.270 E873.87486 ; infill
G1 X122.064 Y133.038 Z4.172 E873.95926 ; infill
G1 X123.457 Y133.038 Z4.177 E874.01282 ; infill
G1 X123.412 Y132.580 Z4.175 E874.03051 ; infill
G1 X122.043 Y132.580 Z4.169 E874.08315 ; infill
G1 X119.851 Y132.580 Z4.266 E874.16743 ; infill
G1 X117.585 Y132.580 Z4.447 E874.25458 ; infill
G1 X115.247 Y132.580 Z4.687 E874.34448 ; infill
G1 X111.570 Y132.580 Z5.105 E874.48586 ; infill
G1 X107.680 Y132.580 Z5.517 E874.63546 ; infill
G1 X104.265 Y132.580 Z5.780 E874.76675 ; infill
G1 X103.121 Y132.580 Z5.849 E874.81075 ; infill
G1 X101.267 Y132.580 Z5.907 E874.88206 ; infill
G1 X99.951 Y132.580 Z5.925 E874.93265 ; infill
G1 X98.540 Y132.580 Z5.905 E874.98689 ; infill
G1 X81.456 Y132.580 Z5.905 E875.64377 ; infill
G1 X80.095 Y132.580 Z5.925 E875.69613 ; infill
G1 X78.649 Y132.580 Z5.906 E875.75174 ; infill
G1 X76.866 Y132.580 Z5.848 E875.82029 ; infill
G1 X74.468 Y132.580 Z5.688 E875.91247 ; infill
G1 X71.552 Y132.580 Z5.440 E876.02462 ; infill
G1 X64.729 Y132.580 Z4.685 E876.28698 ; infill
G1 X62.390 Y132.580 Z4.445 E876.37693 ; infill
G1 X60.122 Y132.580 Z4.265 E876.46412 ; infill
G1 X57.929 Y132.580 Z4.168 E876.54844 ; infill
G1 X56.596 Y132.580 Z4.175 E876.59970 ; infill
G1 X56.637 Y132.122 Z4.174 E876.61738 ; infill
G1 X57.977 Y132.122 Z4.166 E876.66890 ; infill
G1 X60.151 Y132.122 Z4.261 E876.75248 ; infill
G1 X62.405 Y132.122 Z4.441 E876.83913 ; infill
G1 X64.741 Y132.122 Z4.681 E876.92896 ; infill
G1 X72.226 Y132.122 Z5.518 E877.21681 ; infill
G1 X76.590 Y132.122 Z5.859 E877.38462 ; infill
G1 X78.498 Y132.122 Z5.932 E877.45798 ; infill
G1 X80.139 Y132.122 Z5.961 E877.52107 ; infill
G1 X81.451 Y132.122 Z5.940 E877.57150 ; infill
G1 X98.546 Y132.122 Z5.940 E878.22883 ; infill
G1 X99.952 Y132.122 Z5.961 E878.28291 ; infill
G1 X101.390 Y132.122 Z5.934 E878.33818 ; infill
G1 X102.981 Y132.122 Z5.877 E878.39934 ; infill
G1 X105.162 Y132.122 Z5.732 E878.48323 ; infill
G1 X107.761 Y132.122 Z5.519 E878.58315 ; infill
G1 X115.235 Y132.122 Z4.683 E878.87058 ; infill
G1 X117.570 Y132.122 Z4.443 E878.96035 ; infill
G1 X119.823 Y132.122 Z4.263 E879.04696 ; infill
G1 X121.995 Y132.122 Z4.166 E879.13051 ; infill
G1 X123.358 Y132.122 Z4.175 E879.18292 ; infill
G1 X123.302 Y131.664 Z4.173 E879.20066 ; infill
G1 X121.944 Y131.664 Z4.164 E879.25285 ; infill
G1 X119.775 Y131.664 Z4.259 E879.33627 ; infill
G1 X117.531 Y131.664 Z4.439 E879.42256 ; infill
G1 X115.216 Y131.664 Z4.679 E879.51158 ; infill
G1 X107.807 Y131.664 Z5.521 E879.79645 ; infill
G1 X103.579 Y131.664 Z5.869 E879.95905 ; infill
G1 X101.136 Y131.664 Z5.971 E880.05298 ; infill
G1 X99.734 Y131.664 Z5.992 E880.10688 ; infill
G1 X98.552 Y131.664 Z5.975 E880.15234 ; infill
G1 X81.445 Y131.664 Z5.975 E880.81013 ; infill
G1 X80.148 Y131.664 Z5.991 E880.85999 ; infill
G1 X79.280 Y131.664 Z5.983 E880.89337 ; infill
G1 X77.907 Y131.664 Z5.937 E880.94615 ; infill
G1 X76.409 Y131.664 Z5.868 E881.00375 ; infill
G1 X72.180 Y131.664 Z5.520 E881.16638 ; infill
G1 X64.761 Y131.664 Z4.677 E881.45167 ; infill
G1 X62.444 Y131.664 Z4.436 E881.54074 ; infill
G1 X60.199 Y131.664 Z4.257 E881.62707 ; infill
G1 X58.029 Y131.664 Z4.163 E881.71053 ; infill
G1 X56.706 Y131.664 Z4.172 E881.76140 ; infill
G1 X56.787 Y131.206 Z4.171 E881.77928 ; infill
G1 X58.134 Y131.206 Z4.162 E881.83107 ; infill
G1 X60.215 Y131.206 Z4.252 E881.91110 ; infill
G1 X62.489 Y131.206 Z4.432 E881.99853 ; infill
G1 X64.802 Y131.206 Z4.673 E882.08748 ; infill
G1 X72.167 Y131.206 Z5.522 E882.37068 ; infill
G1 X76.305 Y131.206 Z5.877 E882.52977 ; infill
G1 X79.033 Y131.206 Z6.005 E882.63469 ; infill
G1 X80.623 Y131.206 Z6.022 E882.69581 ; infill
G1 X99.374 Y131.206 Z6.022 E883.41681 ; infill
G1 X101.522 Y131.206 Z5.983 E883.49940 ; infill
G1 X103.684 Y131.206 Z5.878 E883.58253 ; infill
G1 X107.820 Y131.206 Z5.523 E883.74158 ; infill
G1 X115.174 Y131.206 Z4.675 E884.02436 ; infill
G1 X117.486 Y131.206 Z4.434 E884.11326 ; infill
G1 X119.757 Y131.206 Z4.253 E884.20058 ; infill
G1 X121.842 Y131.206 Z4.162 E884.28075 ; infill
G1 X123.216 Y131.206 Z4.172 E884.33358 ; infill
G1 X123.130 Y130.748 Z4.171 E884.35150 ; infill
G1 X121.621 Y130.748 Z4.163 E884.40950 ; infill
G1 X119.329 Y130.748 Z4.273 E884.49763 ; infill
G1 X118.009 Y130.748 Z4.379 E884.54841 ; infill
G1 X115.477 Y130.748 Z4.631 E884.64576 ; infill
G1 X107.800 Y130.748 Z5.524 E884.94099 ; infill
G1 X103.720 Y130.748 Z5.886 E885.09785 ; infill
G1 X101.135 Y130.748 Z6.021 E885.19725 ; infill
G1 X99.014 Y130.748 Z6.052 E885.27882 ; infill
G1 X80.983 Y130.748 Z6.052 E885.97212 ; infill
G1 X78.857 Y130.748 Z6.020 E886.05386 ; infill
G1 X76.268 Y130.748 Z5.885 E886.15340 ; infill
G1 X72.188 Y130.748 Z5.523 E886.31030 ; infill
G1 X64.504 Y130.748 Z4.630 E886.60580 ; infill
G1 X61.973 Y130.748 Z4.378 E886.70311 ; infill
G1 X60.655 Y130.748 Z4.272 E886.75379 ; infill
G1 X58.363 Y130.748 Z4.162 E886.84192 ; infill
G1 X56.869 Y130.748 Z4.171 E886.89935 ; infill
G1 X56.956 Y130.291 Z4.172 E886.91727 ; infill
G1 X58.592 Y130.291 Z4.163 E886.98017 ; infill
G1 X61.293 Y130.291 Z4.310 E887.08406 ; infill
G1 X63.873 Y130.291 Z4.549 E887.18325 ; infill
G1 X72.074 Y130.291 Z5.507 E887.49863 ; infill
G1 X75.562 Y130.291 Z5.835 E887.63272 ; infill
G1 X77.200 Y130.291 Z5.949 E887.69570 ; infill
G1 X78.756 Y130.291 Z6.030 E887.75557 ; infill
G1 X81.343 Y130.291 Z6.082 E887.85503 ; infill
G1 X98.661 Y130.291 Z6.082 E888.52093 ; infill
G1 X101.235 Y130.291 Z6.031 E888.61989 ; infill
G1 X102.795 Y130.291 Z5.949 E888.67985 ; infill
G1 X104.430 Y130.291 Z5.836 E888.74274 ; infill
G1 X107.919 Y130.291 Z5.507 E888.87690 ; infill
G1 X116.119 Y130.291 Z4.549 E889.19223 ; infill
G1 X118.699 Y130.291 Z4.310 E889.29142 ; infill
G1 X121.401 Y130.291 Z4.163 E889.39532 ; infill
G1 X123.037 Y130.291 Z4.172 E889.45821 ; infill
G1 X122.916 Y129.833 Z4.166 E889.47642 ; infill
G1 X121.169 Y129.833 Z4.166 E889.54361 ; infill
G1 X118.570 Y129.833 Z4.311 E889.64354 ; infill
G1 X116.166 Y129.833 Z4.534 E889.73599 ; infill
G1 X107.857 Y129.833 Z5.513 E890.05549 ; infill
G1 X104.794 Y129.833 Z5.812 E890.17328 ; infill
G1 X102.050 Y129.833 Z6.001 E890.27880 ; infill
G1 X100.115 Y129.833 Z6.075 E890.35319 ; infill
G1 X98.583 Y129.833 Z6.095 E890.41210 ; infill
G1 X81.414 Y129.833 Z6.095 E891.07227 ; infill
G1 X79.882 Y129.833 Z6.075 E891.13117 ; infill
G1 X77.947 Y129.833 Z6.001 E891.20558 ; infill
G1 X75.202 Y129.833 Z5.812 E891.31112 ; infill
G1 X72.138 Y129.833 Z5.513 E891.42892 ; infill
G1 X63.829 Y129.833 Z4.534 E891.74844 ; infill
G1 X61.425 Y129.833 Z4.311 E891.84089 ; infill
G1 X58.826 Y129.833 Z4.166 E891.94083 ; infill
G1 X57.068 Y129.833 Z4.167 E892.00841 ; infill
G1 X57.188 Y129.375 Z4.160 E892.02660 ; infill
G1 X58.464 Y129.375 Z4.156 E892.07568 ; infill
G1 X59.682 Y129.375 Z4.198 E892.12250 ; infill
G1 X61.151 Y129.375 Z4.282 E892.17900 ; infill
G1 X62.637 Y129.375 Z4.409 E892.23613 ; infill
G1 X63.960 Y129.375 Z4.539 E892.28700 ; infill
G1 X66.163 Y129.375 Z4.791 E892.37173 ; infill
G1 X72.273 Y129.375 Z5.528 E892.60669 ; infill
G1 X75.512 Y129.375 Z5.842 E892.73121 ; infill
G1 X77.924 Y129.375 Z6.006 E892.82396 ; infill
G1 X79.169 Y129.375 Z6.061 E892.87184 ; infill
G1 X80.413 Y129.375 Z6.093 E892.91969 ; infill
G1 X82.634 Y129.375 Z6.104 E893.00508 ; infill
G1 X98.598 Y129.375 Z6.103 E893.61892 ; infill
G1 X99.859 Y129.375 Z6.089 E893.66740 ; infill
G1 X102.072 Y129.375 Z6.006 E893.75249 ; infill
G1 X104.484 Y129.375 Z5.842 E893.84522 ; infill
G1 X107.721 Y129.375 Z5.528 E893.96971 ; infill
G1 X115.209 Y129.375 Z4.633 E894.25765 ; infill
G1 X118.197 Y129.375 Z4.333 E894.37255 ; infill
G1 X119.467 Y129.375 Z4.242 E894.42139 ; infill
G1 X120.933 Y129.375 Z4.170 E894.47774 ; infill
G1 X122.796 Y129.375 Z4.159 E894.54937 ; infill
G1 X122.675 Y128.917 Z4.155 E894.56758 ; infill
G1 X121.625 Y128.917 Z4.152 E894.60796 ; infill
G1 X120.703 Y128.917 Z4.174 E894.64343 ; infill
G1 X119.768 Y128.917 Z4.216 E894.67937 ; infill
G1 X117.862 Y128.917 Z4.352 E894.75267 ; infill
G1 X115.908 Y128.917 Z4.543 E894.82781 ; infill
G1 X114.121 Y128.917 Z4.748 E894.89651 ; infill
G1 X107.626 Y128.917 Z5.537 E895.14628 ; infill
G1 X105.441 Y128.917 Z5.761 E895.23031 ; infill
G1 X103.210 Y128.917 Z5.942 E895.31607 ; infill
G1 X100.934 Y128.917 Z6.064 E895.40360 ; infill
G1 X99.779 Y128.917 Z6.098 E895.44802 ; infill
G1 X92.899 Y128.917 Z6.117 E895.71257 ; infill
G1 X81.385 Y128.917 Z6.111 E896.15527 ; infill
G1 X80.218 Y128.917 Z6.098 E896.20016 ; infill
G1 X77.918 Y128.917 Z6.012 E896.28859 ; infill
G1 X75.664 Y128.917 Z5.858 E896.37526 ; infill
G1 X72.368 Y128.917 Z5.537 E896.50198 ; infill
G1 X66.088 Y128.917 Z4.774 E896.74347 ; infill
G1 X64.087 Y128.917 Z4.543 E896.82043 ; infill
G1 X62.133 Y128.917 Z4.351 E896.89557 ; infill
G1 X60.227 Y128.917 Z4.215 E896.96886 ; infill
G1 X59.292 Y128.917 Z4.174 E897.00481 ; infill
G1 X57.333 Y128.917 Z4.152 E897.08015 ; infill
G1 X57.478 Y128.459 Z4.155 E897.09862 ; infill
G1 X58.513 Y128.459 Z4.151 E897.13843 ; infill
G1 X59.433 Y128.459 Z4.173 E897.17380 ; infill
G1 X60.364 Y128.459 Z4.215 E897.20961 ; infill
G1 X62.261 Y128.459 Z4.352 E897.28253 ; infill
G1 X64.202 Y128.459 Z4.543 E897.35719 ; infill
G1 X66.188 Y128.459 Z4.774 E897.43357 ; infill
G1 X72.415 Y128.459 Z5.540 E897.67302 ; infill
G1 X74.583 Y128.459 Z5.765 E897.75638 ; infill
G1 X76.798 Y128.459 Z5.947 E897.84154 ; infill
G1 X78.805 Y128.459 Z6.059 E897.91872 ; infill
G1 X80.211 Y128.459 Z6.105 E897.97276 ; infill
G1 X88.530 Y128.459 Z6.129 E898.29264 ; infill
G1 X98.623 Y128.459 Z6.118 E898.68075 ; infill
G1 X99.786 Y128.459 Z6.105 E898.72544 ; infill
G1 X102.073 Y128.459 Z6.017 E898.81338 ; infill
G1 X104.311 Y128.459 Z5.863 E898.89944 ; infill
G1 X107.579 Y128.459 Z5.540 E899.02512 ; infill
G1 X114.809 Y128.459 Z4.657 E899.30313 ; infill
G1 X117.734 Y128.459 Z4.352 E899.41562 ; infill
G1 X119.631 Y128.459 Z4.216 E899.48855 ; infill
G1 X120.562 Y128.459 Z4.173 E899.52436 ; infill
G1 X121.482 Y128.459 Z4.151 E899.55973 ; infill
G1 X122.524 Y128.459 Z4.155 E899.59981 ; infill
G1 X122.371 Y128.001 Z4.155 E899.61837 ; infill
G1 X121.339 Y128.001 Z4.151 E899.65807 ; infill
G1 X120.422 Y128.001 Z4.173 E899.69334 ; infill
G1 X119.328 Y128.001 Z4.226 E899.73539 ; infill
G1 X117.607 Y128.001 Z4.352 E899.80158 ; infill
G1 X115.678 Y128.001 Z4.544 E899.87576 ; infill
G1 X113.706 Y128.001 Z4.776 E899.95156 ; infill
G1 X107.530 Y128.001 Z5.543 E900.18905 ; infill
G1 X105.381 Y128.001 Z5.769 E900.27172 ; infill
G1 X103.183 Y128.001 Z5.952 E900.35623 ; infill
G1 X100.935 Y128.001 Z6.076 E900.44267 ; infill
G1 X99.791 Y128.001 Z6.111 E900.48665 ; infill
G1 X91.020 Y128.001 Z6.141 E900.82392 ; infill
G1 X81.363 Y128.001 Z6.126 E901.19523 ; infill
G1 X80.205 Y128.001 Z6.111 E901.23975 ; infill
G1 X77.930 Y128.001 Z6.023 E901.32721 ; infill
G1 X75.707 Y128.001 Z5.867 E901.41269 ; infill
G1 X72.688 Y128.001 Z5.567 E901.52880 ; infill
G1 X66.288 Y128.001 Z4.775 E901.77489 ; infill
G1 X64.317 Y128.001 Z4.544 E901.85069 ; infill
G1 X62.388 Y128.001 Z4.352 E901.92486 ; infill
G1 X60.501 Y128.001 Z4.215 E901.99742 ; infill
G1 X59.573 Y128.001 Z4.173 E902.03309 ; infill
G1 X58.656 Y128.001 Z4.151 E902.06837 ; infill
G1 X57.623 Y128.001 Z4.155 E902.10811 ; infill
G1 X57.785 Y127.543 Z4.155 E902.12678 ; infill
G1 X58.810 Y127.543 Z4.151 E902.16622 ; infill
G1 X59.726 Y127.543 Z4.173 E902.20144 ; infill
G1 X60.652 Y127.543 Z4.215 E902.23702 ; infill
G1 X62.530 Y127.543 Z4.352 E902.30927 ; infill
G1 X64.447 Y127.543 Z4.544 E902.38298 ; infill
G1 X66.403 Y127.543 Z4.776 E902.45820 ; infill
G1 X72.520 Y127.543 Z5.545 E902.69341 ; infill
G1 X74.650 Y127.543 Z5.772 E902.77533 ; infill
G1 X76.830 Y127.543 Z5.956 E902.85915 ; infill
G1 X78.776 Y127.543 Z6.068 E902.93396 ; infill
G1 X80.201 Y127.543 Z6.118 E902.98875 ; infill
G1 X89.422 Y127.543 Z6.152 E903.34333 ; infill
G1 X98.643 Y127.543 Z6.133 E903.69789 ; infill
G1 X99.795 Y127.543 Z6.118 E903.74219 ; infill
G1 X102.056 Y127.543 Z6.028 E903.82910 ; infill
G1 X104.261 Y127.543 Z5.870 E903.91390 ; infill
G1 X107.474 Y127.543 Z5.545 E904.03745 ; infill
G1 X114.306 Y127.543 Z4.690 E904.30017 ; infill
G1 X115.547 Y127.543 Z4.544 E904.34790 ; infill
G1 X117.464 Y127.543 Z4.352 E904.42162 ; infill
G1 X119.343 Y127.543 Z4.215 E904.49387 ; infill
G1 X120.269 Y127.543 Z4.173 E904.52945 ; infill
G1 X121.185 Y127.543 Z4.151 E904.56468 ; infill
G1 X122.214 Y127.543 Z4.155 E904.60425 ; infill
G1 X122.034 Y127.086 Z4.154 E904.62318 ; infill
G1 X121.017 Y127.086 Z4.151 E904.66227 ; infill
G1 X120.104 Y127.086 Z4.173 E904.69738 ; infill
G1 X119.183 Y127.086 Z4.215 E904.73280 ; infill
G1 X117.315 Y127.086 Z4.352 E904.80462 ; infill
G1 X115.413 Y127.086 Z4.544 E904.87777 ; infill
G1 X113.474 Y127.086 Z4.776 E904.95231 ; infill
G1 X107.418 Y127.086 Z5.548 E905.18521 ; infill
G1 X105.308 Y127.086 Z5.775 E905.26635 ; infill
G1 X103.147 Y127.086 Z5.960 E905.34944 ; infill
G1 X100.930 Y127.086 Z6.087 E905.43467 ; infill
G1 X99.800 Y127.086 Z6.124 E905.47815 ; infill
G1 X90.129 Y127.086 Z6.163 E905.84999 ; infill
G1 X81.344 Y127.086 Z6.140 E906.18780 ; infill
G1 X80.197 Y127.086 Z6.124 E906.23190 ; infill
G1 X77.950 Y127.086 Z6.032 E906.31829 ; infill
G1 X75.761 Y127.086 Z5.874 E906.40245 ; infill
G1 X72.651 Y127.086 Z5.556 E906.52204 ; infill
G1 X66.520 Y127.086 Z4.776 E906.75780 ; infill
G1 X64.582 Y127.086 Z4.544 E906.83234 ; infill
G1 X62.680 Y127.086 Z4.352 E906.90548 ; infill
G1 X60.812 Y127.086 Z4.215 E906.97729 ; infill
G1 X59.891 Y127.086 Z4.173 E907.01271 ; infill
G1 X58.978 Y127.086 Z4.151 E907.04782 ; infill
G1 X57.965 Y127.086 Z4.154 E907.08676 ; infill
G1 X58.146 Y126.628 Z4.154 E907.10569 ; infill
G1 X59.147 Y126.628 Z4.151 E907.14416 ; infill
G1 X60.058 Y126.628 Z4.173 E907.17921 ; infill
G1 X60.977 Y126.628 Z4.215 E907.21453 ; infill
G1 X62.835 Y126.628 Z4.351 E907.28600 ; infill
G1 X64.724 Y126.628 Z4.544 E907.35862 ; infill
G1 X66.645 Y126.628 Z4.776 E907.43250 ; infill
G1 X72.637 Y126.628 Z5.549 E907.66293 ; infill
G1 X74.726 Y126.628 Z5.777 E907.74325 ; infill
G1 X76.868 Y126.628 Z5.964 E907.82561 ; infill
G1 X78.781 Y126.628 Z6.078 E907.89918 ; infill
G1 X80.193 Y126.628 Z6.130 E907.95346 ; infill
G1 X89.998 Y126.628 Z6.174 E908.33048 ; infill
G1 X98.662 Y126.628 Z6.146 E908.66362 ; infill
G1 X99.803 Y126.628 Z6.130 E908.70749 ; infill
G1 X102.035 Y126.628 Z6.036 E908.79331 ; infill
G1 X104.205 Y126.628 Z5.877 E908.87675 ; infill
G1 X107.357 Y126.628 Z5.549 E908.99795 ; infill
G1 X113.891 Y126.628 Z4.710 E909.24924 ; infill
G1 X115.271 Y126.628 Z4.544 E909.30228 ; infill
G1 X117.160 Y126.628 Z4.352 E909.37491 ; infill
G1 X119.018 Y126.628 Z4.215 E909.44637 ; infill
G1 X119.937 Y126.628 Z4.173 E909.48169 ; infill
G1 X120.848 Y126.628 Z4.151 E909.51675 ; infill
G1 X121.853 Y126.628 Z4.154 E909.55538 ; infill
G1 X121.665 Y126.170 Z4.154 E909.57441 ; infill
G1 X120.660 Y126.170 Z4.151 E909.61306 ; infill
G1 X119.752 Y126.170 Z4.173 E909.64797 ; infill
G1 X118.838 Y126.170 Z4.215 E909.68311 ; infill
G1 X116.993 Y126.170 Z4.351 E909.75406 ; infill
G1 X115.122 Y126.170 Z4.544 E909.82602 ; infill
G1 X113.221 Y126.170 Z4.776 E909.89913 ; infill
G1 X107.296 Y126.170 Z5.550 E910.12696 ; infill
G1 X105.230 Y126.170 Z5.780 E910.20642 ; infill
G1 X103.108 Y126.170 Z5.967 E910.28799 ; infill
G1 X100.925 Y126.170 Z6.097 E910.37195 ; infill
G1 X99.808 Y126.170 Z6.135 E910.41490 ; infill
G1 X97.281 Y126.170 Z6.161 E910.51206 ; infill
G1 X89.998 Y126.170 Z6.185 E910.79209 ; infill
G1 X81.324 Y126.170 Z6.153 E911.12561 ; infill
G1 X80.188 Y126.170 Z6.135 E911.16928 ; infill
G1 X77.971 Y126.170 Z6.040 E911.25455 ; infill
G1 X75.819 Y126.170 Z5.879 E911.33730 ; infill
G1 X72.750 Y126.170 Z5.556 E911.45530 ; infill
G1 X66.774 Y126.170 Z4.776 E911.68511 ; infill
G1 X64.873 Y126.170 Z4.544 E911.75821 ; infill
G1 X63.002 Y126.170 Z4.351 E911.83017 ; infill
G1 X61.157 Y126.170 Z4.215 E911.90112 ; infill
G1 X60.243 Y126.170 Z4.173 E911.93625 ; infill
G1 X58.329 Y126.170 Z4.151 E912.00983 ; infill
G1 X58.540 Y125.712 Z4.151 E912.02921 ; infill
G1 X60.428 Y125.712 Z4.172 E912.10179 ; infill
G1 X61.337 Y125.712 Z4.214 E912.13676 ; infill
G1 X63.171 Y125.712 Z4.351 E912.20726 ; infill
G1 X65.025 Y125.712 Z4.543 E912.27859 ; infill
G1 X66.906 Y125.712 Z4.776 E912.35091 ; infill
G1 X72.759 Y125.712 Z5.551 E912.57600 ; infill
G1 X75.649 Y125.712 Z5.863 E912.68711 ; infill
G1 X77.894 Y125.712 Z6.038 E912.77342 ; infill
G1 X79.073 Y125.712 Z6.101 E912.81877 ; infill
G1 X81.313 Y125.712 Z6.159 E912.90493 ; infill
G1 X89.998 Y125.712 Z6.196 E913.23886 ; infill
G1 X98.683 Y125.712 Z6.159 E913.57280 ; infill
G1 X99.813 Y125.712 Z6.140 E913.61624 ; infill
G1 X102.015 Y125.712 Z6.044 E913.70093 ; infill
G1 X104.148 Y125.712 Z5.882 E913.78295 ; infill
G1 X107.235 Y125.712 Z5.551 E913.90165 ; infill
G1 X113.710 Y125.712 Z4.698 E914.15066 ; infill
G1 X114.969 Y125.712 Z4.543 E914.19907 ; infill
G1 X116.824 Y125.712 Z4.351 E914.27040 ; infill
G1 X118.658 Y125.712 Z4.214 E914.34090 ; infill
G1 X119.567 Y125.712 Z4.172 E914.37588 ; infill
G1 X120.472 Y125.712 Z4.151 E914.41066 ; infill
G1 X121.463 Y125.712 Z4.153 E914.44875 ; infill
G1 X121.260 Y125.254 Z4.153 E914.46800 ; infill
G1 X120.273 Y125.254 Z4.150 E914.50596 ; infill
G1 X119.371 Y125.254 Z4.172 E914.54063 ; infill
G1 X118.467 Y125.254 Z4.214 E914.57540 ; infill
G1 X116.648 Y125.254 Z4.350 E914.64532 ; infill
G1 X114.813 Y125.254 Z4.543 E914.71590 ; infill
G1 X112.998 Y125.254 Z4.770 E914.78568 ; infill
G1 X107.175 Y125.254 Z5.552 E915.00962 ; infill
G1 X104.122 Y125.254 Z5.883 E915.12702 ; infill
G1 X102.008 Y125.254 Z6.047 E915.20832 ; infill
G1 X99.819 Y125.254 Z6.145 E915.29246 ; infill
G1 X98.695 Y125.254 Z6.165 E915.33570 ; infill
G1 X89.998 Y125.254 Z6.208 E915.67009 ; infill
G1 X81.302 Y125.254 Z6.165 E916.00448 ; infill
G1 X79.815 Y125.254 Z6.132 E916.06163 ; infill
G1 X77.988 Y125.254 Z6.047 E916.13189 ; infill
G1 X75.873 Y125.254 Z5.883 E916.21322 ; infill
G1 X72.819 Y125.254 Z5.551 E916.33065 ; infill
G1 X67.040 Y125.254 Z4.775 E916.55288 ; infill
G1 X65.182 Y125.254 Z4.543 E916.62435 ; infill
G1 X63.347 Y125.254 Z4.350 E916.69492 ; infill
G1 X61.528 Y125.254 Z4.214 E916.76484 ; infill
G1 X60.624 Y125.254 Z4.172 E916.79961 ; infill
G1 X58.750 Y125.254 Z4.153 E916.87165 ; infill
G1 X58.961 Y124.796 Z4.152 E916.89103 ; infill
G1 X60.824 Y124.796 Z4.171 E916.96267 ; infill
G1 X61.723 Y124.796 Z4.213 E916.99723 ; infill
G1 X63.526 Y124.796 Z4.349 E917.06657 ; infill
G1 X65.342 Y124.796 Z4.541 E917.13637 ; infill
G1 X67.176 Y124.796 Z4.774 E917.20692 ; infill
G1 X72.894 Y124.796 Z5.553 E917.42682 ; infill
G1 X75.898 Y124.796 Z5.885 E917.54233 ; infill
G1 X77.994 Y124.796 Z6.049 E917.62294 ; infill
G1 X80.169 Y124.796 Z6.150 E917.70655 ; infill
G1 X81.289 Y124.796 Z6.171 E917.74960 ; infill
G1 X89.998 Y124.796 Z6.219 E918.08450 ; infill
G1 X98.708 Y124.796 Z6.171 E918.41939 ; infill
G1 X99.827 Y124.796 Z6.150 E918.46243 ; infill
G1 X102.001 Y124.796 Z6.050 E918.54602 ; infill
G1 X104.097 Y124.796 Z5.885 E918.62661 ; infill
G1 X107.116 Y124.796 Z5.551 E918.74271 ; infill
G1 X112.819 Y124.796 Z4.774 E918.96201 ; infill
G1 X114.653 Y124.796 Z4.542 E919.03256 ; infill
G1 X116.469 Y124.796 Z4.349 E919.10237 ; infill
G1 X118.272 Y124.796 Z4.213 E919.17171 ; infill
G1 X119.171 Y124.796 Z4.172 E919.20627 ; infill
G1 X120.069 Y124.796 Z4.150 E919.24081 ; infill
G1 X121.047 Y124.796 Z4.153 E919.27841 ; infill
G1 X120.826 Y124.339 Z4.152 E919.29796 ; infill
G1 X118.967 Y124.339 Z4.171 E919.36943 ; infill
G1 X118.074 Y124.339 Z4.213 E919.40378 ; infill
G1 X116.286 Y124.339 Z4.348 E919.47249 ; infill
G1 X114.493 Y124.339 Z4.540 E919.54147 ; infill
G1 X113.060 Y124.339 Z4.723 E919.59657 ; infill
G1 X107.060 Y124.339 Z5.550 E919.82730 ; infill
G1 X104.075 Y124.339 Z5.885 E919.94211 ; infill
G1 X101.997 Y124.339 Z6.052 E920.02201 ; infill
G1 X99.836 Y124.339 Z6.154 E920.10508 ; infill
G1 X98.722 Y124.339 Z6.176 E920.14793 ; infill
G1 X89.998 Y124.339 Z6.230 E920.48336 ; infill
G1 X81.275 Y124.339 Z6.176 E920.81879 ; infill
G1 X79.613 Y124.339 Z6.134 E920.88267 ; infill
G1 X77.999 Y124.339 Z6.052 E920.94473 ; infill
G1 X75.921 Y124.339 Z5.885 E921.02466 ; infill
G1 X73.658 Y124.339 Z5.638 E921.11167 ; infill
G1 X71.635 Y124.339 Z5.379 E921.18945 ; infill
G1 X67.312 Y124.339 Z4.772 E921.35572 ; infill
G1 X65.502 Y124.339 Z4.540 E921.42531 ; infill
G1 X63.708 Y124.339 Z4.348 E921.49429 ; infill
G1 X61.921 Y124.339 Z4.213 E921.56300 ; infill
G1 X61.028 Y124.339 Z4.171 E921.59734 ; infill
G1 X59.172 Y124.339 Z4.152 E921.66873 ; infill
G1 X59.382 Y123.881 Z4.152 E921.68812 ; infill
G1 X60.350 Y123.881 Z4.149 E921.72533 ; infill
G1 X62.125 Y123.881 Z4.212 E921.79358 ; infill
G1 X63.893 Y123.881 Z4.347 E921.86157 ; infill
G1 X65.664 Y123.881 Z4.539 E921.92966 ; infill
G1 X67.448 Y123.881 Z4.771 E921.99825 ; infill
G1 X72.990 Y123.881 Z5.549 E922.21141 ; infill
G1 X75.702 Y123.881 Z5.862 E922.31568 ; infill
G1 X77.796 Y123.881 Z6.039 E922.39621 ; infill
G1 X79.066 Y123.881 Z6.115 E922.44503 ; infill
G1 X81.261 Y123.881 Z6.182 E922.52943 ; infill
G1 X89.998 Y123.881 Z6.241 E922.86539 ; infill
G1 X98.736 Y123.881 Z6.182 E923.20135 ; infill
G1 X99.845 Y123.881 Z6.158 E923.24401 ; infill
G1 X101.992 Y123.881 Z6.054 E923.32655 ; infill
G1 X104.052 Y123.881 Z5.886 E923.40577 ; infill
G1 X107.004 Y123.881 Z5.549 E923.51929 ; infill
G1 X113.549 Y123.881 Z4.638 E923.77098 ; infill
G1 X116.102 Y123.881 Z4.347 E923.86915 ; infill
G1 X117.870 Y123.881 Z4.212 E923.93714 ; infill
G1 X118.756 Y123.881 Z4.170 E923.97122 ; infill
G1 X120.604 Y123.881 Z4.152 E924.04228 ; infill
G1 X120.383 Y123.423 Z4.152 E924.06183 ; infill
G1 X119.429 Y123.423 Z4.149 E924.09851 ; infill
G1 X117.666 Y123.423 Z4.211 E924.16629 ; infill
G1 X115.917 Y123.423 Z4.346 E924.23356 ; infill
G1 X114.169 Y123.423 Z4.537 E924.30076 ; infill
G1 X112.359 Y123.423 Z4.776 E924.37035 ; infill
G1 X106.948 Y123.423 Z5.548 E924.57847 ; infill
G1 X104.030 Y123.423 Z5.886 E924.69069 ; infill
G1 X101.988 Y123.423 Z6.055 E924.76921 ; infill
G1 X99.854 Y123.423 Z6.162 E924.85123 ; infill
G1 X98.750 Y123.423 Z6.187 E924.89370 ; infill
G1 X89.998 Y123.423 Z6.252 E925.23021 ; infill
G1 X85.950 Y123.423 Z6.234 E925.38589 ; infill
G1 X81.247 Y123.423 Z6.187 E925.56672 ; infill
G1 X79.247 Y123.423 Z6.126 E925.64359 ; infill
G1 X78.008 Y123.423 Z6.055 E925.69124 ; infill
G1 X75.966 Y123.423 Z5.886 E925.76978 ; infill
G1 X73.182 Y123.423 Z5.565 E925.87681 ; infill
G1 X67.583 Y123.423 Z4.769 E926.09213 ; infill
G1 X65.826 Y123.423 Z4.537 E926.15972 ; infill
G1 X64.078 Y123.423 Z4.346 E926.22692 ; infill
G1 X62.329 Y123.423 Z4.211 E926.29419 ; infill
G1 X61.450 Y123.423 Z4.170 E926.32799 ; infill
G1 X59.605 Y123.423 Z4.152 E926.39894 ; infill
G1 X59.827 Y122.965 Z4.152 E926.41851 ; infill
G1 X60.783 Y122.965 Z4.148 E926.45528 ; infill
G1 X62.534 Y122.965 Z4.210 E926.52258 ; infill
G1 X64.265 Y122.965 Z4.344 E926.58914 ; infill
G1 X65.989 Y122.965 Z4.535 E926.65544 ; infill
G1 X67.720 Y122.965 Z4.766 E926.72203 ; infill
G1 X72.005 Y122.965 Z5.394 E926.88681 ; infill
G1 X73.918 Y122.965 Z5.649 E926.96039 ; infill
G1 X75.988 Y122.965 Z5.885 E927.03997 ; infill
G1 X78.012 Y122.965 Z6.057 E927.11782 ; infill
G1 X79.614 Y122.965 Z6.144 E927.17941 ; infill
G1 X81.232 Y122.965 Z6.192 E927.24162 ; infill
G1 X84.917 Y122.965 Z6.235 E927.38330 ; infill
G1 X89.998 Y122.965 Z6.263 E927.57869 ; infill
G1 X94.574 Y122.965 Z6.240 E927.75463 ; infill
G1 X98.765 Y122.965 Z6.192 E927.91576 ; infill
G1 X99.864 Y122.965 Z6.165 E927.95804 ; infill
G1 X101.984 Y122.965 Z6.057 E928.03954 ; infill
G1 X104.008 Y122.965 Z5.885 E928.11736 ; infill
G1 X106.892 Y122.965 Z5.546 E928.22828 ; infill
G1 X112.843 Y122.965 Z4.688 E928.45714 ; infill
G1 X114.006 Y122.965 Z4.535 E928.50188 ; infill
G1 X115.730 Y122.965 Z4.344 E928.56818 ; infill
G1 X117.461 Y122.965 Z4.210 E928.63474 ; infill
G1 X118.333 Y122.965 Z4.169 E928.66828 ; infill
G1 X120.161 Y122.965 Z4.152 E928.73856 ; infill
G1 X119.940 Y122.507 Z4.151 E928.75812 ; infill
G1 X118.120 Y122.507 Z4.168 E928.82810 ; infill
G1 X116.397 Y122.507 Z4.268 E928.89435 ; infill
G1 X115.543 Y122.507 Z4.342 E928.92717 ; infill
G1 X113.323 Y122.507 Z4.601 E929.01255 ; infill
G1 X106.836 Y122.507 Z5.544 E929.26204 ; infill
G1 X104.955 Y122.507 Z5.780 E929.33437 ; infill
G1 X102.994 Y122.507 Z5.978 E929.40977 ; infill
G1 X101.980 Y122.507 Z6.058 E929.44879 ; infill
G1 X99.874 Y122.507 Z6.169 E929.52975 ; infill
G1 X98.779 Y122.507 Z6.196 E929.57184 ; infill
G1 X94.593 Y122.507 Z6.249 E929.73279 ; infill
G1 X89.998 Y122.507 Z6.274 E929.90948 ; infill
G1 X85.399 Y122.507 Z6.249 E930.08632 ; infill
G1 X81.217 Y122.507 Z6.196 E930.24711 ; infill
G1 X79.981 Y122.507 Z6.163 E930.29466 ; infill
G1 X78.016 Y122.507 Z6.058 E930.37020 ; infill
G1 X76.010 Y122.507 Z5.885 E930.44735 ; infill
G1 X74.654 Y122.507 Z5.733 E930.49949 ; infill
G1 X72.753 Y122.507 Z5.487 E930.57260 ; infill
G1 X67.857 Y122.507 Z4.763 E930.76088 ; infill
G1 X66.152 Y122.507 Z4.532 E930.82645 ; infill
G1 X64.452 Y122.507 Z4.342 E930.89184 ; infill
G1 X62.740 Y122.507 Z4.209 E930.95766 ; infill
G1 X61.875 Y122.507 Z4.168 E930.99091 ; infill
G1 X60.049 Y122.507 Z4.152 E931.06111 ; infill
G1 X60.272 Y122.049 Z4.151 E931.08069 ; infill
G1 X62.089 Y122.049 Z4.168 E931.15056 ; infill
G1 X63.795 Y122.049 Z4.266 E931.21618 ; infill
G1 X64.639 Y122.049 Z4.341 E931.24860 ; infill
G1 X66.316 Y122.049 Z4.530 E931.31309 ; infill
G1 X67.995 Y122.049 Z4.761 E931.37766 ; infill
G1 X73.217 Y122.049 Z5.541 E931.57849 ; infill
G1 X75.074 Y122.049 Z5.778 E931.64994 ; infill
G1 X76.190 Y122.049 Z5.899 E931.69284 ; infill
G1 X78.022 Y122.049 Z6.058 E931.76327 ; infill
G1 X80.114 Y122.049 Z6.172 E931.84371 ; infill
G1 X81.520 Y122.049 Z6.207 E931.89780 ; infill
G1 X85.906 Y122.049 Z6.263 E932.06643 ; infill
G1 X89.998 Y122.049 Z6.285 E932.22378 ; infill
G1 X94.613 Y122.049 Z6.258 E932.40123 ; infill
G1 X98.793 Y122.049 Z6.201 E932.56195 ; infill
G1 X99.882 Y122.049 Z6.172 E932.60384 ; infill
G1 X101.974 Y122.049 Z6.058 E932.68426 ; infill
G1 X103.962 Y122.049 Z5.884 E932.76068 ; infill
G1 X106.778 Y122.049 Z5.541 E932.86899 ; infill
G1 X112.157 Y122.049 Z4.739 E933.07585 ; infill
G1 X113.679 Y122.049 Z4.530 E933.13441 ; infill
G1 X115.356 Y122.049 Z4.341 E933.19890 ; infill
G1 X117.016 Y122.049 Z4.210 E933.26270 ; infill
G1 X117.906 Y122.049 Z4.168 E933.29694 ; infill
G1 X119.719 Y122.049 Z4.151 E933.36663 ; infill
G1 X119.497 Y121.591 Z4.151 E933.38619 ; infill
G1 X117.694 Y121.591 Z4.167 E933.45551 ; infill
G1 X116.003 Y121.591 Z4.265 E933.52053 ; infill
G1 X115.170 Y121.591 Z4.339 E933.55259 ; infill
G1 X113.515 Y121.591 Z4.528 E933.61623 ; infill
G1 X111.861 Y121.591 Z4.758 E933.67984 ; infill
G1 X106.718 Y121.591 Z5.538 E933.87764 ; infill
G1 X104.884 Y121.591 Z5.776 E933.94815 ; infill
G1 X102.964 Y121.591 Z5.977 E934.02197 ; infill
G1 X101.967 Y121.591 Z6.058 E934.06030 ; infill
G1 X99.891 Y121.591 Z6.174 E934.14016 ; infill
G1 X98.807 Y121.591 Z6.205 E934.18184 ; infill
G1 X94.633 Y121.591 Z6.267 E934.34231 ; infill
G1 X89.998 Y121.591 Z6.296 E934.52053 ; infill
G1 X85.363 Y121.591 Z6.267 E934.69874 ; infill
G1 X81.190 Y121.591 Z6.205 E934.85922 ; infill
G1 X79.618 Y121.591 Z6.153 E934.91967 ; infill
G1 X78.028 Y121.591 Z6.058 E934.98078 ; infill
G1 X76.059 Y121.591 Z5.882 E935.05649 ; infill
G1 X74.164 Y121.591 Z5.655 E935.12938 ; infill
G1 X72.351 Y121.591 Z5.404 E935.19911 ; infill
G1 X68.134 Y121.591 Z4.757 E935.36128 ; infill
G1 X66.480 Y121.591 Z4.527 E935.42488 ; infill
G1 X64.826 Y121.591 Z4.339 E935.48852 ; infill
G1 X63.151 Y121.591 Z4.207 E935.55291 ; infill
G1 X62.301 Y121.591 Z4.167 E935.58560 ; infill
G1 X60.494 Y121.591 Z4.151 E935.65508 ; infill
G1 X60.716 Y121.134 Z4.151 E935.67465 ; infill
G1 X62.513 Y121.134 Z4.166 E935.74372 ; infill
G1 X64.188 Y121.134 Z4.263 E935.80815 ; infill
G1 X65.012 Y121.134 Z4.337 E935.83984 ; infill
G1 X66.645 Y121.134 Z4.525 E935.90263 ; infill
G1 X68.274 Y121.134 Z4.754 E935.96528 ; infill
G1 X73.043 Y121.134 Z5.492 E936.14871 ; infill
G1 X74.852 Y121.134 Z5.736 E936.21826 ; infill
G1 X76.085 Y121.134 Z5.880 E936.26568 ; infill
G1 X78.035 Y121.134 Z6.058 E936.34065 ; infill
G1 X79.975 Y121.134 Z6.172 E936.41526 ; infill
G1 X81.176 Y121.134 Z6.209 E936.46144 ; infill
G1 X85.358 Y121.134 Z6.276 E936.62223 ; infill
G1 X89.998 Y121.134 Z6.307 E936.80065 ; infill
G1 X94.653 Y121.134 Z6.276 E936.97963 ; infill
G1 X98.820 Y121.134 Z6.209 E937.13986 ; infill
G1 X99.899 Y121.134 Z6.177 E937.18133 ; infill
G1 X101.961 Y121.134 Z6.058 E937.26062 ; infill
G1 X103.910 Y121.134 Z5.880 E937.33558 ; infill
G1 X106.657 Y121.134 Z5.534 E937.44121 ; infill
G1 X111.721 Y121.134 Z4.754 E937.63597 ; infill
G1 X113.350 Y121.134 Z4.525 E937.69862 ; infill
G1 X114.983 Y121.134 Z4.337 E937.76141 ; infill
G1 X116.639 Y121.134 Z4.205 E937.82511 ; infill
G1 X117.483 Y121.134 Z4.166 E937.85753 ; infill
G1 X119.276 Y121.134 Z4.151 E937.92649 ; infill
G1 X119.054 Y120.676 Z4.150 E937.94604 ; infill
G1 X117.271 Y120.676 Z4.165 E938.01462 ; infill
G1 X115.611 Y120.676 Z4.262 E938.07846 ; infill
G1 X114.796 Y120.676 Z4.335 E938.10979 ; infill
G1 X113.184 Y120.676 Z4.522 E938.17176 ; infill
G1 X111.579 Y120.676 Z4.751 E938.23349 ; infill
G1 X106.593 Y120.676 Z5.531 E938.42526 ; infill
G1 X104.808 Y120.676 Z5.771 E938.49393 ; infill
G1 X102.930 Y120.676 Z5.975 E938.56612 ; infill
G1 X101.952 Y120.676 Z6.058 E938.60374 ; infill
G1 X99.905 Y120.676 Z6.179 E938.68245 ; infill
G1 X98.832 Y120.676 Z6.213 E938.72369 ; infill
G1 X94.673 Y120.676 Z6.285 E938.88363 ; infill
G1 X89.998 Y120.676 Z6.318 E939.06337 ; infill
G1 X86.146 Y120.676 Z6.294 E939.21151 ; infill
G1 X81.657 Y120.676 Z6.224 E939.38408 ; infill
G1 X80.091 Y120.676 Z6.179 E939.44430 ; infill
G1 X78.044 Y120.676 Z6.058 E939.52302 ; infill
G1 X76.114 Y120.676 Z5.878 E939.59724 ; infill
G1 X73.864 Y120.676 Z5.594 E939.68374 ; infill
G1 X72.125 Y120.676 Z5.338 E939.75064 ; infill
G1 X68.416 Y120.676 Z4.751 E939.89330 ; infill
G1 X66.811 Y120.676 Z4.522 E939.95503 ; infill
G1 X65.199 Y120.676 Z4.335 E940.01699 ; infill
G1 X63.560 Y120.676 Z4.204 E940.08002 ; infill
G1 X62.724 Y120.676 Z4.165 E940.11217 ; infill
G1 X60.939 Y120.676 Z4.150 E940.18083 ; infill
G1 X61.161 Y120.218 Z4.150 E940.20040 ; infill
G1 X62.933 Y120.218 Z4.164 E940.26855 ; infill
G1 X64.580 Y120.218 Z4.260 E940.33187 ; infill
G1 X65.386 Y120.218 Z4.333 E940.36287 ; infill
G1 X66.978 Y120.218 Z4.519 E940.42406 ; infill
G1 X68.559 Y120.218 Z4.747 E940.48489 ; infill
G1 X73.041 Y120.218 Z5.463 E940.65729 ; infill
G1 X74.797 Y120.218 Z5.710 E940.72479 ; infill
G1 X76.145 Y120.218 Z5.876 E940.77663 ; infill
G1 X78.055 Y120.218 Z6.057 E940.85007 ; infill
G1 X79.899 Y120.218 Z6.172 E940.92098 ; infill
G1 X81.152 Y120.218 Z6.217 E940.96919 ; infill
G1 X85.314 Y120.218 Z6.294 E941.12919 ; infill
G1 X89.998 Y120.218 Z6.329 E941.30931 ; infill
G1 X94.692 Y120.218 Z6.294 E941.48981 ; infill
G1 X98.844 Y120.218 Z6.217 E941.64944 ; infill
G1 X99.910 Y120.218 Z6.181 E941.69044 ; infill
G1 X101.941 Y120.218 Z6.058 E941.76852 ; infill
G1 X102.910 Y120.218 Z5.973 E941.80577 ; infill
G1 X104.765 Y120.218 Z5.768 E941.87713 ; infill
G1 X106.527 Y120.218 Z5.527 E941.94486 ; infill
G1 X111.436 Y120.218 Z4.748 E942.13368 ; infill
G1 X113.018 Y120.218 Z4.520 E942.19451 ; infill
G1 X114.609 Y120.218 Z4.333 E942.25570 ; infill
G1 X116.232 Y120.218 Z4.203 E942.31811 ; infill
G1 X117.062 Y120.218 Z4.164 E942.35002 ; infill
G1 X118.833 Y120.218 Z4.150 E942.41814 ; infill
G1 X118.619 Y119.760 Z4.150 E942.43758 ; infill
G1 X116.853 Y119.760 Z4.164 E942.50549 ; infill
G1 X115.220 Y119.760 Z4.259 E942.56828 ; infill
G1 X114.422 Y119.760 Z4.331 E942.59895 ; infill
G1 X112.851 Y119.760 Z4.517 E942.65938 ; infill
G1 X111.291 Y119.760 Z4.744 E942.71934 ; infill
G1 X106.458 Y119.760 Z5.523 E942.90524 ; infill
G1 X104.721 Y119.760 Z5.764 E942.97203 ; infill
G1 X102.888 Y119.760 Z5.971 E943.04254 ; infill
G1 X101.929 Y119.760 Z6.057 E943.07941 ; infill
G1 X99.915 Y119.760 Z6.183 E943.15686 ; infill
G1 X97.527 Y119.760 Z6.252 E943.24866 ; infill
G1 X93.213 Y119.760 Z6.321 E943.41454 ; infill
G1 X89.998 Y119.760 Z6.340 E943.53816 ; infill
G1 X86.107 Y119.760 Z6.313 E943.68778 ; infill
G1 X81.617 Y119.760 Z6.233 E943.86041 ; infill
G1 X80.081 Y119.760 Z6.183 E943.91948 ; infill
G1 X78.067 Y119.760 Z6.057 E943.99694 ; infill
G1 X76.177 Y119.760 Z5.873 E944.06959 ; infill
G1 X73.946 Y119.760 Z5.581 E944.15541 ; infill
G1 X68.704 Y119.760 Z4.744 E944.35704 ; infill
G1 X67.145 Y119.760 Z4.517 E944.41700 ; infill
G1 X65.573 Y119.760 Z4.331 E944.47742 ; infill
G1 X63.966 Y119.760 Z4.202 E944.53921 ; infill
G1 X63.143 Y119.760 Z4.163 E944.57088 ; infill
G1 X61.376 Y119.760 Z4.150 E944.63882 ; infill
G1 X61.590 Y119.302 Z4.150 E944.65825 ; infill
G1 X63.350 Y119.302 Z4.163 E944.72592 ; infill
G1 X64.970 Y119.302 Z4.257 E944.78822 ; infill
G1 X65.760 Y119.302 Z4.329 E944.81857 ; infill
G1 X67.312 Y119.302 Z4.514 E944.87827 ; infill
G1 X68.849 Y119.302 Z4.740 E944.93738 ; infill
G1 X73.607 Y119.302 Z5.519 E945.12038 ; infill
G1 X75.319 Y119.302 Z5.761 E945.18625 ; infill
G1 X76.893 Y119.302 Z5.944 E945.24675 ; infill
G1 X78.080 Y119.302 Z6.056 E945.29240 ; infill
G1 X80.077 Y119.302 Z6.185 E945.36921 ; infill
G1 X82.288 Y119.302 Z6.254 E945.45420 ; infill
G1 X86.766 Y119.302 Z6.331 E945.62640 ; infill
G1 X89.998 Y119.302 Z6.351 E945.75068 ; infill
G1 X93.230 Y119.302 Z6.331 E945.87495 ; infill
G1 X97.544 Y119.302 Z6.257 E946.04081 ; infill
G1 X99.919 Y119.302 Z6.185 E946.13213 ; infill
G1 X101.916 Y119.302 Z6.056 E946.20893 ; infill
G1 X102.865 Y119.302 Z5.969 E946.24541 ; infill
G1 X104.676 Y119.302 Z5.761 E946.31505 ; infill
G1 X106.388 Y119.302 Z5.519 E946.38090 ; infill
G1 X111.146 Y119.302 Z4.741 E946.56391 ; infill
G1 X112.683 Y119.302 Z4.514 E946.62303 ; infill
G1 X114.236 Y119.302 Z4.329 E946.68272 ; infill
G1 X115.827 Y119.302 Z4.201 E946.74393 ; infill
G1 X116.645 Y119.302 Z4.163 E946.77538 ; infill
G1 X118.404 Y119.302 Z4.150 E946.84302 ; infill
G1 X118.190 Y118.844 Z4.149 E946.86246 ; infill
G1 X116.438 Y118.844 Z4.162 E946.92982 ; infill
G1 X114.831 Y118.844 Z4.255 E946.99163 ; infill
G1 X114.049 Y118.844 Z4.327 E947.02167 ; infill
G1 X112.517 Y118.844 Z4.511 E947.08062 ; infill
G1 X111.002 Y118.844 Z4.737 E947.13887 ; infill
G1 X106.319 Y118.844 Z5.515 E947.31899 ; infill
G1 X104.632 Y118.844 Z5.757 E947.38390 ; infill
G1 X102.843 Y118.844 Z5.967 E947.45267 ; infill
G1 X101.904 Y118.844 Z6.054 E947.48877 ; infill
G1 X99.924 Y118.844 Z6.186 E947.56491 ; infill
G1 X97.562 Y118.844 Z6.263 E947.65574 ; infill
G1 X93.248 Y118.844 Z6.341 E947.82161 ; infill
G1 X89.998 Y118.844 Z6.362 E947.94657 ; infill
G1 X86.748 Y118.844 Z6.341 E948.07153 ; infill
G1 X82.700 Y118.844 Z6.270 E948.22718 ; infill
G1 X80.072 Y118.844 Z6.186 E948.32824 ; infill
G1 X78.211 Y118.844 Z6.064 E948.39980 ; infill
G1 X77.152 Y118.844 Z5.967 E948.44050 ; infill
G1 X75.364 Y118.844 Z5.757 E948.50929 ; infill
G1 X73.676 Y118.844 Z5.514 E948.57421 ; infill
G1 X68.993 Y118.844 Z4.737 E948.75432 ; infill
G1 X67.479 Y118.844 Z4.511 E948.81257 ; infill
G1 X65.946 Y118.844 Z4.327 E948.87152 ; infill
G1 X64.369 Y118.844 Z4.200 E948.93214 ; infill
G1 X63.557 Y118.844 Z4.162 E948.96337 ; infill
G1 X61.804 Y118.844 Z4.150 E949.03076 ; infill
G1 X62.018 Y118.387 Z4.149 E949.05020 ; infill
G1 X63.760 Y118.387 Z4.161 E949.11716 ; infill
G1 X65.354 Y118.387 Z4.254 E949.17845 ; infill
G1 X66.127 Y118.387 Z4.325 E949.20818 ; infill
G1 X67.641 Y118.387 Z4.508 E949.26642 ; infill
G1 X69.134 Y118.387 Z4.733 E949.32384 ; infill
G1 X73.743 Y118.387 Z5.510 E949.50111 ; infill
G1 X75.407 Y118.387 Z5.753 E949.56509 ; infill
G1 X76.584 Y118.387 Z5.900 E949.61036 ; infill
G1 X78.102 Y118.387 Z6.053 E949.66874 ; infill
G1 X80.066 Y118.387 Z6.187 E949.74425 ; infill
G1 X81.656 Y118.387 Z6.248 E949.80540 ; infill
G1 X86.015 Y118.387 Z6.342 E949.97302 ; infill
G1 X89.998 Y118.387 Z6.373 E950.12616 ; infill
G1 X93.266 Y118.387 Z6.351 E950.25181 ; infill
G1 X97.580 Y118.387 Z6.268 E950.41769 ; infill
G1 X99.930 Y118.387 Z6.188 E950.50806 ; infill
G1 X101.894 Y118.387 Z6.053 E950.58355 ; infill
G1 X102.822 Y118.387 Z5.964 E950.61926 ; infill
G1 X104.589 Y118.387 Z5.753 E950.68718 ; infill
G1 X106.252 Y118.387 Z5.510 E950.75115 ; infill
G1 X111.263 Y118.387 Z4.670 E950.94391 ; infill
G1 X112.354 Y118.387 Z4.508 E950.98585 ; infill
G1 X113.868 Y118.387 Z4.325 E951.04408 ; infill
G1 X115.429 Y118.387 Z4.198 E951.10412 ; infill
G1 X116.235 Y118.387 Z4.161 E951.13511 ; infill
G1 X117.976 Y118.387 Z4.149 E951.20203 ; infill
G1 X117.761 Y117.929 Z4.149 E951.22147 ; infill
G1 X116.034 Y117.929 Z4.160 E951.28789 ; infill
G1 X114.452 Y117.929 Z4.252 E951.34872 ; infill
G1 X112.885 Y117.929 Z4.419 E951.40898 ; infill
G1 X111.440 Y117.929 Z4.617 E951.46455 ; infill
G1 X106.185 Y117.929 Z5.505 E951.66670 ; infill
G1 X104.546 Y117.929 Z5.749 E951.72973 ; infill
G1 X102.802 Y117.929 Z5.962 E951.79679 ; infill
G1 X101.883 Y117.929 Z6.051 E951.83212 ; infill
G1 X99.937 Y117.929 Z6.189 E951.90696 ; infill
G1 X97.599 Y117.929 Z6.273 E951.99686 ; infill
G1 X93.284 Y117.929 Z6.361 E952.16277 ; infill
G1 X89.998 Y117.929 Z6.384 E952.28910 ; infill
G1 X86.713 Y117.929 Z6.361 E952.41543 ; infill
G1 X83.363 Y117.929 Z6.300 E952.54424 ; infill
G1 X80.730 Y117.929 Z6.219 E952.64546 ; infill
G1 X78.698 Y117.929 Z6.100 E952.72360 ; infill
G1 X76.828 Y117.929 Z5.922 E952.79553 ; infill
G1 X74.736 Y117.929 Z5.647 E952.87595 ; infill
G1 X73.107 Y117.929 Z5.392 E952.93860 ; infill
G1 X69.276 Y117.929 Z4.729 E953.08599 ; infill
G1 X67.804 Y117.929 Z4.505 E953.14258 ; infill
G1 X66.309 Y117.929 Z4.323 E953.20010 ; infill
G1 X64.762 Y117.929 Z4.197 E953.25958 ; infill
G1 X63.961 Y117.929 Z4.160 E953.29036 ; infill
G1 X62.233 Y117.929 Z4.149 E953.35683 ; infill
G1 X62.441 Y117.471 Z4.149 E953.37617 ; infill
G1 X64.163 Y117.471 Z4.159 E953.44239 ; infill
G1 X65.732 Y117.471 Z4.250 E953.50274 ; infill
G1 X66.490 Y117.471 Z4.321 E953.53187 ; infill
G1 X67.967 Y117.471 Z4.502 E953.58868 ; infill
G1 X69.417 Y117.471 Z4.725 E953.64445 ; infill
G1 X73.562 Y117.471 Z5.449 E953.80387 ; infill
G1 X75.190 Y117.471 Z5.702 E953.86651 ; infill
G1 X76.339 Y117.471 Z5.857 E953.91067 ; infill
G1 X78.123 Y117.471 Z6.050 E953.97930 ; infill
G1 X80.053 Y117.471 Z6.190 E954.05352 ; infill
G1 X82.290 Y117.471 Z6.276 E954.13951 ; infill
G1 X86.694 Y117.471 Z6.371 E954.30887 ; infill
G1 X89.998 Y117.471 Z6.395 E954.43590 ; infill
G1 X93.302 Y117.471 Z6.371 E954.56293 ; infill
G1 X96.253 Y117.471 Z6.316 E954.67641 ; infill
G1 X98.916 Y117.471 Z6.236 E954.77878 ; infill
G1 X100.927 Y117.471 Z6.127 E954.85613 ; infill
G1 X102.781 Y117.471 Z5.959 E954.92742 ; infill
G1 X104.503 Y117.471 Z5.745 E954.99362 ; infill
G1 X106.117 Y117.471 Z5.501 E955.05572 ; infill
G1 X110.578 Y117.471 Z4.725 E955.22731 ; infill
G1 X112.028 Y117.471 Z4.502 E955.28307 ; infill
G1 X113.505 Y117.471 Z4.321 E955.33988 ; infill
G1 X115.037 Y117.471 Z4.196 E955.39880 ; infill
G1 X115.832 Y117.471 Z4.159 E955.42937 ; infill
G1 X117.556 Y117.471 Z4.149 E955.49566 ; infill
G1 X117.356 Y117.013 Z4.149 E955.51488 ; infill
G1 X115.631 Y117.013 Z4.159 E955.58121 ; infill
G1 X114.074 Y117.013 Z4.249 E955.64109 ; infill
G1 X113.324 Y117.013 Z4.319 E955.66992 ; infill
G1 X111.793 Y117.013 Z4.510 E955.72877 ; infill
G1 X110.408 Y117.013 Z4.726 E955.78205 ; infill
G1 X106.053 Y117.013 Z5.496 E955.94960 ; infill
G1 X104.463 Y117.013 Z5.741 E956.01073 ; infill
G1 X102.765 Y117.013 Z5.956 E956.07605 ; infill
G1 X101.866 Y117.013 Z6.048 E956.11060 ; infill
G1 X99.953 Y117.013 Z6.191 E956.18414 ; infill
G1 X97.640 Y117.013 Z6.284 E956.27312 ; infill
G1 X93.322 Y117.013 Z6.381 E956.43915 ; infill
G1 X89.998 Y117.013 Z6.406 E956.56693 ; infill
G1 X86.675 Y117.013 Z6.381 E956.69471 ; infill
G1 X83.718 Y117.013 Z6.323 E956.80840 ; infill
G1 X81.064 Y117.013 Z6.239 E956.91047 ; infill
G1 X79.066 Y117.013 Z6.127 E956.98729 ; infill
G1 X77.231 Y117.013 Z5.956 E957.05785 ; infill
G1 X75.532 Y117.013 Z5.741 E957.12318 ; infill
G1 X73.942 Y117.013 Z5.495 E957.18432 ; infill
G1 X69.559 Y117.013 Z4.721 E957.35296 ; infill
G1 X68.130 Y117.013 Z4.499 E957.40789 ; infill
G1 X66.671 Y117.013 Z4.319 E957.46399 ; infill
G1 X65.154 Y117.013 Z4.195 E957.52235 ; infill
G1 X64.364 Y117.013 Z4.159 E957.55270 ; infill
G1 X62.641 Y117.013 Z4.149 E957.61896 ; infill
G1 X62.842 Y116.555 Z4.149 E957.63818 ; infill
G1 X64.562 Y116.555 Z4.158 E957.70433 ; infill
G1 X66.104 Y116.555 Z4.247 E957.76361 ; infill
G1 X66.844 Y116.555 Z4.316 E957.79208 ; infill
G1 X68.282 Y116.555 Z4.496 E957.84736 ; infill
G1 X69.686 Y116.555 Z4.717 E957.90138 ; infill
G1 X73.359 Y116.555 Z5.380 E958.04267 ; infill
G1 X74.958 Y116.555 Z5.643 E958.10416 ; infill
G1 X76.385 Y116.555 Z5.849 E958.15907 ; infill
G1 X78.130 Y116.555 Z6.046 E958.22616 ; infill
G1 X80.028 Y116.555 Z6.192 E958.29916 ; infill
G1 X82.333 Y116.555 Z6.289 E958.38778 ; infill
G1 X86.655 Y116.555 Z6.391 E958.55396 ; infill
G1 X89.998 Y116.555 Z6.417 E958.68251 ; infill
G1 X93.341 Y116.555 Z6.391 E958.81106 ; infill
G1 X96.304 Y116.555 Z6.330 E958.92496 ; infill
G1 X98.952 Y116.555 Z6.242 E959.02680 ; infill
G1 X100.938 Y116.555 Z6.126 E959.10314 ; infill
G1 X102.755 Y116.555 Z5.953 E959.17304 ; infill
G1 X104.433 Y116.555 Z5.737 E959.23757 ; infill
G1 X106.000 Y116.555 Z5.490 E959.29781 ; infill
G1 X110.309 Y116.555 Z4.717 E959.46359 ; infill
G1 X111.714 Y116.555 Z4.496 E959.51761 ; infill
G1 X113.151 Y116.555 Z4.316 E959.57289 ; infill
G1 X114.651 Y116.555 Z4.194 E959.63056 ; infill
G1 X115.433 Y116.555 Z4.158 E959.66064 ; infill
G1 X117.155 Y116.555 Z4.149 E959.72686 ; infill
G1 X116.955 Y116.097 Z4.148 E959.74608 ; infill
G1 X115.245 Y116.097 Z4.157 E959.81183 ; infill
G1 X113.716 Y116.097 Z4.245 E959.87062 ; infill
G1 X112.984 Y116.097 Z4.314 E959.89878 ; infill
G1 X111.565 Y116.097 Z4.492 E959.95332 ; infill
G1 X110.130 Y116.097 Z4.722 E960.00851 ; infill
G1 X105.950 Y116.097 Z5.485 E960.16932 ; infill
G1 X104.408 Y116.097 Z5.732 E960.22865 ; infill
G1 X102.751 Y116.097 Z5.950 E960.29237 ; infill
G1 X101.870 Y116.097 Z6.044 E960.32623 ; infill
G1 X99.987 Y116.097 Z6.193 E960.39865 ; infill
G1 X97.691 Y116.097 Z6.294 E960.48692 ; infill
G1 X93.362 Y116.097 Z6.401 E960.65337 ; infill
G1 X89.998 Y116.097 Z6.428 E960.78272 ; infill
G1 X86.634 Y116.097 Z6.401 E960.91208 ; infill
G1 X83.664 Y116.097 Z6.337 E961.02628 ; infill
G1 X81.020 Y116.097 Z6.245 E961.12794 ; infill
G1 X79.046 Y116.097 Z6.125 E961.20385 ; infill
G1 X77.245 Y116.097 Z5.950 E961.27311 ; infill
G1 X75.587 Y116.097 Z5.732 E961.33685 ; infill
G1 X74.045 Y116.097 Z5.484 E961.39618 ; infill
G1 X69.812 Y116.097 Z4.713 E961.55901 ; infill
G1 X68.430 Y116.097 Z4.492 E961.61218 ; infill
G1 X67.012 Y116.097 Z4.314 E961.66672 ; infill
G1 X65.527 Y116.097 Z4.192 E961.72381 ; infill
G1 X64.750 Y116.097 Z4.157 E961.75366 ; infill
G1 X63.042 Y116.097 Z4.148 E961.81935 ; infill
G1 X63.234 Y115.639 Z4.148 E961.83844 ; infill
G1 X64.934 Y115.639 Z4.156 E961.90380 ; infill
G1 X66.445 Y115.639 Z4.243 E961.96193 ; infill
G1 X67.167 Y115.639 Z4.311 E961.98969 ; infill
G1 X68.563 Y115.639 Z4.488 E962.04337 ; infill
G1 X69.920 Y115.639 Z4.708 E962.09558 ; infill
G1 X73.527 Y115.639 Z5.379 E962.23432 ; infill
G1 X75.602 Y115.639 Z5.726 E962.31415 ; infill
G1 X77.241 Y115.639 Z5.946 E962.37719 ; infill
G1 X78.812 Y115.639 Z6.106 E962.43759 ; infill
G1 X80.993 Y115.639 Z6.247 E962.52146 ; infill
G1 X83.635 Y115.639 Z6.344 E962.62302 ; infill
G1 X86.613 Y115.639 Z6.411 E962.73753 ; infill
G1 X89.998 Y115.639 Z6.439 E962.86770 ; infill
G1 X93.384 Y115.639 Z6.411 E962.99788 ; infill
G1 X96.362 Y115.639 Z6.344 E963.11239 ; infill
G1 X99.003 Y115.639 Z6.247 E963.21394 ; infill
G1 X100.968 Y115.639 Z6.125 E963.28948 ; infill
G1 X102.754 Y115.639 Z5.947 E963.35818 ; infill
G1 X104.393 Y115.639 Z5.727 E963.42121 ; infill
G1 X105.914 Y115.639 Z5.479 E963.47972 ; infill
G1 X110.075 Y115.639 Z4.708 E963.63979 ; infill
G1 X111.432 Y115.639 Z4.488 E963.69200 ; infill
G1 X112.828 Y115.639 Z4.311 E963.74567 ; infill
G1 X114.293 Y115.639 Z4.191 E963.80202 ; infill
G1 X115.062 Y115.639 Z4.156 E963.83156 ; infill
G1 X116.764 Y115.639 Z4.148 E963.89703 ; infill
G1 X116.595 Y115.182 Z4.148 E963.91580 ; infill
G1 X114.891 Y115.182 Z4.155 E963.98131 ; infill
G1 X114.129 Y115.182 Z4.189 E964.01062 ; infill
G1 X112.679 Y115.182 Z4.309 E964.06637 ; infill
G1 X111.303 Y115.182 Z4.484 E964.11929 ; infill
G1 X109.970 Y115.182 Z4.703 E964.17055 ; infill
G1 X105.884 Y115.182 Z5.473 E964.32777 ; infill
G1 X104.384 Y115.182 Z5.721 E964.38546 ; infill
G1 X102.763 Y115.182 Z5.943 E964.44779 ; infill
G1 X100.990 Y115.182 Z6.124 E964.51597 ; infill
G1 X99.034 Y115.182 Z6.250 E964.59117 ; infill
G1 X96.395 Y115.182 Z6.352 E964.69267 ; infill
G1 X93.406 Y115.182 Z6.421 E964.80758 ; infill
G1 X89.998 Y115.182 Z6.450 E964.93862 ; infill
G1 X86.590 Y115.182 Z6.421 E965.06965 ; infill
G1 X83.602 Y115.182 Z6.352 E965.18457 ; infill
G1 X80.962 Y115.182 Z6.250 E965.28606 ; infill
G1 X79.006 Y115.182 Z6.124 E965.36129 ; infill
G1 X77.233 Y115.182 Z5.943 E965.42947 ; infill
G1 X75.611 Y115.182 Z5.721 E965.49182 ; infill
G1 X74.111 Y115.182 Z5.472 E965.54952 ; infill
G1 X70.025 Y115.182 Z4.702 E965.70673 ; infill
G1 X68.692 Y115.182 Z4.484 E965.75799 ; infill
G1 X67.316 Y115.182 Z4.308 E965.81091 ; infill
G1 X65.866 Y115.182 Z4.189 E965.86666 ; infill
G1 X65.104 Y115.182 Z4.154 E965.89597 ; infill
G1 X63.405 Y115.182 Z4.148 E965.96132 ; infill
G1 X63.564 Y114.724 Z4.148 E965.97996 ; infill
G1 X65.261 Y114.724 Z4.153 E966.04520 ; infill
G1 X66.014 Y114.724 Z4.187 E966.07417 ; infill
G1 X67.444 Y114.724 Z4.305 E966.12914 ; infill
G1 X68.797 Y114.724 Z4.480 E966.18119 ; infill
G1 X70.108 Y114.724 Z4.697 E966.23162 ; infill
G1 X73.739 Y114.724 Z5.394 E966.37129 ; infill
G1 X75.611 Y114.724 Z5.716 E966.44332 ; infill
G1 X77.217 Y114.724 Z5.939 E966.50508 ; infill
G1 X78.816 Y114.724 Z6.108 E966.56656 ; infill
G1 X80.929 Y114.724 Z6.253 E966.64781 ; infill
G1 X83.569 Y114.724 Z6.359 E966.74931 ; infill
G1 X86.568 Y114.724 Z6.431 E966.86462 ; infill
G1 X89.998 Y114.724 Z6.461 E966.99653 ; infill
G1 X93.429 Y114.724 Z6.431 E967.12845 ; infill
G1 X96.428 Y114.724 Z6.359 E967.24376 ; infill
G1 X99.068 Y114.724 Z6.253 E967.34526 ; infill
G1 X101.017 Y114.724 Z6.123 E967.42022 ; infill
G1 X102.779 Y114.724 Z5.939 E967.48796 ; infill
G1 X104.384 Y114.724 Z5.716 E967.54970 ; infill
G1 X105.866 Y114.724 Z5.466 E967.60668 ; infill
G1 X109.887 Y114.724 Z4.697 E967.76140 ; infill
G1 X111.198 Y114.724 Z4.480 E967.81184 ; infill
G1 X112.551 Y114.724 Z4.306 E967.86388 ; infill
G1 X113.981 Y114.724 Z4.187 E967.91885 ; infill
G1 X114.734 Y114.724 Z4.153 E967.94782 ; infill
G1 X116.426 Y114.724 Z4.148 E968.01285 ; infill
G1 X116.295 Y114.266 Z4.148 E968.03116 ; infill
G1 X114.590 Y114.266 Z4.152 E968.09670 ; infill
G1 X113.843 Y114.266 Z4.185 E968.12543 ; infill
G1 X112.433 Y114.266 Z4.302 E968.17964 ; infill
G1 X111.102 Y114.266 Z4.476 E968.23085 ; infill
G1 X109.813 Y114.266 Z4.692 E968.28042 ; infill
G1 X105.855 Y114.266 Z5.460 E968.43269 ; infill
G1 X104.392 Y114.266 Z5.710 E968.48900 ; infill
G1 X102.800 Y114.266 Z5.936 E968.55019 ; infill
G1 X101.049 Y114.266 Z6.122 E968.61753 ; infill
G1 X99.105 Y114.266 Z6.256 E968.69227 ; infill
G1 X96.464 Y114.266 Z6.366 E968.79383 ; infill
G1 X93.453 Y114.266 Z6.442 E968.90962 ; infill
G1 X89.998 Y114.266 Z6.472 E969.04245 ; infill
G1 X86.544 Y114.266 Z6.442 E969.17528 ; infill
G1 X83.532 Y114.266 Z6.366 E969.29107 ; infill
G1 X80.891 Y114.266 Z6.256 E969.39262 ; infill
G1 X78.947 Y114.266 Z6.122 E969.46739 ; infill
G1 X77.195 Y114.266 Z5.935 E969.53474 ; infill
G1 X75.604 Y114.266 Z5.710 E969.59595 ; infill
G1 X74.140 Y114.266 Z5.459 E969.65227 ; infill
G1 X70.183 Y114.266 Z4.691 E969.80452 ; infill
G1 X68.894 Y114.266 Z4.476 E969.85409 ; infill
G1 X67.562 Y114.266 Z4.302 E969.90530 ; infill
G1 X66.152 Y114.266 Z4.185 E969.95951 ; infill
G1 X65.405 Y114.266 Z4.152 E969.98825 ; infill
G1 X63.707 Y114.266 Z4.148 E970.05353 ; infill
G1 X63.825 Y113.808 Z4.148 E970.07170 ; infill
G1 X65.521 Y113.808 Z4.151 E970.13693 ; infill
G1 X66.261 Y113.808 Z4.183 E970.16538 ; infill
G1 X67.658 Y113.808 Z4.299 E970.21908 ; infill
G1 X68.973 Y113.808 Z4.471 E970.26966 ; infill
G1 X70.243 Y113.808 Z4.686 E970.31850 ; infill
G1 X73.941 Y113.808 Z5.415 E970.46081 ; infill
G1 X75.591 Y113.808 Z5.705 E970.52427 ; infill
G1 X77.169 Y113.808 Z5.932 E970.58499 ; infill
G1 X78.912 Y113.808 Z6.121 E970.65200 ; infill
G1 X80.852 Y113.808 Z6.258 E970.72660 ; infill
G1 X83.496 Y113.808 Z6.373 E970.82825 ; infill
G1 X86.520 Y113.808 Z6.452 E970.94451 ; infill
G1 X89.998 Y113.808 Z6.483 E971.07827 ; infill
G1 X93.477 Y113.808 Z6.452 E971.21203 ; infill
G1 X96.501 Y113.808 Z6.373 E971.32830 ; infill
G1 X99.144 Y113.808 Z6.258 E971.42995 ; infill
G1 X101.084 Y113.808 Z6.121 E971.50453 ; infill
G1 X102.826 Y113.808 Z5.932 E971.57153 ; infill
G1 X104.405 Y113.808 Z5.705 E971.63223 ; infill
G1 X105.853 Y113.808 Z5.453 E971.68793 ; infill
G1 X109.753 Y113.808 Z4.686 E971.83800 ; infill
G1 X111.023 Y113.808 Z4.471 E971.88685 ; infill
G1 X112.015 Y113.808 Z4.341 E971.92500 ; infill
G1 X113.024 Y113.808 Z4.233 E971.96379 ; infill
G1 X113.734 Y113.808 Z4.183 E971.99112 ; infill
G1 X115.247 Y113.808 Z4.137 E972.04930 ; infill
G1 X116.168 Y113.808 Z4.148 E972.08471 ; infill
G1 X116.061 Y113.350 Z4.148 E972.10279 ; infill
G1 X115.139 Y113.350 Z4.136 E972.13825 ; infill
G1 X114.372 Y113.350 Z4.150 E972.16772 ; infill
G1 X113.640 Y113.350 Z4.182 E972.19589 ; infill
G1 X112.259 Y113.350 Z4.296 E972.24899 ; infill
G1 X110.961 Y113.350 Z4.467 E972.29891 ; infill
G1 X109.709 Y113.350 Z4.681 E972.34707 ; infill
G1 X105.860 Y113.350 Z5.447 E972.49518 ; infill
G1 X104.426 Y113.350 Z5.699 E972.55034 ; infill
G1 X102.858 Y113.350 Z5.928 E972.61061 ; infill
G1 X101.124 Y113.350 Z6.120 E972.67731 ; infill
G1 X99.188 Y113.350 Z6.261 E972.75177 ; infill
G1 X96.540 Y113.350 Z6.381 E972.85356 ; infill
G1 X93.502 Y113.350 Z6.462 E972.97037 ; infill
G1 X89.998 Y113.350 Z6.494 E973.10510 ; infill
G1 X86.494 Y113.350 Z6.462 E973.23984 ; infill
G1 X83.456 Y113.350 Z6.381 E973.35665 ; infill
G1 X80.809 Y113.350 Z6.261 E973.45844 ; infill
G1 X78.872 Y113.350 Z6.120 E973.53291 ; infill
G1 X77.137 Y113.350 Z5.928 E973.59963 ; infill
G1 X75.570 Y113.350 Z5.699 E973.65991 ; infill
G1 X74.136 Y113.350 Z5.447 E973.71508 ; infill
G1 X70.287 Y113.350 Z4.680 E973.86318 ; infill
G1 X69.035 Y113.350 Z4.467 E973.91134 ; infill
G1 X67.737 Y113.350 Z4.296 E973.96126 ; infill
G1 X66.356 Y113.350 Z4.182 E974.01436 ; infill
G1 X64.857 Y113.350 Z4.136 E974.07200 ; infill
G1 X63.940 Y113.350 Z4.148 E974.10726 ; infill
G1 X64.013 Y112.892 Z4.148 E974.12509 ; infill
G1 X65.703 Y112.892 Z4.148 E974.19008 ; infill
G1 X66.433 Y112.892 Z4.180 E974.21812 ; infill
G1 X67.804 Y112.892 Z4.293 E974.27083 ; infill
G1 X69.088 Y112.892 Z4.462 E974.32024 ; infill
G1 X70.325 Y112.892 Z4.675 E974.36781 ; infill
G1 X74.125 Y112.892 Z5.440 E974.51405 ; infill
G1 X75.546 Y112.892 Z5.694 E974.56870 ; infill
G1 X77.103 Y112.892 Z5.924 E974.62858 ; infill
G1 X78.831 Y112.892 Z6.119 E974.69502 ; infill
G1 X80.765 Y112.892 Z6.264 E974.76940 ; infill
G1 X83.417 Y112.892 Z6.388 E974.87136 ; infill
G1 X86.469 Y112.892 Z6.472 E974.98871 ; infill
G1 X89.998 Y112.892 Z6.505 E975.12442 ; infill
G1 X93.528 Y112.892 Z6.472 E975.26012 ; infill
G1 X96.580 Y112.892 Z6.388 E975.37748 ; infill
G1 X99.231 Y112.892 Z6.264 E975.47944 ; infill
G1 X101.165 Y112.892 Z6.119 E975.55380 ; infill
G1 X102.893 Y112.892 Z5.924 E975.62023 ; infill
G1 X104.449 Y112.892 Z5.694 E975.68009 ; infill
G1 X105.870 Y112.892 Z5.441 E975.73473 ; infill
G1 X109.670 Y112.892 Z4.675 E975.88098 ; infill
G1 X110.907 Y112.892 Z4.463 E975.92856 ; infill
G1 X112.192 Y112.892 Z4.293 E975.97796 ; infill
G1 X113.563 Y112.892 Z4.180 E976.03067 ; infill
G1 X115.056 Y112.892 Z4.136 E976.08811 ; infill
G1 X115.977 Y112.892 Z4.148 E976.12351 ; infill
G1 X115.907 Y112.435 Z4.148 E976.14132 ; infill
G1 X114.979 Y112.435 Z4.135 E976.17700 ; infill
G1 X114.220 Y112.435 Z4.147 E976.20621 ; infill
G1 X113.496 Y112.435 Z4.178 E976.23405 ; infill
G1 X112.137 Y112.434 Z4.290 E976.28630 ; infill
G1 X110.865 Y112.435 Z4.459 E976.33520 ; infill
G1 X109.642 Y112.435 Z4.670 E976.38223 ; infill
G1 X105.885 Y112.435 Z5.434 E976.52683 ; infill
G1 X104.477 Y112.435 Z5.689 E976.58100 ; infill
G1 X102.930 Y112.435 Z5.921 E976.64049 ; infill
G1 X101.209 Y112.435 Z6.118 E976.70667 ; infill
G1 X99.277 Y112.435 Z6.267 E976.78094 ; infill
G1 X96.621 Y112.435 Z6.395 E976.88308 ; infill
G1 X93.554 Y112.435 Z6.482 E977.00100 ; infill
G1 X89.998 Y112.435 Z6.516 E977.13773 ; infill
G1 X86.442 Y112.435 Z6.482 E977.27446 ; infill
G1 X83.375 Y112.435 Z6.395 E977.39238 ; infill
G1 X80.719 Y112.435 Z6.267 E977.49453 ; infill
G1 X78.787 Y112.434 Z6.118 E977.56881 ; infill
G1 X77.066 Y112.435 Z5.921 E977.63501 ; infill
G1 X75.519 Y112.435 Z5.688 E977.69450 ; infill
G1 X74.110 Y112.435 Z5.434 E977.74869 ; infill
G1 X70.353 Y112.435 Z4.670 E977.89327 ; infill
G1 X69.130 Y112.435 Z4.458 E977.94030 ; infill
G1 X67.859 Y112.435 Z4.290 E977.98920 ; infill
G1 X66.500 Y112.435 Z4.178 E978.04146 ; infill
G1 X65.016 Y112.435 Z4.135 E978.09851 ; infill
G1 X64.087 Y112.435 Z4.148 E978.13424 ; infill
G1 X64.139 Y111.977 Z4.148 E978.15196 ; infill
G1 X65.827 Y111.977 Z4.146 E978.21687 ; infill
G1 X66.549 Y111.977 Z4.176 E978.24463 ; infill
G1 X67.901 Y111.977 Z4.288 E978.29662 ; infill
G1 X69.162 Y111.977 Z4.455 E978.34513 ; infill
G1 X70.373 Y111.977 Z4.665 E978.39169 ; infill
G1 X74.090 Y111.977 Z5.428 E978.53472 ; infill
G1 X75.486 Y111.977 Z5.683 E978.58846 ; infill
G1 X77.024 Y111.977 Z5.917 E978.64761 ; infill
G1 X78.740 Y111.977 Z6.117 E978.71359 ; infill
G1 X80.671 Y111.977 Z6.269 E978.78782 ; infill
G1 X83.333 Y111.977 Z6.402 E978.89018 ; infill
G1 X86.415 Y111.977 Z6.492 E979.00872 ; infill
G1 X89.998 Y111.977 Z6.527 E979.14648 ; infill
G1 X93.581 Y111.977 Z6.492 E979.28424 ; infill
G1 X96.664 Y111.977 Z6.402 E979.40277 ; infill
G1 X99.326 Y111.977 Z6.269 E979.50513 ; infill
G1 X101.256 Y111.977 Z6.117 E979.57935 ; infill
G1 X102.971 Y111.977 Z5.917 E979.64531 ; infill
G1 X104.509 Y111.977 Z5.684 E979.70445 ; infill
G1 X105.906 Y111.977 Z5.428 E979.75818 ; infill
G1 X109.623 Y111.977 Z4.665 E979.90122 ; infill
G1 X110.833 Y111.977 Z4.455 E979.94778 ; infill
G1 X112.095 Y111.977 Z4.288 E979.99629 ; infill
G1 X113.446 Y111.977 Z4.177 E980.04828 ; infill
G1 X114.927 Y111.977 Z4.134 E980.10521 ; infill
G1 X115.854 Y111.977 Z4.148 E980.14086 ; infill
G1 X115.806 Y111.519 Z4.148 E980.15857 ; infill
G1 X114.117 Y111.519 Z4.145 E980.22350 ; infill
G1 X113.399 Y111.519 Z4.175 E980.25113 ; infill
G1 X112.056 Y111.519 Z4.285 E980.30276 ; infill
G1 X110.805 Y111.519 Z4.451 E980.35086 ; infill
G1 X109.607 Y111.519 Z4.661 E980.39696 ; infill
G1 X105.928 Y111.519 Z5.423 E980.53856 ; infill
G1 X104.542 Y111.519 Z5.679 E980.59186 ; infill
G1 X103.013 Y111.519 Z5.914 E980.65066 ; infill
G1 X101.303 Y111.519 Z6.116 E980.71641 ; infill
G1 X99.375 Y111.519 Z6.272 E980.79057 ; infill
G1 X96.707 Y111.519 Z6.409 E980.89315 ; infill
G1 X93.608 Y111.519 Z6.502 E981.01229 ; infill
G1 X89.998 Y111.519 Z6.538 E981.15110 ; infill
G1 X86.388 Y111.519 Z6.502 E981.28992 ; infill
G1 X83.290 Y111.519 Z6.409 E981.40906 ; infill
G1 X80.622 Y111.519 Z6.272 E981.51164 ; infill
G1 X78.713 Y111.519 Z6.118 E981.58505 ; infill
G1 X76.983 Y111.519 Z5.914 E981.65157 ; infill
G1 X75.453 Y111.519 Z5.678 E981.71038 ; infill
G1 X74.068 Y111.519 Z5.422 E981.76370 ; infill
G1 X70.388 Y111.519 Z4.660 E981.90529 ; infill
G1 X69.190 Y111.519 Z4.451 E981.95139 ; infill
G1 X67.939 Y111.519 Z4.285 E981.99949 ; infill
G1 X66.597 Y111.519 Z4.175 E982.05112 ; infill
G1 X65.120 Y111.519 Z4.134 E982.10789 ; infill
G1 X64.176 Y111.519 Z4.148 E982.14418 ; infill
G1 X64.214 Y111.061 Z4.148 E982.16184 ; infill
G1 X65.904 Y111.061 Z4.144 E982.22683 ; infill
G1 X66.621 Y111.061 Z4.173 E982.25440 ; infill
G1 X67.959 Y111.061 Z4.282 E982.30585 ; infill
G1 X69.202 Y111.061 Z4.447 E982.35365 ; infill
G1 X70.391 Y111.061 Z4.656 E982.39937 ; infill
G1 X74.036 Y111.061 Z5.417 E982.53967 ; infill
G1 X75.412 Y111.061 Z5.674 E982.59261 ; infill
G1 X76.934 Y111.061 Z5.911 E982.65113 ; infill
G1 X78.640 Y111.061 Z6.115 E982.71673 ; infill
G1 X80.569 Y111.061 Z6.275 E982.79090 ; infill
G1 X83.244 Y111.061 Z6.417 E982.89376 ; infill
G1 X86.359 Y111.061 Z6.512 E983.01357 ; infill
G1 X89.998 Y111.061 Z6.549 E983.15348 ; infill
G1 X93.637 Y111.061 Z6.512 E983.29339 ; infill
G1 X96.753 Y111.061 Z6.417 E983.41320 ; infill
G1 X99.428 Y111.061 Z6.275 E983.51606 ; infill
G1 X101.356 Y111.061 Z6.115 E983.59021 ; infill
G1 X103.062 Y111.061 Z5.911 E983.65580 ; infill
G1 X104.583 Y111.061 Z5.674 E983.71431 ; infill
G1 X105.959 Y111.061 Z5.417 E983.76724 ; infill
G1 X109.605 Y111.061 Z4.656 E983.90755 ; infill
G1 X110.793 Y111.061 Z4.448 E983.95327 ; infill
G1 X112.036 Y111.061 Z4.283 E984.00107 ; infill
G1 X113.374 Y111.061 Z4.174 E984.05252 ; infill
G1 X114.847 Y111.061 Z4.133 E984.10914 ; infill
G1 X115.776 Y111.061 Z4.147 E984.14485 ; infill
G1 X115.759 Y110.603 Z4.147 E984.16246 ; infill
G1 X114.066 Y110.603 Z4.143 E984.22755 ; infill
G1 X113.350 Y110.603 Z4.172 E984.25508 ; infill
G1 X112.017 Y110.603 Z4.280 E984.30634 ; infill
G1 X110.781 Y110.603 Z4.444 E984.35385 ; infill
G1 X109.603 Y110.603 Z4.652 E984.39920 ; infill
G1 X105.991 Y110.603 Z5.412 E984.53821 ; infill
G1 X104.624 Y110.603 Z5.669 E984.59076 ; infill
G1 X103.111 Y110.603 Z5.908 E984.64899 ; infill
G1 X101.410 Y110.603 Z6.115 E984.71441 ; infill
G1 X99.481 Y110.603 Z6.278 E984.78855 ; infill
G1 X96.799 Y110.603 Z6.424 E984.89170 ; infill
G1 X93.666 Y110.603 Z6.522 E985.01216 ; infill
G1 X89.998 Y110.603 Z6.560 E985.15318 ; infill
G1 X88.092 Y110.603 Z6.550 E985.22648 ; infill
G1 X84.703 Y110.603 Z6.480 E985.35680 ; infill
G1 X81.805 Y110.603 Z6.356 E985.46821 ; infill
G1 X79.461 Y110.603 Z6.197 E985.55835 ; infill
G1 X77.651 Y110.603 Z6.008 E985.62796 ; infill
G1 X76.830 Y110.603 Z5.900 E985.65952 ; infill
G1 X75.371 Y110.603 Z5.669 E985.71564 ; infill
G1 X74.005 Y110.603 Z5.412 E985.76821 ; infill
G1 X70.393 Y110.603 Z4.652 E985.90721 ; infill
G1 X69.214 Y110.603 Z4.444 E985.95256 ; infill
G1 X67.979 Y110.603 Z4.280 E986.00006 ; infill
G1 X66.645 Y110.603 Z4.172 E986.05133 ; infill
G1 X65.174 Y110.603 Z4.132 E986.10791 ; infill
G1 X64.235 Y110.603 Z4.147 E986.14402 ; infill
G1 X64.229 Y110.145 Z4.148 E986.16163 ; infill
G1 X65.178 Y110.145 Z4.132 E986.19814 ; infill
G1 X65.932 Y110.145 Z4.142 E986.22711 ; infill
G1 X66.645 Y110.145 Z4.171 E986.25455 ; infill
G1 X67.973 Y110.145 Z4.278 E986.30558 ; infill
G1 X69.201 Y110.145 Z4.441 E986.35282 ; infill
G1 X70.372 Y110.145 Z4.647 E986.39787 ; infill
G1 X73.959 Y110.145 Z5.406 E986.53590 ; infill
G1 X75.318 Y110.145 Z5.665 E986.58819 ; infill
G1 X76.827 Y110.145 Z5.905 E986.64623 ; infill
G1 X78.526 Y110.145 Z6.114 E986.71157 ; infill
G1 X80.456 Y110.145 Z6.281 E986.78579 ; infill
G1 X83.148 Y110.145 Z6.431 E986.88929 ; infill
G1 X86.300 Y110.145 Z6.532 E987.01051 ; infill
G1 X89.998 Y110.145 Z6.571 E987.15270 ; infill
G1 X93.696 Y110.145 Z6.532 E987.29489 ; infill
G1 X96.849 Y110.145 Z6.431 E987.41610 ; infill
G1 X99.540 Y110.145 Z6.281 E987.51960 ; infill
G1 X101.470 Y110.145 Z6.114 E987.59381 ; infill
G1 X103.169 Y110.145 Z5.905 E987.65913 ; infill
G1 X104.678 Y110.145 Z5.665 E987.71715 ; infill
G1 X106.036 Y110.145 Z5.407 E987.76944 ; infill
G1 X109.623 Y110.145 Z4.648 E987.90748 ; infill
G1 X110.794 Y110.145 Z4.441 E987.95253 ; infill
G1 X112.023 Y110.145 Z4.278 E987.99977 ; infill
G1 X113.350 Y110.145 Z4.171 E988.05080 ; infill
G1 X114.063 Y110.145 Z4.142 E988.07824 ; infill
G1 X115.750 Y110.145 Z4.147 E988.14309 ; infill
G1 X115.764 Y109.687 Z4.147 E988.16070 ; infill
G1 X114.824 Y109.687 Z4.131 E988.19684 ; infill
G1 X113.356 Y109.687 Z4.169 E988.25328 ; infill
G1 X112.031 Y109.687 Z4.276 E988.30421 ; infill
G1 X110.808 Y109.687 Z4.438 E988.35125 ; infill
G1 X109.645 Y109.687 Z4.643 E988.39601 ; infill
G1 X106.084 Y109.687 Z5.402 E988.53305 ; infill
G1 X104.732 Y109.687 Z5.661 E988.58505 ; infill
G1 X103.229 Y109.687 Z5.902 E988.64288 ; infill
G1 X102.407 Y109.687 Z6.012 E988.67448 ; infill
G1 X100.598 Y109.687 Z6.205 E988.74404 ; infill
G1 X98.303 Y109.687 Z6.367 E988.83229 ; infill
G1 X95.377 Y109.687 Z6.498 E988.94482 ; infill
G1 X91.938 Y109.687 Z6.571 E989.07705 ; infill
G1 X89.998 Y109.687 Z6.582 E989.15162 ; infill
G1 X86.270 Y109.687 Z6.542 E989.29498 ; infill
G1 X83.098 Y109.687 Z6.439 E989.41695 ; infill
G1 X80.396 Y109.687 Z6.284 E989.52083 ; infill
G1 X78.464 Y109.687 Z6.114 E989.59513 ; infill
G1 X76.767 Y109.687 Z5.902 E989.66040 ; infill
G1 X75.263 Y109.687 Z5.660 E989.71824 ; infill
G1 X73.911 Y109.687 Z5.401 E989.77025 ; infill
G1 X70.351 Y109.687 Z4.643 E989.90728 ; infill
G1 X69.187 Y109.687 Z4.437 E989.95204 ; infill
G1 X67.964 Y109.687 Z4.275 E989.99907 ; infill
G1 X66.639 Y109.687 Z4.169 E990.05001 ; infill
G1 X65.926 Y109.687 Z4.141 E990.07745 ; infill
G1 X64.223 Y109.687 Z4.147 E990.14291 ; infill
G1 X64.214 Y109.230 Z4.147 E990.16052 ; infill
G1 X65.150 Y109.230 Z4.131 E990.19651 ; infill
G1 X66.613 Y109.230 Z4.168 E990.25277 ; infill
G1 X67.932 Y109.230 Z4.273 E990.30351 ; infill
G1 X69.150 Y109.230 Z4.434 E990.35032 ; infill
G1 X70.307 Y109.230 Z4.639 E990.39484 ; infill
G1 X73.849 Y109.230 Z5.397 E990.53115 ; infill
G1 X75.196 Y109.230 Z5.656 E990.58299 ; infill
G1 X76.697 Y109.230 Z5.899 E990.64072 ; infill
G1 X78.394 Y109.230 Z6.114 E990.70599 ; infill
G1 X80.330 Y109.230 Z6.287 E990.78044 ; infill
G1 X81.632 Y109.230 Z6.372 E990.83050 ; infill
G1 X83.619 Y109.230 Z6.469 E990.90688 ; infill
G1 X86.237 Y109.230 Z6.553 E991.00758 ; infill
G1 X89.998 Y109.230 Z6.593 E991.15218 ; infill
G1 X93.759 Y109.230 Z6.553 E991.29679 ; infill
G1 X96.953 Y109.230 Z6.446 E991.41959 ; infill
G1 X98.364 Y109.230 Z6.372 E991.47386 ; infill
G1 X100.667 Y109.230 Z6.206 E991.56239 ; infill
G1 X102.478 Y109.230 Z6.011 E991.63203 ; infill
G1 X104.071 Y109.230 Z5.781 E991.69331 ; infill
G1 X106.147 Y109.230 Z5.397 E991.77316 ; infill
G1 X109.688 Y109.230 Z4.639 E991.90948 ; infill
G1 X110.846 Y109.230 Z4.434 E991.95401 ; infill
G1 X112.063 Y109.230 Z4.273 E992.00081 ; infill
G1 X113.382 Y109.230 Z4.168 E992.05155 ; infill
G1 X114.094 Y109.230 Z4.140 E992.07889 ; infill
G1 X115.785 Y109.230 Z4.147 E992.14392 ; infill
G1 X115.834 Y108.772 Z4.146 E992.16163 ; infill
G1 X114.897 Y108.772 Z4.130 E992.19765 ; infill
G1 X113.430 Y108.772 Z4.167 E992.25405 ; infill
G1 X112.111 Y108.772 Z4.271 E992.30478 ; infill
G1 X110.896 Y108.772 Z4.431 E992.35149 ; infill
G1 X109.743 Y108.772 Z4.636 E992.39585 ; infill
G1 X106.217 Y108.772 Z5.392 E992.53157 ; infill
G1 X104.874 Y108.772 Z5.653 E992.58325 ; infill
G1 X103.375 Y108.772 Z5.897 E992.64091 ; infill
G1 X102.553 Y108.772 Z6.010 E992.67251 ; infill
G1 X100.739 Y108.772 Z6.208 E992.74228 ; infill
G1 X98.427 Y108.772 Z6.378 E992.83116 ; infill
G1 X95.466 Y108.772 Z6.516 E992.94501 ; infill
G1 X91.973 Y108.772 Z6.593 E993.07934 ; infill
G1 X89.998 Y108.772 Z6.605 E993.15526 ; infill
G1 X87.909 Y108.772 Z6.591 E993.23558 ; infill
G1 X84.530 Y108.772 Z6.516 E993.36551 ; infill
G1 X81.569 Y108.772 Z6.378 E993.47936 ; infill
G1 X79.028 Y108.772 Z6.185 E993.57709 ; infill
G1 X77.443 Y108.772 Z6.010 E993.63803 ; infill
G1 X75.656 Y108.772 Z5.745 E993.70674 ; infill
G1 X73.778 Y108.772 Z5.392 E993.77900 ; infill
G1 X70.252 Y108.772 Z4.635 E993.91471 ; infill
G1 X69.099 Y108.772 Z4.431 E993.95906 ; infill
G1 X67.884 Y108.772 Z4.271 E994.00578 ; infill
G1 X66.565 Y108.772 Z4.167 E994.05651 ; infill
G1 X65.853 Y108.772 Z4.139 E994.08391 ; infill
G1 X64.169 Y108.772 Z4.146 E994.14864 ; infill
G1 X64.098 Y108.314 Z4.146 E994.16645 ; infill
G1 X65.042 Y108.314 Z4.130 E994.20275 ; infill
G1 X66.505 Y108.314 Z4.165 E994.25899 ; infill
G1 X67.820 Y108.314 Z4.269 E994.30957 ; infill
G1 X69.031 Y108.314 Z4.428 E994.35612 ; infill
G1 X70.180 Y108.314 Z4.631 E994.40032 ; infill
G1 X73.695 Y108.314 Z5.387 E994.53563 ; infill
G1 X75.037 Y108.314 Z5.649 E994.58726 ; infill
G1 X76.537 Y108.314 Z5.895 E994.64495 ; infill
G1 X77.360 Y108.314 Z6.008 E994.67660 ; infill
G1 X79.180 Y108.314 Z6.210 E994.74658 ; infill
G1 X81.502 Y108.314 Z6.384 E994.83587 ; infill
G1 X84.482 Y108.314 Z6.525 E994.95048 ; infill
G1 X88.005 Y108.314 Z6.604 E995.08593 ; infill
G1 X89.998 Y108.314 Z6.616 E995.16257 ; infill
G1 X91.991 Y108.314 Z6.604 E995.23920 ; infill
G1 X95.514 Y108.314 Z6.525 E995.37465 ; infill
G1 X98.495 Y108.314 Z6.384 E995.48926 ; infill
G1 X100.817 Y108.314 Z6.210 E995.57854 ; infill
G1 X102.636 Y108.314 Z6.009 E995.64851 ; infill
G1 X104.231 Y108.314 Z5.775 E995.70985 ; infill
G1 X106.300 Y108.314 Z5.388 E995.78945 ; infill
G1 X109.816 Y108.314 Z4.632 E995.92477 ; infill
G1 X110.965 Y108.314 Z4.428 E995.96897 ; infill
G1 X112.175 Y108.314 Z4.269 E996.01552 ; infill
G1 X113.491 Y108.314 Z4.166 E996.06610 ; infill
G1 X114.201 Y108.314 Z4.138 E996.09341 ; infill
G1 X115.896 Y108.314 Z4.146 E996.15857 ; infill
G1 X115.982 Y107.856 Z4.145 E996.17649 ; infill
G1 X115.064 Y107.856 Z4.129 E996.21178 ; infill
G1 X113.595 Y107.856 Z4.164 E996.26828 ; infill
G1 X112.276 Y107.856 Z4.267 E996.31900 ; infill
G1 X111.064 Y107.856 Z4.425 E996.36561 ; infill
G1 X109.915 Y107.856 Z4.628 E996.40982 ; infill
G1 X106.401 Y107.856 Z5.383 E996.54507 ; infill
G1 X105.058 Y107.856 Z5.645 E996.59675 ; infill
G1 X103.555 Y107.856 Z5.893 E996.65456 ; infill
G1 X102.729 Y107.856 Z6.008 E996.68631 ; infill
G1 X100.902 Y107.856 Z6.212 E996.75658 ; infill
G1 X98.566 Y107.856 Z6.390 E996.84639 ; infill
G1 X95.563 Y107.856 Z6.534 E996.96185 ; infill
G1 X92.010 Y107.856 Z6.615 E997.09848 ; infill
G1 X89.998 Y107.856 Z6.627 E997.17582 ; infill
G1 X87.987 Y107.856 Z6.615 E997.25317 ; infill
G1 X84.433 Y107.856 Z6.534 E997.38980 ; infill
G1 X81.431 Y107.856 Z6.390 E997.50526 ; infill
G1 X79.095 Y107.856 Z6.212 E997.59507 ; infill
G1 X77.267 Y107.856 Z6.008 E997.66536 ; infill
G1 X75.667 Y107.856 Z5.772 E997.72691 ; infill
G1 X73.595 Y107.856 Z5.383 E997.80663 ; infill
G1 X70.081 Y107.856 Z4.628 E997.94187 ; infill
G1 X68.932 Y107.856 Z4.425 E997.98607 ; infill
G1 X67.720 Y107.856 Z4.267 E998.03268 ; infill
G1 X66.400 Y107.856 Z4.164 E998.08341 ; infill
G1 X65.687 Y107.856 Z4.138 E998.11083 ; infill
G1 X64.013 Y107.856 Z4.145 E998.17520 ; infill
G1 X63.901 Y107.398 Z4.145 E998.19333 ; infill
G1 X64.820 Y107.398 Z4.129 E998.22866 ; infill
G1 X66.293 Y107.398 Z4.163 E998.28532 ; infill
G1 X67.612 Y107.398 Z4.265 E998.33602 ; infill
G1 X68.823 Y107.398 Z4.422 E998.38261 ; infill
G1 X69.972 Y107.398 Z4.624 E998.42679 ; infill
G1 X73.487 Y107.398 Z5.379 E998.56209 ; infill
G1 X74.833 Y107.398 Z5.642 E998.61387 ; infill
G1 X76.341 Y107.398 Z5.891 E998.67187 ; infill
G1 X77.170 Y107.398 Z6.007 E998.70375 ; infill
G1 X79.006 Y107.398 Z6.214 E998.77437 ; infill
G1 X81.356 Y107.398 Z6.395 E998.86474 ; infill
G1 X84.382 Y107.398 Z6.543 E998.98109 ; infill
G1 X87.967 Y107.398 Z6.626 E999.11894 ; infill
G1 X89.998 Y107.398 Z6.638 E999.19703 ; infill
G1 X92.029 Y107.398 Z6.626 E999.27511 ; infill
G1 X95.614 Y107.398 Z6.543 E999.41296 ; infill
G1 X98.640 Y107.398 Z6.395 E999.52931 ; infill
G1 X100.990 Y107.398 Z6.214 E999.61967 ; infill
G1 X102.826 Y107.398 Z6.007 E999.69028 ; infill
G1 X104.432 Y107.398 Z5.769 E999.75203 ; infill
G1 X106.508 Y107.398 Z5.379 E999.83191 ; infill
G1 X110.024 Y107.398 Z4.624 E999.96722 ; infill
G1 X111.172 Y107.398 Z4.422 E1000.01141 ; infill
G1 X112.384 Y107.398 Z4.265 E1000.05799 ; infill
G1 X113.702 Y107.398 Z4.163 E1000.10869 ; infill
G1 X114.416 Y107.398 Z4.137 E1000.13612 ; infill
G1 X116.090 Y107.398 Z4.144 E1000.20052 ; infill
G1 X116.242 Y106.940 Z4.143 E1000.21906 ; infill
G1 X115.344 Y106.940 Z4.128 E1000.25359 ; infill
G1 X113.864 Y106.940 Z4.162 E1000.31048 ; infill
G1 X112.538 Y106.940 Z4.263 E1000.36148 ; infill
G1 X111.320 Y106.940 Z4.419 E1000.40830 ; infill
G1 X110.167 Y106.940 Z4.621 E1000.45267 ; infill
G1 X106.638 Y106.940 Z5.375 E1000.58850 ; infill
G1 X105.286 Y106.940 Z5.639 E1000.64052 ; infill
G1 X103.770 Y106.940 Z5.890 E1000.69883 ; infill
G1 X102.936 Y106.940 Z6.007 E1000.73091 ; infill
G1 X101.087 Y106.940 Z6.216 E1000.80200 ; infill
G1 X98.719 Y106.940 Z6.402 E1000.89305 ; infill
G1 X95.667 Y106.940 Z6.552 E1001.01040 ; infill
G1 X92.049 Y106.940 Z6.636 E1001.14954 ; infill
G1 X89.998 Y106.940 Z6.649 E1001.22838 ; infill
G1 X87.948 Y106.940 Z6.636 E1001.30722 ; infill
G1 X84.329 Y106.940 Z6.552 E1001.44635 ; infill
G1 X81.277 Y106.940 Z6.402 E1001.56370 ; infill
G1 X78.909 Y106.940 Z6.216 E1001.65476 ; infill
G1 X77.060 Y106.940 Z6.006 E1001.72587 ; infill
G1 X75.444 Y106.940 Z5.767 E1001.78801 ; infill
G1 X73.357 Y106.940 Z5.375 E1001.86831 ; infill
G1 X69.828 Y106.940 Z4.620 E1002.00412 ; infill
G1 X68.675 Y106.940 Z4.419 E1002.04849 ; infill
G1 X67.457 Y106.940 Z4.263 E1002.09531 ; infill
G1 X66.131 Y106.940 Z4.162 E1002.14632 ; infill
G1 X65.413 Y106.940 Z4.136 E1002.17392 ; infill
G1 X63.752 Y106.940 Z4.143 E1002.23778 ; infill
G1 X63.579 Y106.482 Z4.142 E1002.25660 ; infill
G1 X64.457 Y106.482 Z4.128 E1002.29035 ; infill
G1 X65.943 Y106.482 Z4.160 E1002.34749 ; infill
G1 X67.276 Y106.482 Z4.261 E1002.39875 ; infill
G1 X68.500 Y106.482 Z4.417 E1002.44581 ; infill
G1 X69.660 Y106.482 Z4.617 E1002.49043 ; infill
G1 X73.211 Y106.482 Z5.372 E1002.62711 ; infill
G1 X74.573 Y106.482 Z5.636 E1002.67950 ; infill
G1 X76.100 Y106.482 Z5.889 E1002.73826 ; infill
G1 X76.941 Y106.482 Z6.006 E1002.77058 ; infill
G1 X78.805 Y106.482 Z6.219 E1002.84227 ; infill
G1 X81.193 Y106.482 Z6.408 E1002.93411 ; infill
G1 X84.273 Y106.482 Z6.562 E1003.05254 ; infill
G1 X87.927 Y106.482 Z6.647 E1003.19304 ; infill
G1 X89.998 Y106.482 Z6.660 E1003.27266 ; infill
G1 X92.069 Y106.482 Z6.647 E1003.35229 ; infill
G1 X95.723 Y106.482 Z6.562 E1003.49278 ; infill
G1 X98.803 Y106.482 Z6.408 E1003.61122 ; infill
G1 X101.191 Y106.482 Z6.219 E1003.70305 ; infill
G1 X103.055 Y106.482 Z6.007 E1003.77472 ; infill
G1 X104.683 Y106.482 Z5.765 E1003.83732 ; infill
G1 X106.784 Y106.482 Z5.372 E1003.91817 ; infill
G1 X110.336 Y106.482 Z4.617 E1004.05485 ; infill
G1 X111.496 Y106.482 Z4.417 E1004.09947 ; infill
G1 X112.720 Y106.482 Z4.261 E1004.14654 ; infill
G1 X114.052 Y106.482 Z4.160 E1004.19779 ; infill
G1 X114.774 Y106.482 Z4.135 E1004.22552 ; infill
G1 X116.419 Y106.482 Z4.142 E1004.28877 ; infill
G1 X116.630 Y106.025 Z4.141 E1004.30816 ; infill
G1 X115.764 Y106.025 Z4.127 E1004.34143 ; infill
G1 X114.265 Y106.025 Z4.159 E1004.39907 ; infill
G1 X112.924 Y106.025 Z4.259 E1004.45067 ; infill
G1 X111.691 Y106.025 Z4.414 E1004.49807 ; infill
G1 X110.522 Y106.025 Z4.614 E1004.54303 ; infill
G1 X106.941 Y106.025 Z5.369 E1004.68083 ; infill
G1 X105.568 Y106.025 Z5.634 E1004.73366 ; infill
G1 X104.073 Y106.025 Z5.881 E1004.79119 ; infill
G1 X103.180 Y106.025 Z6.007 E1004.82551 ; infill
G1 X101.300 Y106.025 Z6.221 E1004.89782 ; infill
G1 X98.890 Y106.025 Z6.414 E1004.99049 ; infill
G1 X95.780 Y106.025 Z6.571 E1005.11006 ; infill
G1 X92.090 Y106.025 Z6.658 E1005.25195 ; infill
G1 X89.998 Y106.025 Z6.671 E1005.33238 ; infill
G1 X87.907 Y106.025 Z6.658 E1005.41281 ; infill
G1 X84.216 Y106.025 Z6.571 E1005.55469 ; infill
G1 X81.107 Y106.025 Z6.414 E1005.67427 ; infill
G1 X78.696 Y106.025 Z6.221 E1005.76695 ; infill
G1 X76.816 Y106.025 Z6.007 E1005.83927 ; infill
G1 X75.174 Y106.025 Z5.763 E1005.90242 ; infill
G1 X73.054 Y106.025 Z5.368 E1005.98397 ; infill
G1 X69.473 Y106.025 Z4.614 E1006.12177 ; infill
G1 X68.305 Y106.025 Z4.414 E1006.16673 ; infill
G1 X67.072 Y106.025 Z4.259 E1006.21413 ; infill
G1 X65.740 Y106.025 Z4.160 E1006.26534 ; infill
G1 X65.003 Y106.025 Z4.134 E1006.29368 ; infill
G1 X63.370 Y106.025 Z4.141 E1006.35647 ; infill
G1 X63.123 Y105.567 Z4.140 E1006.37648 ; infill
G1 X63.959 Y105.567 Z4.126 E1006.40864 ; infill
G1 X65.472 Y105.567 Z4.158 E1006.46680 ; infill
G1 X66.829 Y105.567 Z4.257 E1006.51898 ; infill
G1 X68.075 Y105.567 Z4.411 E1006.56690 ; infill
G1 X69.257 Y105.567 Z4.611 E1006.61235 ; infill
G1 X72.876 Y105.567 Z5.366 E1006.75164 ; infill
G1 X74.264 Y105.567 Z5.632 E1006.80504 ; infill
G1 X75.821 Y105.567 Z5.887 E1006.86494 ; infill
G1 X76.678 Y105.567 Z6.007 E1006.89789 ; infill
G1 X78.579 Y105.567 Z6.225 E1006.97098 ; infill
G1 X81.015 Y105.567 Z6.421 E1007.06463 ; infill
G1 X84.157 Y105.567 Z6.581 E1007.18546 ; infill
G1 X87.885 Y105.567 Z6.669 E1007.32882 ; infill
G1 X89.998 Y105.567 Z6.682 E1007.41006 ; infill
G1 X92.111 Y105.567 Z6.669 E1007.49131 ; infill
G1 X95.840 Y105.567 Z6.581 E1007.63467 ; infill
G1 X98.982 Y105.567 Z6.421 E1007.75549 ; infill
G1 X101.417 Y105.567 Z6.225 E1007.84914 ; infill
G1 X103.317 Y105.567 Z6.007 E1007.92220 ; infill
G1 X104.977 Y105.567 Z5.762 E1007.98602 ; infill
G1 X107.119 Y105.567 Z5.366 E1008.06844 ; infill
G1 X110.738 Y105.567 Z4.611 E1008.20773 ; infill
G1 X111.920 Y105.567 Z4.412 E1008.25318 ; infill
G1 X113.166 Y105.567 Z4.257 E1008.30111 ; infill
G1 X114.523 Y105.567 Z4.158 E1008.35328 ; infill
G1 X115.257 Y105.567 Z4.133 E1008.38150 ; infill
G1 X116.865 Y105.567 Z4.139 E1008.44331 ; infill
G1 X117.160 Y105.109 Z4.139 E1008.46427 ; infill
G1 X116.324 Y105.109 Z4.126 E1008.49642 ; infill
G1 X114.797 Y105.109 Z4.157 E1008.55514 ; infill
G1 X113.426 Y105.109 Z4.255 E1008.60787 ; infill
G1 X112.165 Y105.109 Z4.409 E1008.65634 ; infill
G1 X110.970 Y105.109 Z4.608 E1008.70233 ; infill
G1 X107.306 Y105.109 Z5.363 E1008.84333 ; infill
G1 X105.338 Y105.109 Z5.727 E1008.91904 ; infill
G1 X103.460 Y105.109 Z6.008 E1008.99127 ; infill
G1 X101.539 Y105.109 Z6.228 E1009.06515 ; infill
G1 X99.077 Y105.109 Z6.427 E1009.15980 ; infill
G1 X95.901 Y105.109 Z6.590 E1009.28192 ; infill
G1 X92.133 Y105.109 Z6.680 E1009.42680 ; infill
G1 X89.998 Y105.109 Z6.693 E1009.50889 ; infill
G1 X87.863 Y105.109 Z6.680 E1009.59098 ; infill
G1 X84.096 Y105.109 Z6.590 E1009.73585 ; infill
G1 X80.920 Y105.109 Z6.427 E1009.85797 ; infill
G1 X78.458 Y105.109 Z6.228 E1009.95263 ; infill
G1 X76.536 Y105.109 Z6.008 E1010.02653 ; infill
G1 X74.857 Y105.109 Z5.761 E1010.09109 ; infill
G1 X72.689 Y105.109 Z5.363 E1010.17449 ; infill
G1 X69.026 Y105.109 Z4.608 E1010.31549 ; infill
G1 X67.830 Y105.109 Z4.409 E1010.36148 ; infill
G1 X66.570 Y105.109 Z4.255 E1010.40995 ; infill
G1 X65.394 Y105.109 Z4.168 E1010.45515 ; infill
G1 X64.457 Y105.109 Z4.132 E1010.49118 ; infill
G1 X62.855 Y105.109 Z4.138 E1010.55277 ; infill
G1 X62.546 Y104.651 Z4.137 E1010.57401 ; infill
G1 X64.050 Y104.651 Z4.131 E1010.63185 ; infill
G1 X64.904 Y104.651 Z4.156 E1010.66467 ; infill
G1 X66.292 Y104.651 Z4.254 E1010.71806 ; infill
G1 X67.569 Y104.651 Z4.407 E1010.76715 ; infill
G1 X68.780 Y104.651 Z4.606 E1010.81374 ; infill
G1 X72.492 Y104.651 Z5.361 E1010.95658 ; infill
G1 X74.688 Y104.651 Z5.761 E1011.04104 ; infill
G1 X76.387 Y104.651 Z6.009 E1011.10639 ; infill
G1 X78.331 Y104.651 Z6.232 E1011.18116 ; infill
G1 X80.821 Y104.651 Z6.434 E1011.27691 ; infill
G1 X84.033 Y104.651 Z6.600 E1011.40039 ; infill
G1 X87.841 Y104.651 Z6.691 E1011.54683 ; infill
G1 X89.998 Y104.651 Z6.704 E1011.62977 ; infill
G1 X92.155 Y104.651 Z6.691 E1011.71272 ; infill
G1 X95.964 Y104.651 Z6.600 E1011.85915 ; infill
G1 X99.175 Y104.651 Z6.434 E1011.98264 ; infill
G1 X101.665 Y104.651 Z6.232 E1012.07837 ; infill
G1 X103.609 Y104.651 Z6.010 E1012.15313 ; infill
G1 X105.308 Y104.651 Z5.761 E1012.21847 ; infill
G1 X107.503 Y104.651 Z5.361 E1012.30292 ; infill
G1 X111.215 Y104.651 Z4.606 E1012.44576 ; infill
G1 X112.426 Y104.651 Z4.407 E1012.49235 ; infill
G1 X113.703 Y104.651 Z4.254 E1012.54144 ; infill
G1 X115.092 Y104.651 Z4.156 E1012.59483 ; infill
G1 X115.842 Y104.651 Z4.132 E1012.62370 ; infill
G1 X117.456 Y104.651 Z4.138 E1012.68576 ; infill
G1 X117.778 Y104.193 Z4.137 E1012.70728 ; infill
G1 X116.166 Y104.193 Z4.131 E1012.76926 ; infill
G1 X115.406 Y104.193 Z4.155 E1012.79847 ; infill
G1 X114.000 Y104.193 Z4.252 E1012.85254 ; infill
G1 X112.706 Y104.193 Z4.406 E1012.90229 ; infill
G1 X111.478 Y104.193 Z4.604 E1012.94953 ; infill
G1 X107.712 Y104.193 Z5.360 E1013.09444 ; infill
G1 X105.842 Y104.193 Z5.702 E1013.16639 ; infill
G1 X103.766 Y104.193 Z6.011 E1013.24625 ; infill
G1 X101.797 Y104.193 Z6.236 E1013.32194 ; infill
G1 X99.278 Y104.193 Z6.441 E1013.41882 ; infill
G1 X96.029 Y104.193 Z6.609 E1013.54374 ; infill
G1 X92.179 Y104.193 Z6.702 E1013.69179 ; infill
G1 X89.998 Y104.193 Z6.715 E1013.77563 ; infill
G1 X87.818 Y104.193 Z6.702 E1013.85946 ; infill
G1 X83.967 Y104.193 Z6.609 E1014.00752 ; infill
G1 X80.719 Y104.193 Z6.441 E1014.13243 ; infill
G1 X78.199 Y104.193 Z6.236 E1014.22932 ; infill
G1 X76.230 Y104.193 Z6.011 E1014.30503 ; infill
G1 X74.509 Y104.193 Z5.761 E1014.37124 ; infill
G1 X72.283 Y104.193 Z5.360 E1014.45687 ; infill
G1 X68.517 Y104.193 Z4.604 E1014.60177 ; infill
G1 X67.289 Y104.193 Z4.405 E1014.64901 ; infill
G1 X65.995 Y104.193 Z4.252 E1014.69876 ; infill
G1 X64.951 Y104.193 Z4.175 E1014.73891 ; infill
G1 X63.829 Y104.193 Z4.131 E1014.78204 ; infill
G1 X62.218 Y104.193 Z4.137 E1014.84399 ; infill
G1 X61.872 Y103.735 Z4.136 E1014.86606 ; infill
G1 X63.499 Y103.735 Z4.131 E1014.92860 ; infill
G1 X64.268 Y103.735 Z4.154 E1014.95818 ; infill
G1 X65.692 Y103.735 Z4.251 E1015.01296 ; infill
G1 X67.004 Y103.735 Z4.404 E1015.06338 ; infill
G1 X68.376 Y103.735 Z4.625 E1015.11617 ; infill
G1 X72.069 Y103.735 Z5.358 E1015.25828 ; infill
G1 X74.326 Y103.735 Z5.761 E1015.34510 ; infill
G1 X76.071 Y103.735 Z6.013 E1015.41219 ; infill
G1 X78.064 Y103.735 Z6.240 E1015.48886 ; infill
G1 X80.615 Y103.735 Z6.449 E1015.58693 ; infill
G1 X83.901 Y103.735 Z6.619 E1015.71329 ; infill
G1 X85.766 Y103.735 Z6.676 E1015.78500 ; infill
G1 X87.795 Y103.735 Z6.713 E1015.86300 ; infill
G1 X89.998 Y103.735 Z6.726 E1015.94773 ; infill
G1 X92.202 Y103.735 Z6.713 E1016.03246 ; infill
G1 X94.230 Y103.735 Z6.676 E1016.11045 ; infill
G1 X96.095 Y103.735 Z6.619 E1016.18216 ; infill
G1 X99.382 Y103.735 Z6.449 E1016.30853 ; infill
G1 X101.932 Y103.735 Z6.240 E1016.40659 ; infill
G1 X103.925 Y103.735 Z6.013 E1016.48324 ; infill
G1 X105.669 Y103.735 Z5.761 E1016.55032 ; infill
G1 X107.926 Y103.735 Z5.359 E1016.63712 ; infill
G1 X111.746 Y103.735 Z4.602 E1016.78412 ; infill
G1 X112.992 Y103.735 Z4.404 E1016.83203 ; infill
G1 X114.303 Y103.735 Z4.251 E1016.88245 ; infill
G1 X115.727 Y103.735 Z4.154 E1016.93722 ; infill
G1 X116.497 Y103.735 Z4.131 E1016.96680 ; infill
G1 X118.132 Y103.735 Z4.137 E1017.02966 ; infill
G1 X118.488 Y103.278 Z4.136 E1017.05198 ; infill
G1 X116.840 Y103.278 Z4.130 E1017.11537 ; infill
G1 X116.060 Y103.278 Z4.154 E1017.14534 ; infill
G1 X114.617 Y103.278 Z4.250 E1017.20085 ; infill
G1 X113.287 Y103.278 Z4.403 E1017.25197 ; infill
G1 X112.024 Y103.278 Z4.601 E1017.30055 ; infill
G1 X108.148 Y103.278 Z5.358 E1017.44968 ; infill
G1 X106.363 Y103.278 Z5.680 E1017.51836 ; infill
G1 X104.092 Y103.278 Z6.016 E1017.60571 ; infill
G1 X102.072 Y103.278 Z6.245 E1017.68337 ; infill
G1 X99.490 Y103.278 Z6.456 E1017.78267 ; infill
G1 X96.164 Y103.278 Z6.629 E1017.91056 ; infill
G1 X94.277 Y103.278 Z6.687 E1017.98310 ; infill
G1 X92.226 Y103.278 Z6.724 E1018.06198 ; infill
G1 X89.998 Y103.278 Z6.737 E1018.14763 ; infill
G1 X87.771 Y103.278 Z6.724 E1018.23329 ; infill
G1 X85.719 Y103.278 Z6.687 E1018.31216 ; infill
G1 X83.833 Y103.278 Z6.629 E1018.38471 ; infill
G1 X80.506 Y103.278 Z6.456 E1018.51260 ; infill
G1 X77.924 Y103.278 Z6.245 E1018.61191 ; infill
G1 X75.904 Y103.278 Z6.016 E1018.68959 ; infill
G1 X74.135 Y103.278 Z5.762 E1018.75759 ; infill
G1 X71.847 Y103.278 Z5.358 E1018.84564 ; infill
G1 X67.971 Y103.278 Z4.600 E1018.99476 ; infill
G1 X66.708 Y103.278 Z4.403 E1019.04334 ; infill
G1 X65.378 Y103.278 Z4.250 E1019.09447 ; infill
G1 X63.935 Y103.278 Z4.154 E1019.14998 ; infill
G1 X63.155 Y103.278 Z4.130 E1019.17995 ; infill
G1 X61.503 Y103.278 Z4.136 E1019.24349 ; infill
G1 X61.128 Y102.820 Z4.136 E1019.26625 ; infill
G1 X62.809 Y102.820 Z4.130 E1019.33092 ; infill
G1 X63.599 Y102.820 Z4.153 E1019.36127 ; infill
G1 X65.062 Y102.820 Z4.249 E1019.41752 ; infill
G1 X66.409 Y102.820 Z4.402 E1019.46934 ; infill
G1 X67.807 Y102.820 Z4.620 E1019.52311 ; infill
G1 X71.621 Y102.820 Z5.358 E1019.66985 ; infill
G1 X73.942 Y102.820 Z5.764 E1019.75913 ; infill
G1 X75.734 Y102.820 Z6.019 E1019.82806 ; infill
G1 X76.723 Y102.820 Z6.138 E1019.86606 ; infill
G1 X78.915 Y102.820 Z6.352 E1019.95038 ; infill
G1 X82.008 Y102.820 Z6.560 E1020.06929 ; infill
G1 X83.762 Y102.820 Z6.638 E1020.13675 ; infill
G1 X85.671 Y102.820 Z6.697 E1020.21014 ; infill
G1 X87.746 Y102.820 Z6.735 E1020.28992 ; infill
G1 X89.998 Y102.820 Z6.748 E1020.37653 ; infill
G1 X92.251 Y102.820 Z6.735 E1020.46314 ; infill
G1 X94.325 Y102.820 Z6.697 E1020.54291 ; infill
G1 X96.234 Y102.820 Z6.638 E1020.61631 ; infill
G1 X99.601 Y102.820 Z6.464 E1020.74575 ; infill
G1 X102.215 Y102.820 Z6.250 E1020.84629 ; infill
G1 X104.261 Y102.820 Z6.019 E1020.92497 ; infill
G1 X106.113 Y102.820 Z5.754 E1020.99618 ; infill
G1 X108.374 Y102.820 Z5.358 E1021.08315 ; infill
G1 X112.305 Y102.820 Z4.600 E1021.23441 ; infill
G1 X113.586 Y102.820 Z4.402 E1021.28368 ; infill
G1 X114.934 Y102.820 Z4.249 E1021.33549 ; infill
G1 X116.396 Y102.820 Z4.153 E1021.39173 ; infill
G1 X117.186 Y102.820 Z4.130 E1021.42209 ; infill
G1 X118.867 Y102.820 Z4.136 E1021.48674 ; infill
G1 X119.246 Y102.362 Z4.136 E1021.50959 ; infill
G1 X117.536 Y102.362 Z4.129 E1021.57533 ; infill
G1 X116.736 Y102.362 Z4.153 E1021.60609 ; infill
G1 X115.254 Y102.362 Z4.249 E1021.66308 ; infill
G1 X113.889 Y102.362 Z4.401 E1021.71559 ; infill
G1 X112.590 Y102.362 Z4.599 E1021.76553 ; infill
G1 X108.605 Y102.362 Z5.359 E1021.91888 ; infill
G1 X106.252 Y102.362 Z5.766 E1022.00937 ; infill
G1 X103.718 Y102.362 Z6.110 E1022.10683 ; infill
G1 X101.539 Y102.362 Z6.330 E1022.19061 ; infill
G1 X99.715 Y102.362 Z6.472 E1022.26074 ; infill
G1 X98.083 Y102.362 Z6.569 E1022.32348 ; infill
G1 X96.307 Y102.362 Z6.648 E1022.39178 ; infill
G1 X94.376 Y102.362 Z6.708 E1022.46605 ; infill
G1 X92.277 Y102.362 Z6.746 E1022.54676 ; infill
G1 X89.998 Y102.362 Z6.759 E1022.63437 ; infill
G1 X87.720 Y102.362 Z6.746 E1022.72197 ; infill
G1 X85.621 Y102.362 Z6.708 E1022.80268 ; infill
G1 X83.689 Y102.362 Z6.648 E1022.87696 ; infill
G1 X81.913 Y102.362 Z6.569 E1022.94525 ; infill
G1 X80.281 Y102.362 Z6.472 E1023.00800 ; infill
G1 X77.633 Y102.362 Z6.256 E1023.10983 ; infill
G1 X75.559 Y102.362 Z6.023 E1023.18956 ; infill
G1 X73.743 Y102.362 Z5.766 E1023.25941 ; infill
G1 X71.390 Y102.362 Z5.359 E1023.34991 ; infill
G1 X67.405 Y102.362 Z4.599 E1023.50325 ; infill
G1 X66.107 Y102.362 Z4.401 E1023.55318 ; infill
G1 X64.741 Y102.362 Z4.249 E1023.60570 ; infill
G1 X64.017 Y102.362 Z4.193 E1023.63352 ; infill
G1 X62.692 Y102.362 Z4.136 E1023.68447 ; infill
G1 X60.751 Y102.362 Z4.136 E1023.75910 ; infill
G1 X60.358 Y101.904 Z4.137 E1023.78232 ; infill
G1 X61.671 Y101.904 Z4.126 E1023.83279 ; infill
G1 X62.919 Y101.904 Z4.152 E1023.88078 ; infill
G1 X64.420 Y101.904 Z4.248 E1023.93852 ; infill
G1 X65.804 Y101.904 Z4.401 E1023.99173 ; infill
G1 X67.772 Y101.904 Z4.712 E1024.06743 ; infill
G1 X71.160 Y101.904 Z5.360 E1024.19777 ; infill
G1 X73.544 Y101.904 Z5.769 E1024.28949 ; infill
G1 X75.385 Y101.904 Z6.027 E1024.36026 ; infill
G1 X76.399 Y101.904 Z6.148 E1024.39927 ; infill
G1 X78.648 Y101.904 Z6.366 E1024.48576 ; infill
G1 X81.818 Y101.904 Z6.578 E1024.60766 ; infill
G1 X83.616 Y101.904 Z6.658 E1024.67678 ; infill
G1 X85.571 Y101.904 Z6.719 E1024.75193 ; infill
G1 X87.694 Y101.904 Z6.757 E1024.83358 ; infill
G1 X89.998 Y101.904 Z6.770 E1024.92218 ; infill
G1 X92.302 Y101.904 Z6.757 E1025.01077 ; infill
G1 X94.426 Y101.904 Z6.719 E1025.09242 ; infill
G1 X96.380 Y101.904 Z6.658 E1025.16758 ; infill
G1 X98.178 Y101.904 Z6.578 E1025.23670 ; infill
G1 X99.830 Y101.904 Z6.480 E1025.30022 ; infill
G1 X102.512 Y101.904 Z6.261 E1025.40333 ; infill
G1 X104.611 Y101.904 Z6.027 E1025.48407 ; infill
G1 X106.451 Y101.904 Z5.769 E1025.55482 ; infill
G1 X108.835 Y101.904 Z5.361 E1025.64653 ; infill
G1 X112.875 Y101.904 Z4.599 E1025.80197 ; infill
G1 X114.191 Y101.904 Z4.401 E1025.85258 ; infill
G1 X115.575 Y101.904 Z4.248 E1025.90579 ; infill
G1 X117.077 Y101.904 Z4.152 E1025.96353 ; infill
G1 X117.887 Y101.904 Z4.129 E1025.99469 ; infill
G1 X119.637 Y101.904 Z4.137 E1026.06197 ; infill
G1 X120.029 Y101.446 Z4.137 E1026.08517 ; infill
G1 X119.107 Y101.446 Z4.123 E1026.12064 ; infill
G1 X117.417 Y101.446 Z4.152 E1026.18563 ; infill
G1 X115.896 Y101.446 Z4.248 E1026.24412 ; infill
G1 X114.494 Y101.446 Z4.400 E1026.29803 ; infill
G1 X113.160 Y101.446 Z4.598 E1026.34931 ; infill
G1 X108.586 Y101.446 Z5.449 E1026.52529 ; infill
G1 X106.650 Y101.446 Z5.772 E1026.59977 ; infill
G1 X105.452 Y101.446 Z5.944 E1026.64584 ; infill
G1 X103.759 Y101.446 Z6.153 E1026.71094 ; infill
G1 X101.482 Y101.446 Z6.373 E1026.79850 ; infill
G1 X98.273 Y101.446 Z6.587 E1026.92189 ; infill
G1 X96.454 Y101.446 Z6.668 E1026.99184 ; infill
G1 X94.476 Y101.446 Z6.729 E1027.06788 ; infill
G1 X92.328 Y101.446 Z6.767 E1027.15047 ; infill
G1 X89.998 Y101.446 Z6.781 E1027.24006 ; infill
G1 X87.668 Y101.446 Z6.767 E1027.32964 ; infill
G1 X85.520 Y101.446 Z6.729 E1027.41223 ; infill
G1 X83.543 Y101.446 Z6.668 E1027.48827 ; infill
G1 X81.724 Y101.446 Z6.587 E1027.55822 ; infill
G1 X80.052 Y101.446 Z6.488 E1027.62251 ; infill
G1 X77.337 Y101.446 Z6.267 E1027.72691 ; infill
G1 X75.210 Y101.446 Z6.031 E1027.80870 ; infill
G1 X73.345 Y101.446 Z5.772 E1027.88039 ; infill
G1 X70.929 Y101.446 Z5.361 E1027.97333 ; infill
G1 X66.835 Y101.446 Z4.598 E1028.13084 ; infill
G1 X65.502 Y101.446 Z4.400 E1028.18213 ; infill
G1 X64.100 Y101.446 Z4.248 E1028.23604 ; infill
G1 X63.118 Y101.446 Z4.179 E1028.27378 ; infill
G1 X61.758 Y101.446 Z4.128 E1028.32610 ; infill
G1 X59.964 Y101.446 Z4.137 E1028.39504 ; infill
G1 X59.571 Y100.988 Z4.138 E1028.41826 ; infill
G1 X60.526 Y100.988 Z4.123 E1028.45499 ; infill
G1 X62.238 Y100.988 Z4.151 E1028.52082 ; infill
G1 X63.779 Y100.988 Z4.247 E1028.58006 ; infill
G1 X65.199 Y100.988 Z4.399 E1028.63467 ; infill
G1 X66.550 Y100.988 Z4.598 E1028.68663 ; infill
G1 X70.699 Y100.988 Z5.362 E1028.84623 ; infill
G1 X73.147 Y100.988 Z5.774 E1028.94039 ; infill
G1 X75.035 Y100.988 Z6.035 E1029.01300 ; infill
G1 X76.075 Y100.988 Z6.158 E1029.05301 ; infill
G1 X78.381 Y100.988 Z6.380 E1029.14168 ; infill
G1 X81.629 Y100.988 Z6.596 E1029.26657 ; infill
G1 X83.470 Y100.988 Z6.678 E1029.33734 ; infill
G1 X85.470 Y100.988 Z6.740 E1029.41427 ; infill
G1 X87.643 Y100.988 Z6.778 E1029.49779 ; infill
G1 X89.998 Y100.988 Z6.792 E1029.58837 ; infill
G1 X92.354 Y100.988 Z6.778 E1029.67895 ; infill
G1 X94.526 Y100.988 Z6.740 E1029.76247 ; infill
G1 X96.527 Y100.988 Z6.678 E1029.83940 ; infill
G1 X98.367 Y100.988 Z6.596 E1029.91017 ; infill
G1 X100.060 Y100.988 Z6.496 E1029.97524 ; infill
G1 X102.808 Y100.988 Z6.273 E1030.08091 ; infill
G1 X104.961 Y100.988 Z6.036 E1030.16371 ; infill
G1 X106.849 Y100.988 Z5.775 E1030.23631 ; infill
G1 X109.120 Y100.988 Z5.395 E1030.32369 ; infill
G1 X113.445 Y100.988 Z4.598 E1030.49007 ; infill
G1 X114.796 Y100.988 Z4.400 E1030.54202 ; infill
G1 X116.216 Y100.988 Z4.247 E1030.59663 ; infill
G1 X117.757 Y100.988 Z4.151 E1030.65587 ; infill
G1 X118.588 Y100.988 Z4.128 E1030.68784 ; infill
G1 X120.422 Y100.988 Z4.138 E1030.75835 ; infill
G1 X120.815 Y100.530 Z4.138 E1030.78155 ; infill
G1 X119.830 Y100.530 Z4.123 E1030.81941 ; infill
G1 X118.096 Y100.530 Z4.151 E1030.88609 ; infill
G1 X116.535 Y100.530 Z4.247 E1030.94609 ; infill
G1 X115.097 Y100.530 Z4.399 E1031.00141 ; infill
G1 X113.729 Y100.530 Z4.598 E1031.05403 ; infill
G1 X109.527 Y100.530 Z5.365 E1031.21568 ; infill
G1 X107.049 Y100.530 Z5.778 E1031.31100 ; infill
G1 X105.315 Y100.530 Z6.017 E1031.37766 ; infill
G1 X104.084 Y100.530 Z6.164 E1031.42500 ; infill
G1 X101.751 Y100.530 Z6.387 E1031.51472 ; infill
G1 X100.177 Y100.530 Z6.505 E1031.57526 ; infill
G1 X98.464 Y100.530 Z6.606 E1031.64110 ; infill
G1 X96.602 Y100.530 Z6.688 E1031.71271 ; infill
G1 X94.578 Y100.530 Z6.750 E1031.79053 ; infill
G1 X92.381 Y100.530 Z6.789 E1031.87502 ; infill
G1 X89.998 Y100.530 Z6.803 E1031.96662 ; infill
G1 X87.616 Y100.530 Z6.789 E1032.05823 ; infill
G1 X85.419 Y100.530 Z6.750 E1032.14271 ; infill
G1 X83.395 Y100.530 Z6.688 E1032.22054 ; infill
G1 X81.532 Y100.530 Z6.606 E1032.29214 ; infill
G1 X79.820 Y100.530 Z6.505 E1032.35799 ; infill
G1 X77.038 Y100.530 Z6.280 E1032.46494 ; infill
G1 X74.858 Y100.530 Z6.040 E1032.54877 ; infill
G1 X72.947 Y100.530 Z5.778 E1032.62229 ; infill
G1 X70.468 Y100.530 Z5.364 E1032.71763 ; infill
G1 X66.267 Y100.530 Z4.598 E1032.87926 ; infill
G1 X64.898 Y100.530 Z4.399 E1032.93189 ; infill
G1 X63.460 Y100.530 Z4.247 E1032.98720 ; infill
G1 X62.025 Y100.530 Z4.157 E1033.04236 ; infill
G1 X61.057 Y100.530 Z4.128 E1033.07959 ; infill
G1 X59.177 Y100.530 Z4.138 E1033.15186 ; infill
G1 X58.784 Y100.073 Z4.139 E1033.17508 ; infill
G1 X59.804 Y100.073 Z4.123 E1033.21431 ; infill
G1 X61.562 Y100.073 Z4.151 E1033.28189 ; infill
G1 X63.143 Y100.073 Z4.247 E1033.34268 ; infill
G1 X64.600 Y100.073 Z4.400 E1033.39870 ; infill
G1 X65.985 Y100.073 Z4.599 E1033.45198 ; infill
G1 X70.238 Y100.073 Z5.368 E1033.61557 ; infill
G1 X72.746 Y100.073 Z5.783 E1033.71205 ; infill
G1 X74.680 Y100.073 Z6.046 E1033.78644 ; infill
G1 X75.746 Y100.073 Z6.170 E1033.82742 ; infill
G1 X78.107 Y100.073 Z6.396 E1033.91823 ; infill
G1 X79.700 Y100.073 Z6.514 E1033.97948 ; infill
G1 X81.433 Y100.073 Z6.615 E1034.04611 ; infill
G1 X83.318 Y100.073 Z6.699 E1034.11856 ; infill
G1 X85.365 Y100.073 Z6.761 E1034.19730 ; infill
G1 X87.588 Y100.073 Z6.800 E1034.28277 ; infill
G1 X89.998 Y100.073 Z6.814 E1034.37544 ; infill
G1 X92.408 Y100.073 Z6.800 E1034.46811 ; infill
G1 X94.631 Y100.073 Z6.761 E1034.55358 ; infill
G1 X96.679 Y100.073 Z6.699 E1034.63232 ; infill
G1 X98.563 Y100.073 Z6.615 E1034.70478 ; infill
G1 X100.296 Y100.073 Z6.514 E1034.77140 ; infill
G1 X102.620 Y100.073 Z6.331 E1034.86077 ; infill
G1 X105.316 Y100.073 Z6.046 E1034.96442 ; infill
G1 X107.250 Y100.073 Z5.783 E1035.03879 ; infill
G1 X109.757 Y100.073 Z5.368 E1035.13525 ; infill
G1 X114.010 Y100.073 Z4.599 E1035.29885 ; infill
G1 X115.395 Y100.073 Z4.400 E1035.35213 ; infill
G1 X116.852 Y100.073 Z4.247 E1035.40815 ; infill
G1 X118.433 Y100.073 Z4.151 E1035.46894 ; infill
G1 X119.287 Y100.073 Z4.128 E1035.50176 ; infill
G1 X121.207 Y100.073 Z4.139 E1035.57561 ; infill
G1 X121.600 Y99.615 Z4.139 E1035.59881 ; infill
G1 X120.551 Y99.615 Z4.122 E1035.63913 ; infill
G1 X118.771 Y99.615 Z4.151 E1035.70760 ; infill
G1 X117.169 Y99.615 Z4.247 E1035.76918 ; infill
G1 X115.694 Y99.615 Z4.400 E1035.82591 ; infill
G1 X114.291 Y99.615 Z4.600 E1035.87985 ; infill
G1 X109.988 Y99.615 Z5.371 E1036.04540 ; infill
G1 X107.451 Y99.615 Z5.788 E1036.14299 ; infill
G1 X105.494 Y99.615 Z6.053 E1036.21824 ; infill
G1 X104.416 Y99.615 Z6.177 E1036.25969 ; infill
G1 X102.028 Y99.615 Z6.404 E1036.35151 ; infill
G1 X100.419 Y99.615 Z6.522 E1036.41337 ; infill
G1 X98.672 Y99.615 Z6.625 E1036.48057 ; infill
G1 X96.755 Y99.615 Z6.709 E1036.55425 ; infill
G1 X94.691 Y99.615 Z6.772 E1036.63365 ; infill
G1 X92.453 Y99.615 Z6.811 E1036.71969 ; infill
G1 X89.998 Y99.615 Z6.825 E1036.81407 ; infill
G1 X87.544 Y99.615 Z6.811 E1036.90845 ; infill
G1 X85.306 Y99.615 Z6.772 E1036.99449 ; infill
G1 X83.241 Y99.615 Z6.709 E1037.07388 ; infill
G1 X81.325 Y99.615 Z6.625 E1037.14757 ; infill
G1 X79.577 Y99.615 Z6.522 E1037.21477 ; infill
G1 X77.968 Y99.615 Z6.404 E1037.27663 ; infill
G1 X75.580 Y99.615 Z6.177 E1037.36847 ; infill
G1 X74.502 Y99.615 Z6.052 E1037.40994 ; infill
G1 X72.545 Y99.615 Z5.787 E1037.48520 ; infill
G1 X70.007 Y99.615 Z5.371 E1037.58281 ; infill
G1 X65.704 Y99.615 Z4.600 E1037.74835 ; infill
G1 X64.301 Y99.615 Z4.400 E1037.80228 ; infill
G1 X62.826 Y99.615 Z4.247 E1037.85902 ; infill
G1 X61.224 Y99.615 Z4.151 E1037.92060 ; infill
G1 X60.360 Y99.615 Z4.127 E1037.95384 ; infill
G1 X58.391 Y99.615 Z4.140 E1038.02956 ; infill
G1 X57.997 Y99.157 Z4.143 E1038.05278 ; infill
G1 X59.038 Y99.157 Z4.123 E1038.09281 ; infill
G1 X60.819 Y99.157 Z4.148 E1038.16128 ; infill
G1 X62.420 Y99.157 Z4.240 E1038.22286 ; infill
G1 X63.894 Y99.157 Z4.387 E1038.27954 ; infill
G1 X65.839 Y99.157 Z4.669 E1038.35432 ; infill
G1 X70.173 Y99.157 Z5.443 E1038.52105 ; infill
G1 X72.374 Y99.157 Z5.798 E1038.60572 ; infill
G1 X73.908 Y99.157 Z6.007 E1038.66470 ; infill
G1 X75.385 Y99.157 Z6.182 E1038.72150 ; infill
G1 X77.748 Y99.157 Z6.406 E1038.81235 ; infill
G1 X80.815 Y99.157 Z6.613 E1038.93028 ; infill
G1 X83.194 Y99.157 Z6.721 E1039.02177 ; infill
G1 X87.149 Y99.157 Z6.817 E1039.17384 ; infill
G1 X89.998 Y99.157 Z6.836 E1039.28340 ; infill
G1 X92.851 Y99.157 Z6.817 E1039.39311 ; infill
G1 X96.811 Y99.157 Z6.721 E1039.54537 ; infill
G1 X99.193 Y99.157 Z6.612 E1039.63696 ; infill
G1 X102.261 Y99.157 Z6.406 E1039.75490 ; infill
G1 X104.623 Y99.157 Z6.181 E1039.84572 ; infill
G1 X106.098 Y99.157 Z6.006 E1039.90247 ; infill
G1 X107.631 Y99.157 Z5.797 E1039.96142 ; infill
G1 X109.831 Y99.157 Z5.441 E1040.04604 ; infill
G1 X114.166 Y99.157 Z4.668 E1040.21279 ; infill
G1 X116.111 Y99.157 Z4.387 E1040.28761 ; infill
G1 X116.999 Y99.157 Z4.294 E1040.32176 ; infill
G1 X118.058 Y99.157 Z4.206 E1040.36245 ; infill
G1 X119.188 Y99.157 Z4.148 E1040.40593 ; infill
G1 X120.970 Y99.157 Z4.123 E1040.47444 ; infill
G1 X121.993 Y99.157 Z4.143 E1040.51376 ; infill
G1 X122.385 Y98.699 Z4.148 E1040.53695 ; infill
G1 X121.394 Y98.699 Z4.123 E1040.57506 ; infill
G1 X119.613 Y98.699 Z4.145 E1040.64357 ; infill
G1 X118.010 Y98.699 Z4.231 E1040.70521 ; infill
G1 X116.536 Y98.699 Z4.372 E1040.76188 ; infill
G1 X114.021 Y98.699 Z4.738 E1040.85859 ; infill
G1 X109.665 Y98.699 Z5.514 E1041.02615 ; infill
G1 X107.812 Y98.699 Z5.807 E1041.09745 ; infill
G1 X105.886 Y98.699 Z6.064 E1041.17148 ; infill
G1 X104.829 Y98.699 Z6.186 E1041.21214 ; infill
G1 X102.493 Y98.699 Z6.408 E1041.30196 ; infill
G1 X99.715 Y98.699 Z6.600 E1041.40880 ; infill
G1 X96.867 Y98.699 Z6.732 E1041.51829 ; infill
G1 X93.250 Y98.699 Z6.823 E1041.65737 ; infill
G1 X89.998 Y98.699 Z6.847 E1041.78241 ; infill
G1 X86.754 Y98.699 Z6.823 E1041.90716 ; infill
G1 X83.147 Y98.699 Z6.733 E1042.04586 ; infill
G1 X80.304 Y98.699 Z6.601 E1042.15516 ; infill
G1 X77.527 Y98.699 Z6.409 E1042.26194 ; infill
G1 X75.190 Y98.699 Z6.187 E1042.35180 ; infill
G1 X74.132 Y98.699 Z6.066 E1042.39250 ; infill
G1 X72.204 Y98.699 Z5.809 E1042.46663 ; infill
G1 X70.348 Y98.699 Z5.516 E1042.53800 ; infill
G1 X65.994 Y98.699 Z4.741 E1042.70552 ; infill
G1 X63.220 Y98.699 Z4.347 E1042.81219 ; infill
G1 X62.009 Y98.699 Z4.233 E1042.85876 ; infill
G1 X60.408 Y98.699 Z4.146 E1042.92033 ; infill
G1 X58.629 Y98.699 Z4.123 E1042.98874 ; infill
G1 X57.604 Y98.699 Z4.148 E1043.02815 ; infill
G1 X57.210 Y98.241 Z4.146 E1043.05137 ; infill
G1 X58.340 Y98.241 Z4.121 E1043.09483 ; infill
G1 X60.039 Y98.241 Z4.142 E1043.16016 ; infill
G1 X61.744 Y98.241 Z4.233 E1043.22572 ; infill
G1 X63.154 Y98.241 Z4.366 E1043.27991 ; infill
G1 X65.798 Y98.241 Z4.750 E1043.38159 ; infill
G1 X70.277 Y98.241 Z5.542 E1043.55391 ; infill
G1 X72.086 Y98.241 Z5.823 E1043.62349 ; infill
G1 X73.941 Y98.241 Z6.069 E1043.69482 ; infill
G1 X75.052 Y98.241 Z6.195 E1043.73752 ; infill
G1 X77.402 Y98.241 Z6.417 E1043.82791 ; infill
G1 X80.087 Y98.241 Z6.604 E1043.93115 ; infill
G1 X83.155 Y98.241 Z6.746 E1044.04911 ; infill
G1 X86.506 Y98.241 Z6.831 E1044.17795 ; infill
G1 X89.998 Y98.241 Z6.858 E1044.31224 ; infill
G1 X93.499 Y98.241 Z6.831 E1044.44685 ; infill
G1 X96.860 Y98.241 Z6.745 E1044.57609 ; infill
G1 X99.933 Y98.241 Z6.603 E1044.69426 ; infill
G1 X102.725 Y98.241 Z6.407 E1044.80161 ; infill
G1 X104.969 Y98.241 Z6.194 E1044.88789 ; infill
G1 X106.079 Y98.241 Z6.067 E1044.93055 ; infill
G1 X107.931 Y98.241 Z5.821 E1045.00178 ; infill
G1 X109.886 Y98.241 Z5.514 E1045.07699 ; infill
G1 X114.219 Y98.241 Z4.747 E1045.24365 ; infill
G1 X117.022 Y98.241 Z4.349 E1045.35146 ; infill
G1 X118.275 Y98.241 Z4.231 E1045.39964 ; infill
G1 X119.982 Y98.241 Z4.141 E1045.46528 ; infill
G1 X121.683 Y98.241 Z4.121 E1045.53069 ; infill
G1 X122.778 Y98.241 Z4.148 E1045.57280 ; infill
G1 X123.171 Y97.783 Z4.144 E1045.59599 ; infill
G1 X121.875 Y97.783 Z4.117 E1045.64580 ; infill
G1 X120.312 Y97.783 Z4.136 E1045.70590 ; infill
G1 X118.427 Y97.783 Z4.237 E1045.77839 ; infill
G1 X117.124 Y97.783 Z4.361 E1045.82848 ; infill
G1 X114.660 Y97.783 Z4.712 E1045.92326 ; infill
G1 X109.980 Y97.783 Z5.532 E1046.10326 ; infill
G1 X108.006 Y97.783 Z5.837 E1046.17919 ; infill
G1 X106.268 Y97.783 Z6.067 E1046.24606 ; infill
G1 X105.062 Y97.783 Z6.205 E1046.29243 ; infill
G1 X102.670 Y97.783 Z6.429 E1046.38440 ; infill
G1 X99.936 Y97.783 Z6.617 E1046.48953 ; infill
G1 X96.808 Y97.783 Z6.760 E1046.60978 ; infill
G1 X93.641 Y97.783 Z6.840 E1046.73158 ; infill
G1 X89.998 Y97.783 Z6.869 E1046.87164 ; infill
G1 X86.362 Y97.783 Z6.840 E1047.01145 ; infill
G1 X82.842 Y97.783 Z6.747 E1047.14681 ; infill
G1 X79.758 Y97.783 Z6.599 E1047.26540 ; infill
G1 X77.059 Y97.783 Z6.406 E1047.36916 ; infill
G1 X74.953 Y97.783 Z6.206 E1047.45014 ; infill
G1 X73.746 Y97.783 Z6.069 E1047.49654 ; infill
G1 X72.005 Y97.783 Z5.839 E1047.56350 ; infill
G1 X70.030 Y97.783 Z5.534 E1047.63948 ; infill
G1 X65.351 Y97.783 Z4.714 E1047.81946 ; infill
G1 X62.887 Y97.783 Z4.363 E1047.91422 ; infill
G1 X61.585 Y97.783 Z4.238 E1047.96430 ; infill
G1 X60.190 Y97.783 Z4.157 E1048.01794 ; infill
G1 X59.200 Y97.783 Z4.125 E1048.05600 ; infill
G1 X58.139 Y97.783 Z4.117 E1048.09680 ; infill
G1 X56.817 Y97.783 Z4.142 E1048.14764 ; infill
G1 X56.423 Y97.326 Z4.138 E1048.17085 ; infill
G1 X57.937 Y97.326 Z4.113 E1048.22907 ; infill
G1 X59.363 Y97.326 Z4.132 E1048.28389 ; infill
G1 X61.425 Y97.326 Z4.244 E1048.36318 ; infill
G1 X62.620 Y97.326 Z4.359 E1048.40915 ; infill
G1 X64.905 Y97.326 Z4.678 E1048.49700 ; infill
G1 X69.783 Y97.326 Z5.526 E1048.68463 ; infill
G1 X71.924 Y97.326 Z5.855 E1048.76701 ; infill
G1 X73.552 Y97.326 Z6.069 E1048.82959 ; infill
G1 X74.855 Y97.326 Z6.217 E1048.87971 ; infill
G1 X77.290 Y97.326 Z6.443 E1048.97332 ; infill
G1 X80.071 Y97.326 Z6.632 E1049.08027 ; infill
G1 X83.250 Y97.326 Z6.774 E1049.20251 ; infill
G1 X86.218 Y97.326 Z6.849 E1049.31665 ; infill
G1 X89.998 Y97.326 Z6.880 E1049.46199 ; infill
G1 X93.783 Y97.326 Z6.849 E1049.60750 ; infill
G1 X97.345 Y97.326 Z6.753 E1049.74448 ; infill
G1 X100.463 Y97.326 Z6.601 E1049.86436 ; infill
G1 X103.188 Y97.326 Z6.404 E1049.96915 ; infill
G1 X105.154 Y97.326 Z6.216 E1050.04474 ; infill
G1 X106.457 Y97.326 Z6.068 E1050.09483 ; infill
G1 X108.082 Y97.326 Z5.854 E1050.15734 ; infill
G1 X110.223 Y97.326 Z5.525 E1050.23969 ; infill
G1 X115.101 Y97.326 Z4.676 E1050.42733 ; infill
G1 X117.384 Y97.326 Z4.358 E1050.51515 ; infill
G1 X118.579 Y97.326 Z4.244 E1050.56109 ; infill
G1 X119.843 Y97.326 Z4.164 E1050.60969 ; infill
G1 X120.913 Y97.326 Z4.125 E1050.65083 ; infill
G1 X122.067 Y97.326 Z4.113 E1050.69521 ; infill
G1 X123.563 Y97.326 Z4.139 E1050.75273 ; infill
G1 X123.956 Y96.868 Z4.137 E1050.77592 ; infill
G1 X122.260 Y96.868 Z4.109 E1050.84116 ; infill
G1 X120.973 Y96.868 Z4.126 E1050.89064 ; infill
G1 X119.762 Y96.868 Z4.178 E1050.93720 ; infill
G1 X118.732 Y96.868 Z4.250 E1050.97681 ; infill
G1 X117.645 Y96.868 Z4.355 E1051.01861 ; infill
G1 X115.542 Y96.868 Z4.641 E1051.09945 ; infill
G1 X110.466 Y96.868 Z5.518 E1051.29474 ; infill
G1 X108.158 Y96.868 Z5.871 E1051.38351 ; infill
G1 X106.646 Y96.868 Z6.069 E1051.44165 ; infill
G1 X105.247 Y96.868 Z6.227 E1051.49545 ; infill
G1 X102.771 Y96.868 Z6.456 E1051.59066 ; infill
G1 X99.941 Y96.868 Z6.646 E1051.69946 ; infill
G1 X96.705 Y96.868 Z6.788 E1051.82389 ; infill
G1 X93.924 Y96.868 Z6.858 E1051.93080 ; infill
G1 X89.998 Y96.868 Z6.891 E1052.08177 ; infill
G1 X86.075 Y96.868 Z6.858 E1052.23262 ; infill
G1 X82.482 Y96.868 Z6.759 E1052.37078 ; infill
G1 X79.336 Y96.868 Z6.604 E1052.49175 ; infill
G1 X76.585 Y96.868 Z6.402 E1052.59754 ; infill
G1 X74.757 Y96.868 Z6.227 E1052.66783 ; infill
G1 X73.357 Y96.868 Z6.069 E1052.72164 ; infill
G1 X71.844 Y96.868 Z5.871 E1052.77985 ; infill
G1 X69.535 Y96.868 Z5.518 E1052.86863 ; infill
G1 X64.459 Y96.868 Z4.641 E1053.06391 ; infill
G1 X62.354 Y96.868 Z4.356 E1053.14486 ; infill
G1 X61.265 Y96.868 Z4.250 E1053.18671 ; infill
G1 X60.238 Y96.868 Z4.178 E1053.22623 ; infill
G1 X58.981 Y96.868 Z4.126 E1053.27453 ; infill
G1 X57.735 Y96.868 Z4.109 E1053.32244 ; infill
G1 X56.030 Y96.868 Z4.137 E1053.38803 ; infill
G1 X55.636 Y96.410 Z4.136 E1053.41124 ; infill
G1 X57.412 Y96.410 Z4.105 E1053.47952 ; infill
G1 X58.701 Y96.410 Z4.122 E1053.52908 ; infill
G1 X60.127 Y96.410 Z4.186 E1053.58393 ; infill
G1 X61.021 Y96.410 Z4.248 E1053.61828 ; infill
G1 X62.085 Y96.410 Z4.351 E1053.65920 ; infill
G1 X64.105 Y96.410 Z4.620 E1053.73689 ; infill
G1 X69.293 Y96.410 Z5.511 E1053.93647 ; infill
G1 X71.763 Y96.410 Z5.887 E1054.03144 ; infill
G1 X74.658 Y96.410 Z6.238 E1054.14279 ; infill
G1 X77.177 Y96.410 Z6.469 E1054.23964 ; infill
G1 X80.055 Y96.410 Z6.660 E1054.35030 ; infill
G1 X83.345 Y96.410 Z6.802 E1054.47682 ; infill
G1 X87.101 Y96.410 Z6.885 E1054.62123 ; infill
G1 X89.998 Y96.410 Z6.902 E1054.73263 ; infill
G1 X94.066 Y96.410 Z6.867 E1054.88905 ; infill
G1 X97.697 Y96.410 Z6.765 E1055.02865 ; infill
G1 X100.874 Y96.410 Z6.606 E1055.15081 ; infill
G1 X103.651 Y96.410 Z6.400 E1055.25760 ; infill
G1 X105.339 Y96.410 Z6.238 E1055.32250 ; infill
G1 X108.233 Y96.410 Z5.887 E1055.43380 ; infill
G1 X110.703 Y96.410 Z5.511 E1055.52878 ; infill
G1 X115.891 Y96.410 Z4.620 E1055.72835 ; infill
G1 X117.911 Y96.410 Z4.351 E1055.80604 ; infill
G1 X118.975 Y96.410 Z4.248 E1055.84696 ; infill
G1 X120.098 Y96.410 Z4.171 E1055.89012 ; infill
G1 X121.295 Y96.410 Z4.122 E1055.93616 ; infill
G1 X122.584 Y96.410 Z4.105 E1055.98572 ; infill
G1 X124.349 Y96.410 Z4.136 E1056.05357 ; infill
G1 X124.741 Y95.952 Z4.134 E1056.07676 ; infill
G1 X122.925 Y95.952 Z4.101 E1056.14662 ; infill
G1 X121.616 Y95.952 Z4.117 E1056.19694 ; infill
G1 X120.400 Y95.952 Z4.165 E1056.24368 ; infill
G1 X119.261 Y95.952 Z4.243 E1056.28748 ; infill
G1 X118.182 Y95.952 Z4.346 E1056.32899 ; infill
G1 X116.134 Y95.952 Z4.616 E1056.40774 ; infill
G1 X110.885 Y95.952 Z5.513 E1056.60966 ; infill
G1 X108.385 Y95.952 Z5.893 E1056.70578 ; infill
G1 X105.461 Y95.952 Z6.246 E1056.81824 ; infill
G1 X102.910 Y95.952 Z6.479 E1056.91632 ; infill
G1 X99.992 Y95.952 Z6.672 E1057.02852 ; infill
G1 X96.652 Y95.952 Z6.815 E1057.15696 ; infill
G1 X92.835 Y95.952 Z6.897 E1057.30373 ; infill
G1 X89.998 Y95.952 Z6.913 E1057.41280 ; infill
G1 X85.833 Y95.952 Z6.877 E1057.57296 ; infill
G1 X82.181 Y95.952 Z6.773 E1057.71339 ; infill
G1 X78.987 Y95.952 Z6.612 E1057.83619 ; infill
G1 X76.198 Y95.952 Z6.405 E1057.94345 ; infill
G1 X74.535 Y95.952 Z6.246 E1058.00737 ; infill
G1 X71.611 Y95.952 Z5.893 E1058.11983 ; infill
G1 X69.112 Y95.952 Z5.513 E1058.21595 ; infill
G1 X63.862 Y95.952 Z4.616 E1058.41788 ; infill
G1 X61.814 Y95.952 Z4.346 E1058.49663 ; infill
G1 X60.735 Y95.952 Z4.243 E1058.53815 ; infill
G1 X59.596 Y95.952 Z4.165 E1058.58195 ; infill
G1 X58.380 Y95.952 Z4.117 E1058.62868 ; infill
G1 X57.071 Y95.952 Z4.101 E1058.67901 ; infill
G1 X55.243 Y95.952 Z4.135 E1058.74932 ; infill
G1 X54.851 Y95.494 Z4.134 E1058.77248 ; infill
G1 X56.731 Y95.494 Z4.097 E1058.84474 ; infill
G1 X58.059 Y95.494 Z4.112 E1058.89583 ; infill
G1 X59.293 Y95.494 Z4.160 E1058.94327 ; infill
G1 X60.449 Y95.494 Z4.237 E1058.98771 ; infill
G1 X61.544 Y95.494 Z4.341 E1059.02981 ; infill
G1 X63.619 Y95.494 Z4.613 E1059.10963 ; infill
G1 X68.930 Y95.494 Z5.516 E1059.31390 ; infill
G1 X71.454 Y95.494 Z5.898 E1059.41098 ; infill
G1 X74.405 Y95.494 Z6.253 E1059.52448 ; infill
G1 X76.979 Y95.494 Z6.487 E1059.62344 ; infill
G1 X79.922 Y95.494 Z6.682 E1059.73660 ; infill
G1 X83.290 Y95.494 Z6.825 E1059.86611 ; infill
G1 X87.139 Y95.494 Z6.908 E1060.01409 ; infill
G1 X89.998 Y95.494 Z6.924 E1060.12405 ; infill
G1 X92.858 Y95.494 Z6.908 E1060.23400 ; infill
G1 X96.706 Y95.494 Z6.825 E1060.38197 ; infill
G1 X100.074 Y95.494 Z6.682 E1060.51148 ; infill
G1 X103.339 Y95.494 Z6.461 E1060.63701 ; infill
G1 X105.591 Y95.494 Z6.253 E1060.72360 ; infill
G1 X108.542 Y95.494 Z5.898 E1060.83710 ; infill
G1 X111.067 Y95.494 Z5.516 E1060.93418 ; infill
G1 X116.377 Y95.494 Z4.613 E1061.13845 ; infill
G1 X118.452 Y95.494 Z4.341 E1061.21826 ; infill
G1 X119.547 Y95.494 Z4.237 E1061.26036 ; infill
G1 X120.703 Y95.494 Z4.160 E1061.30480 ; infill
G1 X121.937 Y95.494 Z4.112 E1061.35223 ; infill
G1 X123.265 Y95.494 Z4.097 E1061.40332 ; infill
G1 X125.134 Y95.494 Z4.134 E1061.47518 ; infill
G1 X125.527 Y95.036 Z4.133 E1061.49837 ; infill
G1 X123.604 Y95.036 Z4.093 E1061.57229 ; infill
G1 X122.256 Y95.036 Z4.107 E1061.62411 ; infill
G1 X121.005 Y95.036 Z4.155 E1061.67222 ; infill
G1 X119.833 Y95.036 Z4.232 E1061.71729 ; infill
G1 X118.723 Y95.036 Z4.336 E1061.75998 ; infill
G1 X116.620 Y95.036 Z4.609 E1061.84086 ; infill
G1 X111.249 Y95.036 Z5.518 E1062.04747 ; infill
G1 X108.699 Y95.036 Z5.903 E1062.14551 ; infill
G1 X105.721 Y95.036 Z6.260 E1062.26006 ; infill
G1 X103.125 Y95.036 Z6.496 E1062.35988 ; infill
G1 X100.157 Y95.036 Z6.691 E1062.47401 ; infill
G1 X96.760 Y95.036 Z6.836 E1062.60459 ; infill
G1 X92.881 Y95.036 Z6.919 E1062.75376 ; infill
G1 X89.998 Y95.036 Z6.935 E1062.86460 ; infill
G1 X87.116 Y95.036 Z6.919 E1062.97545 ; infill
G1 X83.236 Y95.036 Z6.836 E1063.12462 ; infill
G1 X79.840 Y95.036 Z6.691 E1063.25520 ; infill
G1 X76.872 Y95.036 Z6.496 E1063.36933 ; infill
G1 X74.276 Y95.036 Z6.260 E1063.46915 ; infill
G1 X71.297 Y95.036 Z5.902 E1063.58370 ; infill
G1 X68.748 Y95.036 Z5.518 E1063.68175 ; infill
G1 X63.376 Y95.036 Z4.609 E1063.88836 ; infill
G1 X61.273 Y95.036 Z4.336 E1063.96924 ; infill
G1 X60.163 Y95.036 Z4.232 E1064.01193 ; infill
G1 X58.991 Y95.036 Z4.155 E1064.05700 ; infill
G1 X57.739 Y95.036 Z4.107 E1064.10512 ; infill
G1 X56.391 Y95.036 Z4.093 E1064.15695 ; infill
G1 X54.464 Y95.036 Z4.134 E1064.23107 ; infill
G1 X54.076 Y94.578 Z4.133 E1064.25414 ; infill
G1 X56.055 Y94.578 Z4.089 E1064.33022 ; infill
G1 X57.422 Y94.578 Z4.102 E1064.38279 ; infill
G1 X59.116 Y94.578 Z4.176 E1064.44793 ; infill
G1 X61.004 Y94.578 Z4.331 E1064.52053 ; infill
G1 X63.134 Y94.578 Z4.605 E1064.60243 ; infill
G1 X68.566 Y94.578 Z5.520 E1064.81136 ; infill
G1 X71.140 Y94.578 Z5.907 E1064.91037 ; infill
G1 X74.146 Y94.578 Z6.268 E1065.02596 ; infill
G1 X76.765 Y94.578 Z6.505 E1065.12665 ; infill
G1 X79.758 Y94.578 Z6.701 E1065.24174 ; infill
G1 X83.182 Y94.578 Z6.847 E1065.37340 ; infill
G1 X87.093 Y94.578 Z6.930 E1065.52378 ; infill
G1 X89.998 Y94.578 Z6.946 E1065.63550 ; infill
G1 X92.904 Y94.578 Z6.930 E1065.74723 ; infill
G1 X96.815 Y94.578 Z6.847 E1065.89760 ; infill
G1 X100.239 Y94.578 Z6.701 E1066.02926 ; infill
G1 X103.232 Y94.578 Z6.505 E1066.14434 ; infill
G1 X105.850 Y94.578 Z6.268 E1066.24503 ; infill
G1 X108.856 Y94.578 Z5.907 E1066.36063 ; infill
G1 X111.430 Y94.578 Z5.520 E1066.45963 ; infill
G1 X116.862 Y94.578 Z4.605 E1066.66856 ; infill
G1 X118.992 Y94.578 Z4.331 E1066.75046 ; infill
G1 X120.117 Y94.578 Z4.227 E1066.79372 ; infill
G1 X121.305 Y94.578 Z4.149 E1066.83940 ; infill
G1 X122.574 Y94.578 Z4.102 E1066.88819 ; infill
G1 X123.941 Y94.578 Z4.089 E1066.94076 ; infill
G1 X125.919 Y94.578 Z4.132 E1067.01683 ; infill
G1 X126.312 Y94.121 Z4.131 E1067.04002 ; infill
G1 X124.278 Y94.121 Z4.085 E1067.11825 ; infill
G1 X122.891 Y94.121 Z4.098 E1067.17156 ; infill
G1 X121.604 Y94.121 Z4.144 E1067.22103 ; infill
G1 X120.400 Y94.121 Z4.221 E1067.26734 ; infill
G1 X119.260 Y94.121 Z4.326 E1067.31117 ; infill
G1 X117.103 Y94.121 Z4.602 E1067.39412 ; infill
G1 X111.612 Y94.121 Z5.522 E1067.60535 ; infill
G1 X109.013 Y94.121 Z5.912 E1067.70530 ; infill
G1 X105.980 Y94.121 Z6.275 E1067.82193 ; infill
G1 X103.339 Y94.121 Z6.513 E1067.92349 ; infill
G1 X100.321 Y94.121 Z6.711 E1068.03954 ; infill
G1 X96.869 Y94.121 Z6.857 E1068.17226 ; infill
G1 X92.927 Y94.121 Z6.941 E1068.32384 ; infill
G1 X89.998 Y94.121 Z6.957 E1068.43645 ; infill
G1 X87.070 Y94.121 Z6.941 E1068.54906 ; infill
G1 X83.127 Y94.121 Z6.857 E1068.70064 ; infill
G1 X79.675 Y94.121 Z6.711 E1068.83337 ; infill
G1 X76.657 Y94.121 Z6.513 E1068.94942 ; infill
G1 X74.016 Y94.121 Z6.275 E1069.05098 ; infill
G1 X70.983 Y94.121 Z5.912 E1069.16761 ; infill
G1 X68.384 Y94.121 Z5.522 E1069.26756 ; infill
G1 X62.893 Y94.121 Z4.602 E1069.47879 ; infill
G1 X60.736 Y94.121 Z4.326 E1069.56174 ; infill
G1 X59.596 Y94.121 Z4.221 E1069.60558 ; infill
G1 X58.391 Y94.121 Z4.144 E1069.65189 ; infill
G1 X57.105 Y94.121 Z4.097 E1069.70136 ; infill
G1 X55.718 Y94.121 Z4.085 E1069.75468 ; infill
G1 X53.689 Y94.121 Z4.132 E1069.83272 ; infill
G1 X53.301 Y93.663 Z4.131 E1069.85578 ; infill
G1 X55.384 Y93.663 Z4.081 E1069.93588 ; infill
G1 X56.789 Y93.663 Z4.093 E1069.98988 ; infill
G1 X58.158 Y93.663 Z4.143 E1070.04255 ; infill
G1 X59.312 Y93.663 Z4.216 E1070.08693 ; infill
G1 X60.467 Y93.663 Z4.321 E1070.13134 ; infill
G1 X62.652 Y93.663 Z4.598 E1070.21533 ; infill
G1 X68.203 Y93.663 Z5.525 E1070.42888 ; infill
G1 X70.827 Y93.663 Z5.917 E1070.52978 ; infill
G1 X72.294 Y93.663 Z6.104 E1070.58619 ; infill
G1 X73.887 Y93.663 Z6.282 E1070.64745 ; infill
G1 X76.550 Y93.663 Z6.522 E1070.74987 ; infill
G1 X79.593 Y93.663 Z6.721 E1070.86687 ; infill
G1 X83.073 Y93.663 Z6.868 E1071.00067 ; infill
G1 X87.047 Y93.663 Z6.952 E1071.15346 ; infill
G1 X89.998 Y93.663 Z6.968 E1071.26695 ; infill
G1 X92.950 Y93.663 Z6.952 E1071.38045 ; infill
G1 X96.923 Y93.663 Z6.868 E1071.53323 ; infill
G1 X100.403 Y93.663 Z6.721 E1071.66702 ; infill
G1 X103.446 Y93.663 Z6.522 E1071.78403 ; infill
G1 X106.109 Y93.663 Z6.282 E1071.88644 ; infill
G1 X107.703 Y93.663 Z6.104 E1071.94771 ; infill
G1 X109.169 Y93.663 Z5.917 E1072.00412 ; infill
G1 X111.793 Y93.663 Z5.525 E1072.10501 ; infill
G1 X117.344 Y93.663 Z4.598 E1072.31856 ; infill
G1 X119.529 Y93.663 Z4.321 E1072.40255 ; infill
G1 X120.683 Y93.663 Z4.216 E1072.44696 ; infill
G1 X121.904 Y93.663 Z4.139 E1072.49388 ; infill
G1 X123.207 Y93.663 Z4.093 E1072.54399 ; infill
G1 X124.612 Y93.663 Z4.081 E1072.59800 ; infill
G1 X126.696 Y93.663 Z4.131 E1072.67816 ; infill
G1 X127.078 Y93.205 Z4.130 E1072.70107 ; infill
G1 X124.944 Y93.205 Z4.078 E1072.78313 ; infill
G1 X123.521 Y93.205 Z4.088 E1072.83782 ; infill
G1 X122.201 Y93.205 Z4.134 E1072.88858 ; infill
G1 X120.966 Y93.205 Z4.211 E1072.93609 ; infill
G1 X119.796 Y93.205 Z4.316 E1072.98104 ; infill
G1 X117.586 Y93.205 Z4.594 E1073.06606 ; infill
G1 X111.974 Y93.205 Z5.527 E1073.28191 ; infill
G1 X109.326 Y93.205 Z5.922 E1073.38376 ; infill
G1 X107.846 Y93.205 Z6.110 E1073.44067 ; infill
G1 X106.239 Y93.205 Z6.289 E1073.50247 ; infill
G1 X103.553 Y93.205 Z6.530 E1073.60574 ; infill
G1 X100.485 Y93.205 Z6.731 E1073.72370 ; infill
G1 X96.978 Y93.205 Z6.878 E1073.85857 ; infill
G1 X92.973 Y93.205 Z6.963 E1074.01255 ; infill
G1 X89.998 Y93.205 Z6.979 E1074.12694 ; infill
G1 X87.023 Y93.205 Z6.963 E1074.24132 ; infill
G1 X83.019 Y93.205 Z6.878 E1074.39531 ; infill
G1 X79.511 Y93.205 Z6.731 E1074.53018 ; infill
G1 X76.443 Y93.205 Z6.530 E1074.64814 ; infill
G1 X73.757 Y93.205 Z6.289 E1074.75142 ; infill
G1 X72.150 Y93.205 Z6.110 E1074.81321 ; infill
G1 X70.670 Y93.205 Z5.922 E1074.87012 ; infill
G1 X68.022 Y93.205 Z5.527 E1074.97197 ; infill
G1 X62.410 Y93.205 Z4.594 E1075.18783 ; infill
G1 X60.200 Y93.205 Z4.316 E1075.27285 ; infill
G1 X59.379 Y93.205 Z4.241 E1075.30442 ; infill
G1 X57.795 Y93.205 Z4.134 E1075.36532 ; infill
G1 X56.475 Y93.205 Z4.088 E1075.41608 ; infill
G1 X55.052 Y93.205 Z4.078 E1075.47078 ; infill
G1 X52.920 Y93.205 Z4.129 E1075.55276 ; infill
G1 X52.545 Y92.747 Z4.129 E1075.57552 ; infill
G1 X54.720 Y92.747 Z4.074 E1075.65917 ; infill
G1 X56.161 Y92.747 Z4.084 E1075.71456 ; infill
G1 X57.497 Y92.747 Z4.129 E1075.76596 ; infill
G1 X58.748 Y92.747 Z4.206 E1075.81407 ; infill
G1 X59.932 Y92.747 Z4.311 E1075.85958 ; infill
G1 X62.169 Y92.747 Z4.591 E1075.94561 ; infill
G1 X64.353 Y92.747 Z4.939 E1076.02960 ; infill
G1 X67.841 Y92.747 Z5.529 E1076.16378 ; infill
G1 X70.514 Y92.747 Z5.926 E1076.26658 ; infill
G1 X72.007 Y92.747 Z6.116 E1076.32400 ; infill
G1 X73.628 Y92.747 Z6.296 E1076.38632 ; infill
G1 X76.336 Y92.747 Z6.539 E1076.49046 ; infill
G1 X79.429 Y92.747 Z6.740 E1076.60938 ; infill
G1 X82.964 Y92.747 Z6.889 E1076.74531 ; infill
G1 X87.000 Y92.747 Z6.974 E1076.90051 ; infill
G1 X89.998 Y92.747 Z6.990 E1077.01578 ; infill
G1 X92.996 Y92.747 Z6.974 E1077.13105 ; infill
G1 X97.032 Y92.747 Z6.889 E1077.28624 ; infill
G1 X100.567 Y92.747 Z6.740 E1077.42217 ; infill
G1 X103.660 Y92.747 Z6.539 E1077.54109 ; infill
G1 X106.368 Y92.747 Z6.296 E1077.64523 ; infill
G1 X107.989 Y92.747 Z6.116 E1077.70755 ; infill
G1 X109.482 Y92.747 Z5.927 E1077.76497 ; infill
G1 X112.155 Y92.747 Z5.529 E1077.86777 ; infill
G1 X115.643 Y92.747 Z4.939 E1078.00194 ; infill
G1 X117.827 Y92.747 Z4.591 E1078.08594 ; infill
G1 X120.064 Y92.747 Z4.311 E1078.17196 ; infill
G1 X121.248 Y92.747 Z4.206 E1078.21747 ; infill
G1 X122.499 Y92.747 Z4.129 E1078.26558 ; infill
G1 X123.835 Y92.747 Z4.084 E1078.31697 ; infill
G1 X125.276 Y92.747 Z4.074 E1078.37236 ; infill
G1 X127.458 Y92.747 Z4.129 E1078.45626 ; infill
G1 X127.827 Y92.289 Z4.130 E1078.47886 ; infill
G1 X125.603 Y92.289 Z4.070 E1078.56435 ; infill
G1 X124.147 Y92.289 Z4.079 E1078.62034 ; infill
G1 X122.795 Y92.289 Z4.124 E1078.67231 ; infill
G1 X121.530 Y92.289 Z4.201 E1078.72099 ; infill
G1 X120.332 Y92.289 Z4.306 E1078.76705 ; infill
G1 X118.068 Y92.289 Z4.587 E1078.85409 ; infill
G1 X115.860 Y92.289 Z4.938 E1078.93901 ; infill
G1 X112.337 Y92.289 Z5.531 E1079.07456 ; infill
G1 X109.639 Y92.289 Z5.931 E1079.17831 ; infill
G1 X108.132 Y92.289 Z6.122 E1079.23624 ; infill
G1 X106.498 Y92.289 Z6.303 E1079.29910 ; infill
G1 X103.767 Y92.289 Z6.548 E1079.40410 ; infill
G1 X100.650 Y92.289 Z6.750 E1079.52397 ; infill
G1 X97.087 Y92.289 Z6.900 E1079.66097 ; infill
G1 X93.019 Y92.289 Z6.985 E1079.81736 ; infill
G1 X89.998 Y92.289 Z7.002 E1079.93352 ; infill
G1 X86.977 Y92.289 Z6.985 E1080.04969 ; infill
G1 X82.910 Y92.289 Z6.900 E1080.20608 ; infill
G1 X79.347 Y92.289 Z6.750 E1080.34308 ; infill
G1 X76.229 Y92.289 Z6.548 E1080.46295 ; infill
G1 X73.498 Y92.289 Z6.303 E1080.56796 ; infill
G1 X71.864 Y92.289 Z6.122 E1080.63082 ; infill
G1 X70.357 Y92.289 Z5.931 E1080.68874 ; infill
G1 X67.660 Y92.289 Z5.531 E1080.79250 ; infill
G1 X64.136 Y92.289 Z4.938 E1080.92804 ; infill
G1 X61.928 Y92.289 Z4.587 E1081.01297 ; infill
G1 X59.533 Y92.289 Z4.294 E1081.10506 ; infill
G1 X58.466 Y92.289 Z4.201 E1081.14608 ; infill
G1 X57.252 Y92.289 Z4.127 E1081.19277 ; infill
G1 X55.849 Y92.289 Z4.079 E1081.24673 ; infill
G1 X54.393 Y92.289 Z4.070 E1081.30272 ; infill
G1 X52.169 Y92.289 Z4.129 E1081.38821 ; infill
G1 X51.794 Y91.831 Z4.128 E1081.41098 ; infill
G1 X54.068 Y91.831 Z4.067 E1081.49842 ; infill
G1 X55.540 Y91.831 Z4.075 E1081.55503 ; infill
G1 X57.332 Y91.831 Z4.144 E1081.62392 ; infill
G1 X58.187 Y91.831 Z4.196 E1081.65680 ; infill
G1 X59.398 Y91.831 Z4.301 E1081.70336 ; infill
G1 X61.687 Y91.831 Z4.584 E1081.79137 ; infill
G1 X63.919 Y91.831 Z4.936 E1081.87723 ; infill
G1 X67.478 Y91.831 Z5.533 E1082.01414 ; infill
G1 X70.201 Y91.831 Z5.936 E1082.11885 ; infill
G1 X71.720 Y91.831 Z6.128 E1082.17728 ; infill
G1 X73.369 Y91.831 Z6.310 E1082.24068 ; infill
G1 X76.122 Y91.831 Z6.556 E1082.34655 ; infill
G1 X79.264 Y91.831 Z6.760 E1082.46738 ; infill
G1 X82.855 Y91.831 Z6.910 E1082.60545 ; infill
G1 X86.954 Y91.831 Z6.996 E1082.76304 ; infill
G1 X89.998 Y91.831 Z7.013 E1082.88010 ; infill
G1 X93.042 Y91.831 Z6.996 E1082.99715 ; infill
G1 X97.141 Y91.831 Z6.910 E1083.15474 ; infill
G1 X100.732 Y91.831 Z6.760 E1083.29281 ; infill
G1 X103.874 Y91.831 Z6.556 E1083.41364 ; infill
G1 X106.627 Y91.831 Z6.310 E1083.51951 ; infill
G1 X108.276 Y91.831 Z6.128 E1083.58290 ; infill
G1 X109.795 Y91.831 Z5.936 E1083.64133 ; infill
G1 X112.518 Y91.831 Z5.533 E1083.74604 ; infill
G1 X116.077 Y91.831 Z4.936 E1083.88295 ; infill
G1 X118.310 Y91.831 Z4.584 E1083.96881 ; infill
G1 X120.598 Y91.831 Z4.301 E1084.05681 ; infill
G1 X121.809 Y91.831 Z4.196 E1084.10337 ; infill
G1 X123.089 Y91.831 Z4.119 E1084.15258 ; infill
G1 X124.456 Y91.831 Z4.075 E1084.20514 ; infill
G1 X125.928 Y91.831 Z4.067 E1084.26174 ; infill
G1 X128.195 Y91.831 Z4.129 E1084.34894 ; infill
G1 X128.564 Y91.374 Z4.127 E1084.37155 ; infill
G1 X126.252 Y91.374 Z4.063 E1084.46045 ; infill
G1 X124.764 Y91.374 Z4.071 E1084.51768 ; infill
G1 X123.382 Y91.374 Z4.114 E1084.57081 ; infill
G1 X122.088 Y91.374 Z4.191 E1084.62057 ; infill
G1 X120.864 Y91.374 Z4.297 E1084.66764 ; infill
G1 X118.550 Y91.374 Z4.580 E1084.75661 ; infill
G1 X116.294 Y91.374 Z4.935 E1084.84338 ; infill
G1 X112.700 Y91.374 Z5.536 E1084.98165 ; infill
G1 X109.952 Y91.374 Z5.941 E1085.08731 ; infill
G1 X108.419 Y91.374 Z6.134 E1085.14625 ; infill
G1 X106.757 Y91.374 Z6.317 E1085.21018 ; infill
G1 X103.981 Y91.374 Z6.565 E1085.31691 ; infill
G1 X100.814 Y91.374 Z6.770 E1085.43870 ; infill
G1 X97.195 Y91.374 Z6.921 E1085.57783 ; infill
G1 X93.065 Y91.374 Z7.007 E1085.73664 ; infill
G1 X89.998 Y91.374 Z7.024 E1085.85457 ; infill
G1 X86.931 Y91.374 Z7.007 E1085.97251 ; infill
G1 X82.801 Y91.374 Z6.921 E1086.13132 ; infill
G1 X79.182 Y91.374 Z6.770 E1086.27046 ; infill
G1 X76.015 Y91.374 Z6.565 E1086.39224 ; infill
G1 X73.239 Y91.374 Z6.317 E1086.49898 ; infill
G1 X71.577 Y91.374 Z6.134 E1086.56291 ; infill
G1 X70.044 Y91.374 Z5.941 E1086.62185 ; infill
G1 X67.297 Y91.374 Z5.536 E1086.72751 ; infill
G1 X63.702 Y91.374 Z4.935 E1086.86578 ; infill
G1 X61.446 Y91.374 Z4.580 E1086.95255 ; infill
G1 X59.132 Y91.374 Z4.297 E1087.04152 ; infill
G1 X57.908 Y91.374 Z4.191 E1087.08860 ; infill
G1 X56.614 Y91.374 Z4.114 E1087.13836 ; infill
G1 X55.232 Y91.374 Z4.070 E1087.19150 ; infill
G1 X53.743 Y91.374 Z4.063 E1087.24873 ; infill
G1 X51.438 Y91.374 Z4.127 E1087.33739 ; infill
G1 X51.084 Y90.916 Z4.127 E1087.35964 ; infill
G1 X53.425 Y90.916 Z4.060 E1087.44969 ; infill
G1 X54.926 Y90.916 Z4.066 E1087.50738 ; infill
G1 X56.321 Y90.916 Z4.110 E1087.56101 ; infill
G1 X57.629 Y90.916 Z4.186 E1087.61131 ; infill
G1 X58.867 Y90.916 Z4.292 E1087.65890 ; infill
G1 X61.205 Y90.916 Z4.577 E1087.74884 ; infill
G1 X63.485 Y90.916 Z4.933 E1087.83651 ; infill
G1 X67.115 Y90.916 Z5.538 E1087.97614 ; infill
G1 X69.887 Y90.916 Z5.945 E1088.08277 ; infill
G1 X71.433 Y90.916 Z6.140 E1088.14222 ; infill
G1 X73.110 Y90.916 Z6.324 E1088.20668 ; infill
G1 X75.908 Y90.916 Z6.573 E1088.31428 ; infill
G1 X79.100 Y90.916 Z6.779 E1088.43702 ; infill
G1 X82.746 Y90.916 Z6.931 E1088.57723 ; infill
G1 X86.908 Y90.916 Z7.018 E1088.73724 ; infill
G1 X89.998 Y90.916 Z7.035 E1088.85607 ; infill
G1 X93.089 Y90.916 Z7.018 E1088.97489 ; infill
G1 X97.250 Y90.916 Z6.931 E1089.13490 ; infill
G1 X100.896 Y90.916 Z6.779 E1089.27511 ; infill
G1 X104.088 Y90.916 Z6.573 E1089.39785 ; infill
G1 X106.887 Y90.916 Z6.324 E1089.50545 ; infill
G1 X108.563 Y90.916 Z6.140 E1089.56991 ; infill
G1 X110.109 Y90.916 Z5.945 E1089.62936 ; infill
G1 X112.881 Y90.916 Z5.538 E1089.73598 ; infill
G1 X116.511 Y90.916 Z4.933 E1089.87561 ; infill
G1 X118.791 Y90.916 Z4.577 E1089.96328 ; infill
G1 X121.129 Y90.916 Z4.292 E1090.05321 ; infill
G1 X122.367 Y90.916 Z4.186 E1090.10080 ; infill
G1 X123.675 Y90.916 Z4.110 E1090.15110 ; infill
G1 X125.070 Y90.916 Z4.066 E1090.20473 ; infill
G1 X126.570 Y90.916 Z4.060 E1090.26242 ; infill
G1 X128.930 Y90.916 Z4.127 E1090.35315 ; infill
G1 X129.275 Y90.458 Z4.126 E1090.37520 ; infill
G1 X126.880 Y90.458 Z4.057 E1090.46728 ; infill
G1 X125.366 Y90.458 Z4.062 E1090.52551 ; infill
G1 X123.959 Y90.458 Z4.105 E1090.57961 ; infill
G1 X122.641 Y90.458 Z4.182 E1090.63029 ; infill
G1 X121.393 Y90.458 Z4.288 E1090.67828 ; infill
G1 X119.031 Y90.458 Z4.574 E1090.76908 ; infill
G1 X116.728 Y90.458 Z4.932 E1090.85766 ; infill
G1 X113.063 Y90.458 Z5.540 E1090.99864 ; infill
G1 X110.266 Y90.458 Z5.950 E1091.10622 ; infill
G1 X108.707 Y90.458 Z6.146 E1091.16618 ; infill
G1 X107.016 Y90.458 Z6.331 E1091.23118 ; infill
G1 X104.196 Y90.458 Z6.582 E1091.33965 ; infill
G1 X100.979 Y90.458 Z6.789 E1091.46335 ; infill
G1 X97.304 Y90.458 Z6.942 E1091.60463 ; infill
G1 X93.112 Y90.458 Z7.029 E1091.76583 ; infill
G1 X89.998 Y90.458 Z7.046 E1091.88555 ; infill
G1 X86.885 Y90.458 Z7.029 E1092.00527 ; infill
G1 X82.692 Y90.458 Z6.942 E1092.16648 ; infill
G1 X79.018 Y90.458 Z6.789 E1092.30776 ; infill
G1 X75.801 Y90.458 Z6.582 E1092.43146 ; infill
G1 X72.980 Y90.458 Z6.331 E1092.53993 ; infill
G1 X71.289 Y90.458 Z6.146 E1092.60493 ; infill
G1 X69.730 Y90.458 Z5.950 E1092.66489 ; infill
G1 X66.933 Y90.458 Z5.540 E1092.77247 ; infill
G1 X63.268 Y90.458 Z4.932 E1092.91345 ; infill
G1 X60.965 Y90.458 Z4.574 E1093.00204 ; infill
G1 X58.603 Y90.458 Z4.288 E1093.09284 ; infill
G1 X57.355 Y90.458 Z4.182 E1093.14083 ; infill
G1 X56.362 Y90.458 Z4.123 E1093.17903 ; infill
G1 X54.630 Y90.458 Z4.062 E1093.24562 ; infill
G1 X53.115 Y90.458 Z4.057 E1093.30385 ; infill
G1 X50.730 Y90.458 Z4.127 E1093.39559 ; infill
G1 X50.376 Y90.000 Z4.126 E1093.41784 ; infill
G1 X52.805 Y90.000 Z4.054 E1093.51127 ; infill
G1 X54.334 Y90.000 Z4.058 E1093.57005 ; infill
G1 X55.754 Y90.000 Z4.101 E1093.62466 ; infill
G1 X57.085 Y90.000 Z4.177 E1093.67583 ; infill
G1 X58.345 Y90.000 Z4.283 E1093.72428 ; infill
G1 X60.727 Y90.000 Z4.570 E1093.81589 ; infill
G1 X63.051 Y90.000 Z4.930 E1093.90525 ; infill
G1 X66.751 Y90.000 Z5.542 E1094.04758 ; infill
G1 X69.573 Y90.000 Z5.955 E1094.15612 ; infill
G1 X71.146 Y90.000 Z6.152 E1094.21659 ; infill
G1 X72.850 Y90.000 Z6.338 E1094.28213 ; infill
G1 X75.693 Y90.000 Z6.590 E1094.39147 ; infill
G1 X78.936 Y90.000 Z6.799 E1094.51613 ; infill
G1 X82.638 Y90.000 Z6.952 E1094.65848 ; infill
G1 X86.862 Y90.000 Z7.040 E1094.82089 ; infill
G1 X89.998 Y90.000 Z7.057 E1094.94150 ; infill
G1 X93.135 Y90.000 Z7.040 E1095.06210 ; infill
G1 X97.359 Y90.000 Z6.952 E1095.22451 ; infill
G1 X101.061 Y90.000 Z6.799 E1095.36686 ; infill
G1 X104.303 Y90.000 Z6.590 E1095.49152 ; infill
G1 X107.146 Y90.000 Z6.338 E1095.60085 ; infill
G1 X108.850 Y90.000 Z6.152 E1095.66639 ; infill
G1 X110.423 Y90.000 Z5.955 E1095.72686 ; infill
G1 X113.245 Y90.000 Z5.542 E1095.83540 ; infill
G1 X116.945 Y90.000 Z4.931 E1095.97773 ; infill
G1 X119.269 Y90.000 Z4.570 E1096.06709 ; infill
G1 X121.651 Y90.000 Z4.283 E1096.15870 ; infill
G1 X122.911 Y90.000 Z4.177 E1096.20714 ; infill
G1 X124.242 Y90.000 Z4.101 E1096.25831 ; infill
G1 X125.662 Y90.000 Z4.058 E1096.31292 ; infill
G1 X127.190 Y90.000 Z4.054 E1096.37169 ; infill
G1 X129.620 Y90.000 Z4.126 E1096.46512 ; infill
G1 X129.965 Y89.542 Z4.126 E1096.48717 ; infill
G1 X127.500 Y89.542 Z4.051 E1096.58198 ; infill
G1 X125.958 Y89.542 Z4.054 E1096.64127 ; infill
G1 X124.524 Y89.542 Z4.096 E1096.69639 ; infill
G1 X123.181 Y89.542 Z4.173 E1096.74804 ; infill
G1 X121.909 Y89.542 Z4.279 E1096.79694 ; infill
G1 X119.504 Y89.542 Z4.567 E1096.88943 ; infill
G1 X117.159 Y89.542 Z4.929 E1096.97963 ; infill
G1 X113.427 Y89.542 Z5.544 E1097.12317 ; infill
G1 X110.580 Y89.542 Z5.959 E1097.23267 ; infill
G1 X108.994 Y89.542 Z6.158 E1097.29365 ; infill
G1 X107.276 Y89.542 Z6.345 E1097.35973 ; infill
G1 X104.410 Y89.542 Z6.598 E1097.46993 ; infill
G1 X101.143 Y89.542 Z6.808 E1097.59555 ; infill
G1 X97.413 Y89.542 Z6.963 E1097.73897 ; infill
G1 X93.158 Y89.542 Z7.051 E1097.90258 ; infill
G1 X89.998 Y89.542 Z7.068 E1098.02407 ; infill
G1 X85.358 Y89.542 Z7.030 E1098.20249 ; infill
G1 X81.285 Y89.542 Z6.918 E1098.35911 ; infill
G1 X77.716 Y89.542 Z6.744 E1098.49633 ; infill
G1 X74.590 Y89.542 Z6.518 E1098.61655 ; infill
G1 X72.720 Y89.542 Z6.345 E1098.68843 ; infill
G1 X71.002 Y89.542 Z6.158 E1098.75450 ; infill
G1 X69.416 Y89.542 Z5.959 E1098.81548 ; infill
G1 X66.569 Y89.542 Z5.544 E1098.92498 ; infill
G1 X62.837 Y89.542 Z4.929 E1099.06853 ; infill
G1 X60.492 Y89.542 Z4.567 E1099.15873 ; infill
G1 X58.087 Y89.542 Z4.279 E1099.25122 ; infill
G1 X56.815 Y89.542 Z4.173 E1099.30013 ; infill
G1 X55.471 Y89.542 Z4.096 E1099.35178 ; infill
G1 X54.038 Y89.542 Z4.054 E1099.40690 ; infill
G1 X52.496 Y89.542 Z4.051 E1099.46619 ; infill
G1 X50.021 Y89.542 Z4.126 E1099.56134 ; infill
G1 X49.694 Y89.084 Z4.126 E1099.58299 ; infill
G1 X52.208 Y89.084 Z4.048 E1099.67964 ; infill
G1 X53.756 Y89.084 Z4.051 E1099.73919 ; infill
G1 X55.331 Y89.084 Z4.099 E1099.79976 ; infill
G1 X56.546 Y89.084 Z4.168 E1099.84647 ; infill
G1 X57.828 Y89.084 Z4.275 E1099.89578 ; infill
G1 X60.256 Y89.084 Z4.564 E1099.98914 ; infill
G1 X62.624 Y89.084 Z4.928 E1100.08019 ; infill
G1 X66.389 Y89.084 Z5.546 E1100.22502 ; infill
G1 X69.259 Y89.084 Z5.964 E1100.33541 ; infill
G1 X70.858 Y89.084 Z6.163 E1100.39689 ; infill
G1 X72.591 Y89.084 Z6.352 E1100.46351 ; infill
G1 X75.479 Y89.084 Z6.607 E1100.57458 ; infill
G1 X78.771 Y89.084 Z6.818 E1100.70117 ; infill
G1 X82.529 Y89.084 Z6.973 E1100.84566 ; infill
G1 X86.816 Y89.084 Z7.062 E1101.01048 ; infill
G1 X89.998 Y89.084 Z7.079 E1101.13285 ; infill
G1 X94.672 Y89.084 Z7.041 E1101.31257 ; infill
G1 X98.775 Y89.084 Z6.928 E1101.47034 ; infill
G1 X102.371 Y89.084 Z6.753 E1101.60859 ; infill
G1 X105.522 Y89.084 Z6.526 E1101.72974 ; infill
G1 X107.406 Y89.084 Z6.352 E1101.80218 ; infill
G1 X109.138 Y89.084 Z6.163 E1101.86880 ; infill
G1 X110.737 Y89.084 Z5.964 E1101.93028 ; infill
G1 X113.607 Y89.084 Z5.546 E1102.04067 ; infill
G1 X117.372 Y89.084 Z4.928 E1102.18550 ; infill
G1 X119.740 Y89.084 Z4.564 E1102.27655 ; infill
G1 X122.167 Y89.084 Z4.275 E1102.36991 ; infill
G1 X123.450 Y89.084 Z4.168 E1102.41921 ; infill
G1 X124.800 Y89.084 Z4.092 E1102.47112 ; infill
G1 X126.240 Y89.084 Z4.051 E1102.52648 ; infill
G1 X127.788 Y89.084 Z4.048 E1102.58603 ; infill
G1 X129.464 Y89.084 Z4.087 E1102.65048 ; infill
G1 X130.311 Y89.084 Z4.126 E1102.68302 ; infill
G1 X130.631 Y88.626 Z4.125 E1102.70450 ; infill
G1 X129.765 Y88.626 Z4.086 E1102.73779 ; infill
G1 X128.076 Y88.626 Z4.045 E1102.80272 ; infill
G1 X126.516 Y88.626 Z4.047 E1102.86271 ; infill
G1 X125.065 Y88.626 Z4.088 E1102.91850 ; infill
G1 X123.705 Y88.626 Z4.164 E1102.97081 ; infill
G1 X122.415 Y88.626 Z4.271 E1103.02039 ; infill
G1 X119.975 Y88.626 Z4.561 E1103.11424 ; infill
G1 X117.586 Y88.626 Z4.926 E1103.20612 ; infill
G1 X113.787 Y88.626 Z5.548 E1103.35225 ; infill
G1 X110.892 Y88.626 Z5.968 E1103.46357 ; infill
G1 X109.281 Y88.626 Z6.169 E1103.52555 ; infill
G1 X107.535 Y88.626 Z6.359 E1103.59268 ; infill
G1 X104.624 Y88.626 Z6.615 E1103.70460 ; infill
G1 X101.307 Y88.626 Z6.828 E1103.83214 ; infill
G1 X97.521 Y88.626 Z6.984 E1103.97770 ; infill
G1 X93.204 Y88.626 Z7.073 E1104.14372 ; infill
G1 X89.998 Y88.626 Z7.090 E1104.26698 ; infill
G1 X85.290 Y88.626 Z7.052 E1104.44800 ; infill
G1 X81.157 Y88.626 Z6.939 E1104.60693 ; infill
G1 X77.535 Y88.626 Z6.762 E1104.74622 ; infill
G1 X74.360 Y88.626 Z6.534 E1104.86829 ; infill
G1 X72.461 Y88.626 Z6.359 E1104.94129 ; infill
G1 X70.716 Y88.626 Z6.169 E1105.00842 ; infill
G1 X69.104 Y88.626 Z5.968 E1105.07039 ; infill
G1 X66.209 Y88.626 Z5.548 E1105.18172 ; infill
G1 X62.410 Y88.626 Z4.926 E1105.32785 ; infill
G1 X60.021 Y88.626 Z4.561 E1105.41973 ; infill
G1 X57.581 Y88.626 Z4.271 E1105.51358 ; infill
G1 X56.291 Y88.626 Z4.164 E1105.56316 ; infill
G1 X54.931 Y88.626 Z4.088 E1105.61548 ; infill
G1 X53.480 Y88.626 Z4.047 E1105.67127 ; infill
G1 X51.919 Y88.626 Z4.045 E1105.73127 ; infill
G1 X50.231 Y88.626 Z4.086 E1105.79620 ; infill
G1 X49.366 Y88.626 Z4.125 E1105.82943 ; infill
G1 X49.039 Y88.169 Z4.126 E1105.85107 ; infill
G1 X49.930 Y88.169 Z4.084 E1105.88532 ; infill
G1 X51.631 Y88.169 Z4.042 E1105.95073 ; infill
G1 X53.203 Y88.169 Z4.043 E1106.01118 ; infill
G1 X54.665 Y88.169 Z4.084 E1106.06740 ; infill
G1 X56.036 Y88.169 Z4.160 E1106.12012 ; infill
G1 X57.336 Y88.169 Z4.267 E1106.17009 ; infill
G1 X59.796 Y88.169 Z4.558 E1106.26471 ; infill
G1 X62.199 Y88.169 Z4.925 E1106.35711 ; infill
G1 X66.030 Y88.169 Z5.550 E1106.50445 ; infill
G1 X68.949 Y88.169 Z5.973 E1106.61671 ; infill
G1 X70.573 Y88.169 Z6.175 E1106.67919 ; infill
G1 X72.333 Y88.169 Z6.366 E1106.74685 ; infill
G1 X75.266 Y88.169 Z6.624 E1106.85964 ; infill
G1 X78.608 Y88.169 Z6.837 E1106.98813 ; infill
G1 X82.421 Y88.169 Z6.994 E1107.13475 ; infill
G1 X86.770 Y88.169 Z7.084 E1107.30196 ; infill
G1 X89.998 Y88.169 Z7.101 E1107.42611 ; infill
G1 X94.740 Y88.169 Z7.063 E1107.60843 ; infill
G1 X98.903 Y88.169 Z6.949 E1107.76850 ; infill
G1 X102.552 Y88.169 Z6.772 E1107.90880 ; infill
G1 X105.750 Y88.169 Z6.542 E1108.03179 ; infill
G1 X107.663 Y88.169 Z6.366 E1108.10535 ; infill
G1 X109.423 Y88.169 Z6.175 E1108.17301 ; infill
G1 X111.048 Y88.169 Z5.973 E1108.23549 ; infill
G1 X113.967 Y88.169 Z5.550 E1108.34775 ; infill
G1 X117.797 Y88.169 Z4.925 E1108.49509 ; infill
G1 X120.200 Y88.169 Z4.558 E1108.58749 ; infill
G1 X122.660 Y88.169 Z4.267 E1108.68210 ; infill
G1 X123.960 Y88.169 Z4.160 E1108.73207 ; infill
G1 X125.331 Y88.169 Z4.084 E1108.78480 ; infill
G1 X126.793 Y88.169 Z4.043 E1108.84101 ; infill
G1 X128.365 Y88.169 Z4.042 E1108.90146 ; infill
G1 X130.066 Y88.169 Z4.084 E1108.96686 ; infill
G1 X130.950 Y88.169 Z4.125 E1109.00085 ; infill
G1 X131.269 Y87.711 Z4.126 E1109.02230 ; infill
G1 X130.362 Y87.711 Z4.082 E1109.05717 ; infill
G1 X128.653 Y87.711 Z4.039 E1109.12287 ; infill
G1 X127.069 Y87.711 Z4.040 E1109.18377 ; infill
G1 X125.596 Y87.711 Z4.080 E1109.24041 ; infill
G1 X124.214 Y87.711 Z4.156 E1109.29354 ; infill
G1 X122.905 Y87.711 Z4.263 E1109.34390 ; infill
G1 X120.425 Y87.711 Z4.555 E1109.43927 ; infill
G1 X118.003 Y87.711 Z4.924 E1109.53243 ; infill
G1 X114.146 Y87.711 Z5.552 E1109.68077 ; infill
G1 X111.203 Y87.711 Z5.977 E1109.79394 ; infill
G1 X109.565 Y87.711 Z6.180 E1109.85692 ; infill
G1 X107.792 Y87.711 Z6.372 E1109.92512 ; infill
G1 X104.836 Y87.711 Z6.632 E1110.03877 ; infill
G1 X101.470 Y87.711 Z6.847 E1110.16820 ; infill
G1 X97.629 Y87.711 Z7.005 E1110.31589 ; infill
G1 X93.250 Y87.711 Z7.095 E1110.48429 ; infill
G1 X89.998 Y87.711 Z7.112 E1110.60931 ; infill
G1 X85.223 Y87.711 Z7.073 E1110.79292 ; infill
G1 X81.030 Y87.711 Z6.959 E1110.95414 ; infill
G1 X77.354 Y87.711 Z6.781 E1111.09547 ; infill
G1 X74.132 Y87.711 Z6.550 E1111.21938 ; infill
G1 X72.204 Y87.711 Z6.372 E1111.29351 ; infill
G1 X70.431 Y87.711 Z6.180 E1111.36170 ; infill
G1 X68.793 Y87.711 Z5.977 E1111.42468 ; infill
G1 X65.850 Y87.711 Z5.552 E1111.53786 ; infill
G1 X61.993 Y87.711 Z4.924 E1111.68620 ; infill
G1 X59.571 Y87.711 Z4.555 E1111.77936 ; infill
G1 X57.091 Y87.711 Z4.263 E1111.87473 ; infill
G1 X55.781 Y87.711 Z4.156 E1111.92510 ; infill
G1 X54.400 Y87.711 Z4.080 E1111.97823 ; infill
G1 X52.926 Y87.711 Z4.040 E1112.03488 ; infill
G1 X51.343 Y87.711 Z4.039 E1112.09577 ; infill
G1 X49.634 Y87.711 Z4.082 E1112.16148 ; infill
G1 X48.733 Y87.711 Z4.126 E1112.19612 ; infill
G1 X48.431 Y87.253 Z4.125 E1112.21720 ; infill
G1 X49.356 Y87.253 Z4.080 E1112.25276 ; infill
G1 X51.074 Y87.253 Z4.036 E1112.31881 ; infill
G1 X52.662 Y87.253 Z4.036 E1112.37987 ; infill
G1 X54.139 Y87.253 Z4.076 E1112.43668 ; infill
G1 X55.526 Y87.253 Z4.152 E1112.49002 ; infill
G1 X56.846 Y87.253 Z4.259 E1112.54078 ; infill
G1 X59.346 Y87.253 Z4.552 E1112.63691 ; infill
G1 X61.788 Y87.253 Z4.922 E1112.73082 ; infill
G1 X65.676 Y87.253 Z5.554 E1112.88035 ; infill
G1 X68.639 Y87.253 Z5.982 E1112.99431 ; infill
G1 X70.288 Y87.253 Z6.186 E1113.05774 ; infill
G1 X72.076 Y87.253 Z6.379 E1113.12647 ; infill
G1 X75.054 Y87.253 Z6.640 E1113.24098 ; infill
G1 X78.445 Y87.253 Z6.856 E1113.37137 ; infill
G1 X82.313 Y87.253 Z7.015 E1113.52012 ; infill
G1 X86.724 Y87.253 Z7.106 E1113.68972 ; infill
G1 X89.998 Y87.253 Z7.123 E1113.81561 ; infill
G1 X94.807 Y87.253 Z7.084 E1114.00051 ; infill
G1 X99.030 Y87.253 Z6.969 E1114.16287 ; infill
G1 X102.732 Y87.253 Z6.790 E1114.30523 ; infill
G1 X105.978 Y87.253 Z6.558 E1114.43005 ; infill
G1 X107.921 Y87.253 Z6.379 E1114.50475 ; infill
G1 X109.708 Y87.253 Z6.186 E1114.57347 ; infill
G1 X111.357 Y87.253 Z5.982 E1114.63691 ; infill
G1 X114.320 Y87.253 Z5.554 E1114.75086 ; infill
G1 X118.208 Y87.253 Z4.922 E1114.90039 ; infill
G1 X120.650 Y87.253 Z4.552 E1114.99430 ; infill
G1 X123.149 Y87.253 Z4.259 E1115.09043 ; infill
G1 X124.469 Y87.253 Z4.152 E1115.14118 ; infill
G1 X125.856 Y87.253 Z4.076 E1115.19452 ; infill
G1 X127.334 Y87.253 Z4.036 E1115.25133 ; infill
G1 X128.922 Y87.253 Z4.036 E1115.31239 ; infill
G1 X130.640 Y87.253 Z4.080 E1115.37844 ; infill
G1 X131.563 Y87.253 Z4.125 E1115.41394 ; infill
G1 X131.857 Y86.795 Z4.125 E1115.43485 ; infill
G1 X130.917 Y86.795 Z4.079 E1115.47096 ; infill
G1 X129.189 Y86.795 Z4.034 E1115.53741 ; infill
G1 X127.591 Y86.795 Z4.033 E1115.59885 ; infill
G1 X126.104 Y86.795 Z4.072 E1115.65602 ; infill
G1 X124.709 Y86.795 Z4.148 E1115.70968 ; infill
G1 X123.385 Y86.795 Z4.255 E1115.76057 ; infill
G1 X120.875 Y86.795 Z4.549 E1115.85712 ; infill
G1 X118.413 Y86.795 Z4.921 E1115.95178 ; infill
G1 X114.495 Y86.795 Z5.556 E1116.10250 ; infill
G1 X111.509 Y86.795 Z5.986 E1116.21733 ; infill
G1 X109.847 Y86.795 Z6.192 E1116.28124 ; infill
G1 X108.048 Y86.795 Z6.386 E1116.35044 ; infill
G1 X105.049 Y86.795 Z6.648 E1116.46575 ; infill
G1 X101.633 Y86.795 Z6.866 E1116.59710 ; infill
G1 X97.737 Y86.795 Z7.026 E1116.74691 ; infill
G1 X93.295 Y86.795 Z7.117 E1116.91769 ; infill
G1 X89.998 Y86.795 Z7.134 E1117.04446 ; infill
G1 X85.156 Y86.795 Z7.095 E1117.23064 ; infill
G1 X80.904 Y86.795 Z6.980 E1117.39416 ; infill
G1 X77.175 Y86.795 Z6.799 E1117.53754 ; infill
G1 X73.905 Y86.795 Z6.565 E1117.66327 ; infill
G1 X71.949 Y86.795 Z6.386 E1117.73849 ; infill
G1 X70.149 Y86.795 Z6.192 E1117.80769 ; infill
G1 X68.487 Y86.795 Z5.986 E1117.87159 ; infill
G1 X65.501 Y86.795 Z5.556 E1117.98643 ; infill
G1 X61.583 Y86.795 Z4.921 E1118.13715 ; infill
G1 X59.121 Y86.795 Z4.549 E1118.23181 ; infill
G1 X56.610 Y86.795 Z4.255 E1118.32837 ; infill
G1 X55.287 Y86.795 Z4.148 E1118.37926 ; infill
G1 X53.891 Y86.795 Z4.072 E1118.43292 ; infill
G1 X52.404 Y86.795 Z4.033 E1118.49010 ; infill
G1 X50.806 Y86.795 Z4.034 E1118.55154 ; infill
G1 X49.078 Y86.795 Z4.079 E1118.61800 ; infill
G1 X48.130 Y86.795 Z4.126 E1118.65447 ; infill
G1 X47.851 Y86.337 Z4.126 E1118.67507 ; infill
G1 X48.817 Y86.337 Z4.077 E1118.71221 ; infill
G1 X50.551 Y86.337 Z4.031 E1118.77886 ; infill
G1 X52.153 Y86.337 Z4.030 E1118.84048 ; infill
G1 X53.645 Y86.337 Z4.068 E1118.89783 ; infill
G1 X55.048 Y86.337 Z4.144 E1118.95179 ; infill
G1 X56.380 Y86.337 Z4.251 E1119.00302 ; infill
G1 X58.906 Y86.337 Z4.546 E1119.10016 ; infill
G1 X61.377 Y86.337 Z4.920 E1119.19519 ; infill
G1 X65.327 Y86.337 Z5.558 E1119.34709 ; infill
G1 X68.335 Y86.337 Z5.990 E1119.46281 ; infill
G1 X70.010 Y86.337 Z6.197 E1119.52720 ; infill
G1 X71.823 Y86.337 Z6.393 E1119.59691 ; infill
G1 X74.843 Y86.337 Z6.657 E1119.71306 ; infill
G1 X78.283 Y86.337 Z6.875 E1119.84531 ; infill
G1 X82.206 Y86.337 Z7.036 E1119.99616 ; infill
G1 X86.679 Y86.337 Z7.128 E1120.16814 ; infill
G1 X89.998 Y86.337 Z7.145 E1120.29578 ; infill
G1 X94.874 Y86.337 Z7.106 E1120.48325 ; infill
G1 X99.156 Y86.337 Z6.990 E1120.64789 ; infill
G1 X102.910 Y86.337 Z6.808 E1120.79226 ; infill
G1 X106.203 Y86.337 Z6.573 E1120.91887 ; infill
G1 X108.173 Y86.337 Z6.393 E1120.99464 ; infill
G1 X109.986 Y86.337 Z6.197 E1121.06435 ; infill
G1 X111.661 Y86.337 Z5.991 E1121.12873 ; infill
G1 X114.670 Y86.337 Z5.558 E1121.24445 ; infill
G1 X118.619 Y86.337 Z4.920 E1121.39635 ; infill
G1 X121.090 Y86.337 Z4.546 E1121.49139 ; infill
G1 X123.616 Y86.337 Z4.251 E1121.58852 ; infill
G1 X124.948 Y86.337 Z4.144 E1121.63974 ; infill
G1 X126.351 Y86.337 Z4.069 E1121.69371 ; infill
G1 X127.843 Y86.337 Z4.030 E1121.75105 ; infill
G1 X129.445 Y86.337 Z4.031 E1121.81267 ; infill
G1 X131.178 Y86.337 Z4.077 E1121.87931 ; infill
G1 X132.150 Y86.337 Z4.125 E1121.91668 ; infill
G1 X132.422 Y85.879 Z4.125 E1121.93715 ; infill
G1 X131.439 Y85.879 Z4.075 E1121.97495 ; infill
G1 X129.696 Y85.879 Z4.028 E1122.04195 ; infill
G1 X128.085 Y85.879 Z4.026 E1122.10390 ; infill
G1 X126.585 Y85.879 Z4.065 E1122.16157 ; infill
G1 X125.177 Y85.879 Z4.140 E1122.21571 ; infill
G1 X123.841 Y85.879 Z4.248 E1122.26708 ; infill
G1 X121.303 Y85.879 Z4.543 E1122.36470 ; infill
G1 X118.815 Y85.879 Z4.918 E1122.46039 ; infill
G1 X114.844 Y85.879 Z5.560 E1122.61311 ; infill
G1 X111.812 Y85.879 Z5.995 E1122.72971 ; infill
G1 X110.126 Y85.879 Z6.203 E1122.79458 ; infill
G1 X108.299 Y85.879 Z6.399 E1122.86480 ; infill
G1 X106.315 Y85.879 Z6.581 E1122.94111 ; infill
G1 X104.652 Y85.879 Z6.708 E1123.00506 ; infill
G1 X101.793 Y85.879 Z6.885 E1123.11497 ; infill
G1 X97.843 Y85.879 Z7.047 E1123.26686 ; infill
G1 X93.340 Y85.879 Z7.139 E1123.43999 ; infill
G1 X89.998 Y85.879 Z7.156 E1123.56850 ; infill
G1 X85.090 Y85.879 Z7.117 E1123.75724 ; infill
G1 X80.778 Y85.879 Z7.000 E1123.92301 ; infill
G1 X76.998 Y85.879 Z6.817 E1124.06838 ; infill
G1 X73.681 Y85.879 Z6.581 E1124.19589 ; infill
G1 X71.697 Y85.879 Z6.399 E1124.27221 ; infill
G1 X69.871 Y85.879 Z6.203 E1124.34243 ; infill
G1 X68.184 Y85.879 Z5.995 E1124.40730 ; infill
G1 X65.152 Y85.879 Z5.560 E1124.52390 ; infill
G1 X61.181 Y85.879 Z4.918 E1124.67662 ; infill
G1 X58.693 Y85.879 Z4.543 E1124.77232 ; infill
G1 X56.155 Y85.879 Z4.247 E1124.86994 ; infill
G1 X54.818 Y85.879 Z4.140 E1124.92131 ; infill
G1 X53.410 Y85.879 Z4.065 E1124.97545 ; infill
G1 X51.911 Y85.879 Z4.026 E1125.03312 ; infill
G1 X50.299 Y85.879 Z4.029 E1125.09508 ; infill
G1 X48.557 Y85.879 Z4.076 E1125.16209 ; infill
G1 X47.574 Y85.879 Z4.125 E1125.19988 ; infill
G1 X47.298 Y85.422 Z4.125 E1125.22042 ; infill
G1 X48.308 Y85.422 Z4.074 E1125.25923 ; infill
G1 X50.054 Y85.422 Z4.026 E1125.32640 ; infill
G1 X51.669 Y85.422 Z4.023 E1125.38849 ; infill
G1 X53.176 Y85.422 Z4.061 E1125.44644 ; infill
G1 X54.592 Y85.422 Z4.136 E1125.50088 ; infill
G1 X55.936 Y85.422 Z4.244 E1125.55255 ; infill
G1 X58.486 Y85.422 Z4.540 E1125.65061 ; infill
G1 X60.985 Y85.422 Z4.917 E1125.74674 ; infill
G1 X64.983 Y85.422 Z5.562 E1125.90048 ; infill
G1 X68.032 Y85.422 Z5.999 E1126.01776 ; infill
G1 X69.731 Y85.422 Z6.208 E1126.08311 ; infill
G1 X71.571 Y85.422 Z6.406 E1126.15384 ; infill
G1 X73.570 Y85.422 Z6.588 E1126.23071 ; infill
G1 X75.747 Y85.422 Z6.752 E1126.31444 ; infill
G1 X79.391 Y85.422 Z6.955 E1126.45455 ; infill
G1 X82.101 Y85.422 Z7.057 E1126.55872 ; infill
G1 X86.634 Y85.422 Z7.150 E1126.73303 ; infill
G1 X89.998 Y85.422 Z7.167 E1126.86239 ; infill
G1 X94.940 Y85.422 Z7.128 E1127.05239 ; infill
G1 X99.280 Y85.422 Z7.010 E1127.21928 ; infill
G1 X103.087 Y85.422 Z6.826 E1127.36566 ; infill
G1 X106.426 Y85.422 Z6.588 E1127.49407 ; infill
G1 X108.425 Y85.422 Z6.406 E1127.57093 ; infill
G1 X110.265 Y85.422 Z6.208 E1127.64166 ; infill
G1 X111.964 Y85.422 Z5.999 E1127.70701 ; infill
G1 X115.014 Y85.422 Z5.562 E1127.82429 ; infill
G1 X119.011 Y85.422 Z4.917 E1127.97803 ; infill
G1 X121.510 Y85.422 Z4.540 E1128.07416 ; infill
G1 X124.060 Y85.422 Z4.244 E1128.17221 ; infill
G1 X125.403 Y85.422 Z4.136 E1128.22388 ; infill
G1 X126.819 Y85.422 Z4.061 E1128.27832 ; infill
G1 X128.326 Y85.422 Z4.023 E1128.33626 ; infill
G1 X129.941 Y85.422 Z4.026 E1128.39835 ; infill
G1 X131.688 Y85.422 Z4.074 E1128.46551 ; infill
G1 X132.687 Y85.422 Z4.125 E1128.50395 ; infill
G1 X132.953 Y84.964 Z4.125 E1128.52431 ; infill
G1 X131.930 Y84.964 Z4.072 E1128.56364 ; infill
G1 X130.175 Y84.964 Z4.024 E1128.63111 ; infill
G1 X128.553 Y84.964 Z4.020 E1128.69350 ; infill
G1 X127.042 Y84.964 Z4.058 E1128.75158 ; infill
G1 X125.624 Y84.964 Z4.133 E1128.80612 ; infill
G1 X124.278 Y84.964 Z4.240 E1128.85789 ; infill
G1 X121.713 Y84.964 Z4.538 E1128.95650 ; infill
G1 X119.200 Y84.964 Z4.916 E1129.05315 ; infill
G1 X115.182 Y84.964 Z5.564 E1129.20772 ; infill
G1 X112.111 Y84.964 Z6.004 E1129.32581 ; infill
G1 X110.402 Y84.964 Z6.214 E1129.39155 ; infill
G1 X108.550 Y84.964 Z6.412 E1129.46273 ; infill
G1 X106.538 Y84.964 Z6.596 E1129.54011 ; infill
G1 X104.345 Y84.964 Z6.761 E1129.62443 ; infill
G1 X100.676 Y84.964 Z6.965 E1129.76551 ; infill
G1 X97.949 Y84.964 Z7.067 E1129.87039 ; infill
G1 X93.385 Y84.964 Z7.161 E1130.04586 ; infill
G1 X89.998 Y84.964 Z7.178 E1130.17608 ; infill
G1 X85.024 Y84.964 Z7.138 E1130.36735 ; infill
G1 X80.654 Y84.964 Z7.020 E1130.53537 ; infill
G1 X76.821 Y84.964 Z6.835 E1130.68275 ; infill
G1 X73.458 Y84.964 Z6.596 E1130.81206 ; infill
G1 X71.446 Y84.964 Z6.412 E1130.88945 ; infill
G1 X69.595 Y84.964 Z6.214 E1130.96063 ; infill
G1 X67.885 Y84.964 Z6.003 E1131.02636 ; infill
G1 X64.815 Y84.964 Z5.564 E1131.14446 ; infill
G1 X60.796 Y84.964 Z4.916 E1131.29902 ; infill
G1 X58.283 Y84.964 Z4.537 E1131.39568 ; infill
G1 X55.718 Y84.964 Z4.240 E1131.49429 ; infill
G1 X54.372 Y84.964 Z4.133 E1131.54607 ; infill
G1 X52.953 Y84.964 Z4.058 E1131.60061 ; infill
G1 X51.443 Y84.964 Z4.020 E1131.65869 ; infill
G1 X49.820 Y84.964 Z4.024 E1131.72108 ; infill
G1 X48.065 Y84.964 Z4.073 E1131.78856 ; infill
G1 X47.045 Y84.964 Z4.125 E1131.82780 ; infill
G1 X46.791 Y84.506 Z4.125 E1131.84792 ; infill
G1 X47.826 Y84.506 Z4.071 E1131.88772 ; infill
G1 X49.586 Y84.506 Z4.021 E1131.95538 ; infill
G1 X51.216 Y84.506 Z4.017 E1132.01807 ; infill
G1 X52.734 Y84.506 Z4.054 E1132.07643 ; infill
G1 X54.160 Y84.506 Z4.129 E1132.13124 ; infill
G1 X55.513 Y84.506 Z4.237 E1132.18327 ; infill
G1 X58.083 Y84.506 Z4.535 E1132.28209 ; infill
G1 X60.608 Y84.506 Z4.915 E1132.37922 ; infill
G1 X64.650 Y84.506 Z5.566 E1132.53467 ; infill
G1 X67.738 Y84.506 Z6.008 E1132.65346 ; infill
G1 X69.460 Y84.506 Z6.219 E1132.71965 ; infill
G1 X71.323 Y84.506 Z6.419 E1132.79132 ; infill
G1 X73.349 Y84.506 Z6.604 E1132.86921 ; infill
G1 X75.556 Y84.506 Z6.770 E1132.95407 ; infill
G1 X79.249 Y84.506 Z6.975 E1133.09607 ; infill
G1 X81.995 Y84.506 Z7.078 E1133.20166 ; infill
G1 X86.589 Y84.506 Z7.172 E1133.37831 ; infill
G1 X89.998 Y84.506 Z7.189 E1133.50939 ; infill
G1 X95.005 Y84.506 Z7.149 E1133.70191 ; infill
G1 X99.404 Y84.506 Z7.030 E1133.87106 ; infill
G1 X103.263 Y84.506 Z6.844 E1134.01942 ; infill
G1 X106.647 Y84.506 Z6.604 E1134.14956 ; infill
G1 X108.673 Y84.506 Z6.419 E1134.22745 ; infill
G1 X110.537 Y84.506 Z6.219 E1134.29912 ; infill
G1 X112.258 Y84.506 Z6.008 E1134.36530 ; infill
G1 X115.347 Y84.506 Z5.566 E1134.48410 ; infill
G1 X119.388 Y84.506 Z4.915 E1134.63954 ; infill
G1 X121.913 Y84.506 Z4.535 E1134.73667 ; infill
G1 X124.483 Y84.506 Z4.237 E1134.83549 ; infill
G1 X125.836 Y84.506 Z4.129 E1134.88751 ; infill
G1 X127.262 Y84.506 Z4.054 E1134.94232 ; infill
G1 X128.779 Y84.506 Z4.017 E1135.00068 ; infill
G1 X130.410 Y84.506 Z4.021 E1135.06337 ; infill
G1 X132.169 Y84.506 Z4.071 E1135.13102 ; infill
G1 X133.206 Y84.506 Z4.125 E1135.17090 ; infill
G1 X133.443 Y84.048 Z4.125 E1135.19072 ; infill
G1 X132.393 Y84.048 Z4.070 E1135.23107 ; infill
G1 X130.628 Y84.048 Z4.019 E1135.29896 ; infill
G1 X128.996 Y84.048 Z4.014 E1135.36172 ; infill
G1 X127.476 Y84.048 Z4.051 E1135.42015 ; infill
G1 X126.049 Y84.048 Z4.126 E1135.47504 ; infill
G1 X124.689 Y84.048 Z4.233 E1135.52732 ; infill
G1 X122.106 Y84.048 Z4.532 E1135.62665 ; infill
G1 X119.572 Y84.048 Z4.914 E1135.72412 ; infill
G1 X115.509 Y84.048 Z5.568 E1135.88038 ; infill
G1 X112.401 Y84.048 Z6.012 E1135.99989 ; infill
G1 X110.670 Y84.048 Z6.224 E1136.06645 ; infill
G1 X108.795 Y84.048 Z6.425 E1136.13856 ; infill
G1 X106.756 Y84.048 Z6.611 E1136.21697 ; infill
G1 X104.534 Y84.048 Z6.778 E1136.30240 ; infill
G1 X100.817 Y84.048 Z6.985 E1136.44533 ; infill
G1 X98.053 Y84.048 Z7.088 E1136.55160 ; infill
G1 X93.429 Y84.048 Z7.183 E1136.72939 ; infill
G1 X89.998 Y84.048 Z7.200 E1136.86133 ; infill
G1 X84.958 Y84.048 Z7.160 E1137.05511 ; infill
G1 X80.531 Y84.048 Z7.040 E1137.22535 ; infill
G1 X76.647 Y84.048 Z6.853 E1137.37468 ; infill
G1 X73.240 Y84.048 Z6.611 E1137.50569 ; infill
G1 X71.201 Y84.048 Z6.425 E1137.58410 ; infill
G1 X69.326 Y84.048 Z6.224 E1137.65621 ; infill
G1 X67.595 Y84.048 Z6.012 E1137.72277 ; infill
G1 X64.487 Y84.048 Z5.568 E1137.84229 ; infill
G1 X60.425 Y84.048 Z4.913 E1137.99855 ; infill
G1 X57.890 Y84.048 Z4.532 E1138.09602 ; infill
G1 X55.307 Y84.048 Z4.233 E1138.19535 ; infill
G1 X53.947 Y84.048 Z4.126 E1138.24764 ; infill
G1 X52.520 Y84.048 Z4.051 E1138.30253 ; infill
G1 X51.000 Y84.048 Z4.014 E1138.36096 ; infill
G1 X49.368 Y84.048 Z4.019 E1138.42373 ; infill
G1 X47.602 Y84.048 Z4.070 E1138.49162 ; infill
G1 X46.541 Y84.048 Z4.124 E1138.53241 ; infill
G1 X46.311 Y83.590 Z4.124 E1138.55211 ; infill
G1 X47.378 Y83.590 Z4.068 E1138.59312 ; infill
G1 X49.151 Y83.590 Z4.017 E1138.66128 ; infill
G1 X50.790 Y83.590 Z4.011 E1138.72431 ; infill
G1 X52.316 Y83.590 Z4.048 E1138.78299 ; infill
G1 X53.749 Y83.590 Z4.122 E1138.83810 ; infill
G1 X55.110 Y83.590 Z4.230 E1138.89043 ; infill
G1 X57.698 Y83.590 Z4.530 E1138.98993 ; infill
G1 X60.246 Y83.590 Z4.912 E1139.08793 ; infill
G1 X64.326 Y83.590 Z5.570 E1139.24489 ; infill
G1 X67.452 Y83.590 Z6.016 E1139.36510 ; infill
G1 X69.194 Y83.590 Z6.230 E1139.43209 ; infill
G1 X71.081 Y83.590 Z6.432 E1139.50466 ; infill
G1 X73.133 Y83.590 Z6.619 E1139.58354 ; infill
G1 X75.368 Y83.590 Z6.787 E1139.66949 ; infill
G1 X79.110 Y83.590 Z6.995 E1139.81336 ; infill
G1 X81.891 Y83.590 Z7.099 E1139.92032 ; infill
G1 X86.545 Y83.590 Z7.194 E1140.09925 ; infill
G1 X89.998 Y83.590 Z7.211 E1140.23203 ; infill
G1 X95.070 Y83.590 Z7.171 E1140.42705 ; infill
G1 X99.526 Y83.590 Z7.050 E1140.59839 ; infill
G1 X103.435 Y83.590 Z6.862 E1140.74869 ; infill
G1 X106.863 Y83.590 Z6.619 E1140.88051 ; infill
G1 X108.915 Y83.590 Z6.432 E1140.95939 ; infill
G1 X110.802 Y83.590 Z6.230 E1141.03195 ; infill
G1 X112.544 Y83.590 Z6.016 E1141.09895 ; infill
G1 X115.670 Y83.590 Z5.570 E1141.21916 ; infill
G1 X119.750 Y83.590 Z4.912 E1141.37612 ; infill
G1 X122.298 Y83.590 Z4.530 E1141.47411 ; infill
G1 X124.886 Y83.590 Z4.230 E1141.57361 ; infill
G1 X126.247 Y83.590 Z4.122 E1141.62594 ; infill
G1 X127.680 Y83.590 Z4.048 E1141.68105 ; infill
G1 X129.206 Y83.590 Z4.011 E1141.73972 ; infill
G1 X130.845 Y83.590 Z4.016 E1141.80274 ; infill
G1 X132.618 Y83.590 Z4.068 E1141.87090 ; infill
G1 X133.679 Y83.590 Z4.124 E1141.91174 ; infill
G1 X133.916 Y83.132 Z4.124 E1141.93155 ; infill
G1 X132.830 Y83.132 Z4.067 E1141.97330 ; infill
G1 X131.056 Y83.132 Z4.014 E1142.04154 ; infill
G1 X129.415 Y83.132 Z4.008 E1142.10463 ; infill
G1 X127.884 Y83.132 Z4.044 E1142.16350 ; infill
G1 X126.445 Y83.132 Z4.119 E1142.21884 ; infill
G1 X125.078 Y83.132 Z4.227 E1142.27139 ; infill
G1 X122.480 Y83.132 Z4.527 E1142.37128 ; infill
G1 X119.928 Y83.132 Z4.911 E1142.46944 ; infill
G1 X115.826 Y83.132 Z5.572 E1142.62723 ; infill
G1 X112.684 Y83.132 Z6.020 E1142.74804 ; infill
G1 X110.933 Y83.132 Z6.235 E1142.81539 ; infill
G1 X109.034 Y83.132 Z6.438 E1142.88841 ; infill
G1 X106.970 Y83.132 Z6.626 E1142.96779 ; infill
G1 X104.720 Y83.132 Z6.795 E1143.05429 ; infill
G1 X100.955 Y83.132 Z7.004 E1143.19905 ; infill
G1 X98.156 Y83.132 Z7.109 E1143.30668 ; infill
G1 X93.473 Y83.132 Z7.205 E1143.48674 ; infill
G1 X89.998 Y83.132 Z7.222 E1143.62036 ; infill
G1 X84.894 Y83.132 Z7.181 E1143.81661 ; infill
G1 X80.410 Y83.132 Z7.060 E1143.98903 ; infill
G1 X76.477 Y83.132 Z6.871 E1144.14028 ; infill
G1 X73.027 Y83.132 Z6.626 E1144.27293 ; infill
G1 X70.962 Y83.132 Z6.438 E1144.35232 ; infill
G1 X69.063 Y83.132 Z6.235 E1144.42534 ; infill
G1 X67.312 Y83.132 Z6.020 E1144.49268 ; infill
G1 X64.171 Y83.132 Z5.572 E1144.61349 ; infill
G1 X60.068 Y83.132 Z4.911 E1144.77129 ; infill
G1 X57.516 Y83.132 Z4.527 E1144.86946 ; infill
G1 X54.918 Y83.132 Z4.227 E1144.96935 ; infill
G1 X53.551 Y83.132 Z4.119 E1145.02190 ; infill
G1 X52.112 Y83.132 Z4.044 E1145.07724 ; infill
G1 X50.581 Y83.132 Z4.008 E1145.13611 ; infill
G1 X48.940 Y83.132 Z4.014 E1145.19921 ; infill
G1 X47.165 Y83.132 Z4.067 E1145.26746 ; infill
G1 X46.081 Y83.132 Z4.124 E1145.30913 ; infill
G1 X45.854 Y82.674 Z4.124 E1145.32878 ; infill
G1 X46.959 Y82.674 Z4.065 E1145.37128 ; infill
G1 X48.741 Y82.674 Z4.012 E1145.43977 ; infill
G1 X50.387 Y82.674 Z4.005 E1145.50309 ; infill
G1 X51.920 Y82.674 Z4.041 E1145.56203 ; infill
G1 X53.360 Y82.674 Z4.115 E1145.61739 ; infill
G1 X54.727 Y82.674 Z4.223 E1145.66997 ; infill
G1 X57.335 Y82.674 Z4.524 E1145.77024 ; infill
G1 X59.899 Y82.674 Z4.910 E1145.86885 ; infill
G1 X64.015 Y82.674 Z5.573 E1146.02716 ; infill
G1 X67.174 Y82.674 Z6.024 E1146.14867 ; infill
G1 X68.936 Y82.674 Z6.240 E1146.21642 ; infill
G1 X70.845 Y82.674 Z6.445 E1146.28983 ; infill
G1 X72.921 Y82.674 Z6.634 E1146.36966 ; infill
G1 X75.184 Y82.674 Z6.804 E1146.45668 ; infill
G1 X78.973 Y82.674 Z7.014 E1146.60235 ; infill
G1 X81.789 Y82.674 Z7.119 E1146.71065 ; infill
G1 X86.502 Y82.674 Z7.215 E1146.89185 ; infill
G1 X89.998 Y82.674 Z7.233 E1147.02629 ; infill
G1 X95.134 Y82.674 Z7.192 E1147.22376 ; infill
G1 X99.646 Y82.674 Z7.070 E1147.39726 ; infill
G1 X103.604 Y82.674 Z6.880 E1147.54945 ; infill
G1 X107.075 Y82.674 Z6.634 E1147.68291 ; infill
G1 X109.151 Y82.674 Z6.445 E1147.76274 ; infill
G1 X111.060 Y82.674 Z6.240 E1147.83615 ; infill
G1 X112.822 Y82.674 Z6.024 E1147.90389 ; infill
G1 X115.981 Y82.674 Z5.573 E1148.02541 ; infill
G1 X120.097 Y82.674 Z4.910 E1148.18371 ; infill
G1 X122.661 Y82.674 Z4.524 E1148.28232 ; infill
G1 X125.269 Y82.674 Z4.224 E1148.38259 ; infill
G1 X126.636 Y82.674 Z4.115 E1148.43517 ; infill
G1 X128.076 Y82.674 Z4.041 E1148.49052 ; infill
G1 X129.608 Y82.674 Z4.005 E1148.54946 ; infill
G1 X131.255 Y82.674 Z4.012 E1148.61277 ; infill
G1 X133.036 Y82.674 Z4.065 E1148.68126 ; infill
G1 X134.134 Y82.674 Z4.124 E1148.72348 ; infill
G1 X134.349 Y82.217 Z4.124 E1148.74292 ; infill
G1 X133.242 Y82.217 Z4.064 E1148.78550 ; infill
G1 X131.454 Y82.217 Z4.010 E1148.85423 ; infill
G1 X129.802 Y82.217 Z4.003 E1148.91776 ; infill
G1 X128.264 Y82.217 Z4.038 E1148.97691 ; infill
G1 X126.819 Y82.217 Z4.112 E1149.03246 ; infill
G1 X125.447 Y82.217 Z4.220 E1149.08523 ; infill
G1 X122.837 Y82.217 Z4.522 E1149.18558 ; infill
G1 X120.266 Y82.217 Z4.909 E1149.28446 ; infill
G1 X116.131 Y82.217 Z5.575 E1149.44352 ; infill
G1 X112.959 Y82.217 Z6.028 E1149.56551 ; infill
G1 X111.187 Y82.217 Z6.246 E1149.63363 ; infill
G1 X109.267 Y82.217 Z6.451 E1149.70747 ; infill
G1 X107.178 Y82.217 Z6.641 E1149.78778 ; infill
G1 X104.902 Y82.217 Z6.812 E1149.87532 ; infill
G1 X101.091 Y82.217 Z7.024 E1150.02184 ; infill
G1 X98.258 Y82.217 Z7.130 E1150.13080 ; infill
G1 X93.516 Y82.217 Z7.226 E1150.31310 ; infill
G1 X89.998 Y82.217 Z7.244 E1150.44838 ; infill
G1 X84.831 Y82.217 Z7.203 E1150.64707 ; infill
G1 X80.291 Y82.217 Z7.080 E1150.82163 ; infill
G1 X76.309 Y82.217 Z6.889 E1150.97473 ; infill
G1 X72.818 Y82.217 Z6.641 E1151.10898 ; infill
G1 X70.729 Y82.217 Z6.451 E1151.18929 ; infill
G1 X68.809 Y82.217 Z6.246 E1151.26314 ; infill
G1 X67.037 Y82.217 Z6.028 E1151.33126 ; infill
G1 X63.865 Y82.217 Z5.575 E1151.45325 ; infill
G1 X59.730 Y82.217 Z4.909 E1151.61231 ; infill
G1 X57.159 Y82.217 Z4.522 E1151.71119 ; infill
G1 X54.549 Y82.217 Z4.220 E1151.81155 ; infill
G1 X53.177 Y82.217 Z4.112 E1151.86431 ; infill
G1 X51.732 Y82.217 Z4.038 E1151.91987 ; infill
G1 X50.194 Y82.217 Z4.003 E1151.97902 ; infill
G1 X48.541 Y82.217 Z4.010 E1152.04256 ; infill
G1 X46.754 Y82.217 Z4.064 E1152.11130 ; infill
G1 X45.647 Y82.217 Z4.124 E1152.15384 ; infill
G1 X45.440 Y81.759 Z4.124 E1152.17316 ; infill
G1 X46.565 Y81.759 Z4.063 E1152.21641 ; infill
G1 X48.354 Y81.759 Z4.008 E1152.28519 ; infill
G1 X50.007 Y81.759 Z4.000 E1152.34876 ; infill
G1 X51.546 Y81.759 Z4.035 E1152.40792 ; infill
G1 X52.994 Y81.759 Z4.109 E1152.46361 ; infill
G1 X54.371 Y81.759 Z4.217 E1152.51656 ; infill
G1 X56.990 Y81.759 Z4.519 E1152.61729 ; infill
G1 X59.568 Y81.759 Z4.908 E1152.71641 ; infill
G1 X63.717 Y81.759 Z5.577 E1152.87599 ; infill
G1 X66.905 Y81.759 Z6.032 E1152.99863 ; infill
G1 X68.685 Y81.759 Z6.251 E1153.06707 ; infill
G1 X70.615 Y81.759 Z6.457 E1153.14127 ; infill
G1 X72.714 Y81.759 Z6.649 E1153.22201 ; infill
G1 X75.005 Y81.759 Z6.820 E1153.31007 ; infill
G1 X78.838 Y81.759 Z7.033 E1153.45747 ; infill
G1 X81.689 Y81.759 Z7.140 E1153.56709 ; infill
G1 X86.459 Y81.759 Z7.237 E1153.75049 ; infill
G1 X89.998 Y81.759 Z7.255 E1153.88658 ; infill
G1 X95.197 Y81.759 Z7.214 E1154.08647 ; infill
G1 X99.764 Y81.759 Z7.090 E1154.26208 ; infill
G1 X103.769 Y81.759 Z6.898 E1154.41609 ; infill
G1 X107.282 Y81.759 Z6.649 E1154.55115 ; infill
G1 X109.381 Y81.759 Z6.457 E1154.63188 ; infill
G1 X111.311 Y81.759 Z6.251 E1154.70609 ; infill
G1 X113.091 Y81.759 Z6.032 E1154.77452 ; infill
G1 X116.279 Y81.759 Z5.577 E1154.89716 ; infill
G1 X120.428 Y81.759 Z4.908 E1155.05674 ; infill
G1 X123.006 Y81.759 Z4.520 E1155.15586 ; infill
G1 X125.625 Y81.759 Z4.217 E1155.25658 ; infill
G1 X127.002 Y81.759 Z4.109 E1155.30954 ; infill
G1 X128.450 Y81.759 Z4.035 E1155.36521 ; infill
G1 X129.989 Y81.759 Z4.000 E1155.42437 ; infill
G1 X131.642 Y81.759 Z4.008 E1155.48794 ; infill
G1 X133.430 Y81.759 Z4.063 E1155.55672 ; infill
G1 X134.560 Y81.759 Z4.124 E1155.60014 ; infill
G1 X134.752 Y81.301 Z4.123 E1155.61923 ; infill
G1 X133.617 Y81.301 Z4.061 E1155.66286 ; infill
G1 X131.823 Y81.301 Z4.006 E1155.73185 ; infill
G1 X130.165 Y81.301 Z3.997 E1155.79561 ; infill
G1 X128.622 Y81.301 Z4.032 E1155.85494 ; infill
G1 X127.173 Y81.301 Z4.106 E1155.91067 ; infill
G1 X125.796 Y81.301 Z4.214 E1155.96361 ; infill
G1 X123.174 Y81.301 Z4.517 E1156.06443 ; infill
G1 X120.587 Y81.301 Z4.907 E1156.16393 ; infill
G1 X116.424 Y81.301 Z5.579 E1156.32404 ; infill
G1 X113.223 Y81.301 Z6.036 E1156.44717 ; infill
G1 X111.433 Y81.301 Z6.256 E1156.51598 ; infill
G1 X109.493 Y81.301 Z6.464 E1156.59059 ; infill
G1 X107.382 Y81.301 Z6.656 E1156.67177 ; infill
G1 X105.080 Y81.301 Z6.829 E1156.76030 ; infill
G1 X101.224 Y81.301 Z7.043 E1156.90853 ; infill
G1 X98.357 Y81.301 Z7.150 E1157.01879 ; infill
G1 X93.559 Y81.301 Z7.248 E1157.20328 ; infill
G1 X89.998 Y81.301 Z7.266 E1157.34018 ; infill
G1 X84.769 Y81.301 Z7.224 E1157.54126 ; infill
G1 X80.174 Y81.301 Z7.100 E1157.71793 ; infill
G1 X76.146 Y81.301 Z6.907 E1157.87283 ; infill
G1 X72.614 Y81.301 Z6.656 E1158.00861 ; infill
G1 X70.503 Y81.301 Z6.464 E1158.08979 ; infill
G1 X68.563 Y81.301 Z6.256 E1158.16440 ; infill
G1 X66.773 Y81.301 Z6.036 E1158.23321 ; infill
G1 X63.572 Y81.301 Z5.579 E1158.35634 ; infill
G1 X59.409 Y81.301 Z4.907 E1158.51645 ; infill
G1 X56.822 Y81.301 Z4.517 E1158.61596 ; infill
G1 X54.200 Y81.301 Z4.214 E1158.71678 ; infill
G1 X52.823 Y81.301 Z4.106 E1158.76972 ; infill
G1 X51.374 Y81.301 Z4.032 E1158.82545 ; infill
G1 X49.831 Y81.301 Z3.997 E1158.88479 ; infill
G1 X48.172 Y81.301 Z4.006 E1158.94855 ; infill
G1 X46.378 Y81.301 Z4.061 E1159.01754 ; infill
G1 X45.234 Y81.301 Z4.124 E1159.06153 ; infill
G1 X45.051 Y80.843 Z4.124 E1159.08049 ; infill
G1 X46.193 Y80.843 Z4.060 E1159.12440 ; infill
G1 X47.991 Y80.843 Z4.003 E1159.19353 ; infill
G1 X49.654 Y80.843 Z3.994 E1159.25748 ; infill
G1 X51.202 Y80.843 Z4.029 E1159.31700 ; infill
G1 X52.656 Y80.843 Z4.103 E1159.37289 ; infill
G1 X54.037 Y80.843 Z4.211 E1159.42599 ; infill
G1 X56.664 Y80.843 Z4.515 E1159.52702 ; infill
G1 X59.252 Y80.843 Z4.906 E1159.62656 ; infill
G1 X63.431 Y80.843 Z5.580 E1159.78731 ; infill
G1 X66.646 Y80.843 Z6.040 E1159.91095 ; infill
G1 X68.442 Y80.843 Z6.261 E1159.98003 ; infill
G1 X70.391 Y80.843 Z6.470 E1160.05497 ; infill
G1 X72.514 Y80.843 Z6.663 E1160.13661 ; infill
G1 X74.830 Y80.843 Z6.837 E1160.22563 ; infill
G1 X78.707 Y80.843 Z7.052 E1160.37471 ; infill
G1 X81.591 Y80.843 Z7.160 E1160.48560 ; infill
G1 X86.417 Y80.843 Z7.259 E1160.67117 ; infill
G1 X89.998 Y80.843 Z7.277 E1160.80888 ; infill
G1 X95.258 Y80.843 Z7.235 E1161.01113 ; infill
G1 X99.879 Y80.843 Z7.110 E1161.18880 ; infill
G1 X103.931 Y80.843 Z6.915 E1161.34459 ; infill
G1 X107.482 Y80.843 Z6.663 E1161.48113 ; infill
G1 X109.605 Y80.843 Z6.470 E1161.56276 ; infill
G1 X111.554 Y80.843 Z6.261 E1161.63771 ; infill
G1 X113.350 Y80.843 Z6.040 E1161.70679 ; infill
G1 X116.565 Y80.843 Z5.580 E1161.83043 ; infill
G1 X120.744 Y80.843 Z4.906 E1161.99117 ; infill
G1 X123.332 Y80.843 Z4.515 E1162.09071 ; infill
G1 X125.959 Y80.843 Z4.211 E1162.19174 ; infill
G1 X127.340 Y80.843 Z4.103 E1162.24483 ; infill
G1 X128.794 Y80.843 Z4.029 E1162.30073 ; infill
G1 X130.342 Y80.843 Z3.994 E1162.36024 ; infill
G1 X132.005 Y80.843 Z4.003 E1162.42419 ; infill
G1 X133.802 Y80.843 Z4.060 E1162.49331 ; infill
G1 X134.944 Y80.843 Z4.123 E1162.53722 ; infill
G1 X135.137 Y80.385 Z4.123 E1162.55631 ; infill
G1 X133.971 Y80.385 Z4.059 E1162.60114 ; infill
G1 X132.170 Y80.385 Z4.001 E1162.67036 ; infill
G1 X130.507 Y80.385 Z3.992 E1162.73430 ; infill
G1 X128.960 Y80.385 Z4.026 E1162.79381 ; infill
G1 X127.507 Y80.385 Z4.099 E1162.84969 ; infill
G1 X126.123 Y80.385 Z4.208 E1162.90289 ; infill
G1 X123.488 Y80.385 Z4.512 E1163.00423 ; infill
G1 X120.891 Y80.385 Z4.904 E1163.10408 ; infill
G1 X116.705 Y80.385 Z5.582 E1163.26509 ; infill
G1 X113.476 Y80.385 Z6.044 E1163.38929 ; infill
G1 X111.671 Y80.385 Z6.266 E1163.45871 ; infill
G1 X109.712 Y80.385 Z6.476 E1163.53403 ; infill
G1 X107.579 Y80.385 Z6.671 E1163.61604 ; infill
G1 X105.252 Y80.385 Z6.845 E1163.70550 ; infill
G1 X101.354 Y80.385 Z7.062 E1163.85539 ; infill
G1 X98.454 Y80.385 Z7.171 E1163.96692 ; infill
G1 X93.600 Y80.385 Z7.270 E1164.15355 ; infill
G1 X89.998 Y80.385 Z7.288 E1164.29204 ; infill
G1 X84.708 Y80.385 Z7.246 E1164.49547 ; infill
G1 X80.060 Y80.385 Z7.120 E1164.67417 ; infill
G1 X75.986 Y80.385 Z6.924 E1164.83082 ; infill
G1 X72.417 Y80.385 Z6.670 E1164.96806 ; infill
G1 X70.284 Y80.385 Z6.476 E1165.05007 ; infill
G1 X68.325 Y80.385 Z6.266 E1165.12539 ; infill
G1 X66.520 Y80.385 Z6.044 E1165.19481 ; infill
G1 X63.291 Y80.385 Z5.582 E1165.31901 ; infill
G1 X59.105 Y80.385 Z4.904 E1165.48003 ; infill
G1 X56.508 Y80.385 Z4.512 E1165.57988 ; infill
G1 X53.873 Y80.385 Z4.208 E1165.68122 ; infill
G1 X52.489 Y80.385 Z4.099 E1165.73442 ; infill
G1 X51.036 Y80.385 Z4.026 E1165.79031 ; infill
G1 X49.488 Y80.385 Z3.992 E1165.84982 ; infill
G1 X47.825 Y80.385 Z4.001 E1165.91377 ; infill
G1 X46.025 Y80.385 Z4.059 E1165.98299 ; infill
G1 X44.868 Y80.385 Z4.124 E1166.02748 ; infill
G1 X44.685 Y79.927 Z4.123 E1166.04644 ; infill
G1 X45.857 Y79.927 Z4.058 E1166.09150 ; infill
G1 X47.662 Y79.927 Z3.999 E1166.16090 ; infill
G1 X49.329 Y79.927 Z3.989 E1166.22502 ; infill
G1 X50.880 Y79.927 Z4.023 E1166.28467 ; infill
G1 X52.337 Y79.927 Z4.096 E1166.34069 ; infill
G1 X53.721 Y79.927 Z4.205 E1166.39390 ; infill
G1 X56.355 Y79.927 Z4.510 E1166.49518 ; infill
G1 X58.957 Y79.927 Z4.903 E1166.59526 ; infill
G1 X63.158 Y79.927 Z5.584 E1166.75686 ; infill
G1 X66.397 Y79.927 Z6.048 E1166.88139 ; infill
G1 X68.208 Y79.927 Z6.271 E1166.95106 ; infill
G1 X70.177 Y79.927 Z6.482 E1167.02677 ; infill
G1 X72.321 Y79.927 Z6.678 E1167.10920 ; infill
G1 X74.660 Y79.927 Z6.853 E1167.19913 ; infill
G1 X78.579 Y79.927 Z7.071 E1167.34982 ; infill
G1 X81.495 Y79.927 Z7.181 E1167.46195 ; infill
G1 X86.376 Y79.927 Z7.281 E1167.64962 ; infill
G1 X89.998 Y79.927 Z7.299 E1167.78892 ; infill
G1 X95.319 Y79.927 Z7.257 E1167.99349 ; infill
G1 X99.992 Y79.927 Z7.130 E1168.17317 ; infill
G1 X104.088 Y79.927 Z6.933 E1168.33066 ; infill
G1 X107.675 Y79.927 Z6.678 E1168.46862 ; infill
G1 X109.819 Y79.927 Z6.482 E1168.55105 ; infill
G1 X111.788 Y79.927 Z6.271 E1168.62675 ; infill
G1 X113.600 Y79.927 Z6.048 E1168.69642 ; infill
G1 X116.838 Y79.927 Z5.584 E1168.82096 ; infill
G1 X121.039 Y79.927 Z4.903 E1168.98255 ; infill
G1 X123.641 Y79.927 Z4.510 E1169.08263 ; infill
G1 X126.275 Y79.927 Z4.205 E1169.18391 ; infill
G1 X127.659 Y79.927 Z4.096 E1169.23712 ; infill
G1 X129.115 Y79.927 Z4.023 E1169.29313 ; infill
G1 X130.667 Y79.927 Z3.989 E1169.35278 ; infill
G1 X132.334 Y79.927 Z3.999 E1169.41689 ; infill
G1 X134.139 Y79.927 Z4.058 E1169.48629 ; infill
G1 X135.308 Y79.927 Z4.123 E1169.53124 ; infill
G1 X135.478 Y79.470 Z4.123 E1169.55002 ; infill
G1 X134.304 Y79.470 Z4.056 E1169.59517 ; infill
G1 X132.497 Y79.470 Z3.997 E1169.66463 ; infill
G1 X130.826 Y79.470 Z3.987 E1169.72890 ; infill
G1 X129.271 Y79.470 Z4.020 E1169.78870 ; infill
G1 X127.811 Y79.470 Z4.093 E1169.84485 ; infill
G1 X126.424 Y79.470 Z4.202 E1169.89818 ; infill
G1 X123.784 Y79.470 Z4.508 E1169.99969 ; infill
G1 X121.180 Y79.470 Z4.902 E1170.09982 ; infill
G1 X116.970 Y79.470 Z5.586 E1170.26176 ; infill
G1 X113.719 Y79.470 Z6.052 E1170.38680 ; infill
G1 X111.899 Y79.470 Z6.276 E1170.45677 ; infill
G1 X109.923 Y79.470 Z6.488 E1170.53276 ; infill
G1 X107.770 Y79.470 Z6.685 E1170.61553 ; infill
G1 X105.420 Y79.470 Z6.862 E1170.70589 ; infill
G1 X101.481 Y79.470 Z7.081 E1170.85738 ; infill
G1 X98.549 Y79.470 Z7.191 E1170.97012 ; infill
G1 X93.641 Y79.470 Z7.292 E1171.15883 ; infill
G1 X89.998 Y79.470 Z7.310 E1171.29889 ; infill
G1 X84.648 Y79.470 Z7.267 E1171.50461 ; infill
G1 X79.949 Y79.470 Z7.140 E1171.68528 ; infill
G1 X75.831 Y79.470 Z6.941 E1171.84362 ; infill
G1 X72.226 Y79.470 Z6.685 E1171.98226 ; infill
G1 X70.073 Y79.470 Z6.488 E1172.06504 ; infill
G1 X68.097 Y79.470 Z6.276 E1172.14102 ; infill
G1 X66.277 Y79.470 Z6.052 E1172.21100 ; infill
G1 X63.026 Y79.470 Z5.586 E1172.33604 ; infill
G1 X58.816 Y79.470 Z4.902 E1172.49798 ; infill
G1 X56.212 Y79.470 Z4.508 E1172.59811 ; infill
G1 X53.572 Y79.470 Z4.202 E1172.69963 ; infill
G1 X52.185 Y79.470 Z4.093 E1172.75296 ; infill
G1 X50.725 Y79.470 Z4.020 E1172.80911 ; infill
G1 X49.170 Y79.470 Z3.987 E1172.86891 ; infill
G1 X47.498 Y79.470 Z3.997 E1172.93319 ; infill
G1 X45.692 Y79.470 Z4.056 E1173.00265 ; infill
G1 X44.512 Y79.470 Z4.123 E1173.04800 ; infill
G1 X44.353 Y79.012 Z4.123 E1173.06664 ; infill
G1 X45.541 Y79.012 Z4.055 E1173.11234 ; infill
G1 X47.351 Y79.012 Z3.995 E1173.18194 ; infill
G1 X49.023 Y79.012 Z3.984 E1173.24621 ; infill
G1 X50.577 Y79.012 Z4.017 E1173.30599 ; infill
G1 X52.037 Y79.012 Z4.090 E1173.36212 ; infill
G1 X53.424 Y79.012 Z4.199 E1173.41543 ; infill
G1 X56.070 Y79.012 Z4.505 E1173.51719 ; infill
G1 X58.680 Y79.012 Z4.901 E1173.61758 ; infill
G1 X62.898 Y79.012 Z5.587 E1173.77983 ; infill
G1 X66.158 Y79.012 Z6.056 E1173.90520 ; infill
G1 X67.986 Y79.012 Z6.281 E1173.97548 ; infill
G1 X69.971 Y79.012 Z6.495 E1174.05181 ; infill
G1 X72.134 Y79.012 Z6.692 E1174.13498 ; infill
G1 X74.495 Y79.012 Z6.870 E1174.22577 ; infill
G1 X78.454 Y79.012 Z7.091 E1174.37799 ; infill
G1 X81.401 Y79.012 Z7.201 E1174.49131 ; infill
G1 X86.335 Y79.012 Z7.303 E1174.68105 ; infill
G1 X89.998 Y79.012 Z7.321 E1174.82189 ; infill
G1 X95.378 Y79.012 Z7.278 E1175.02874 ; infill
G1 X100.101 Y79.012 Z7.150 E1175.21037 ; infill
G1 X104.240 Y79.012 Z6.950 E1175.36949 ; infill
G1 X107.863 Y79.012 Z6.692 E1175.50879 ; infill
G1 X110.025 Y79.012 Z6.495 E1175.59196 ; infill
G1 X112.010 Y79.012 Z6.281 E1175.66828 ; infill
G1 X113.838 Y79.012 Z6.056 E1175.73856 ; infill
G1 X117.098 Y79.012 Z5.587 E1175.86393 ; infill
G1 X121.316 Y79.012 Z4.901 E1176.02618 ; infill
G1 X123.926 Y79.012 Z4.505 E1176.12656 ; infill
G1 X126.572 Y79.012 Z4.199 E1176.22832 ; infill
G1 X127.959 Y79.012 Z4.090 E1176.28163 ; infill
G1 X129.418 Y79.012 Z4.017 E1176.33775 ; infill
G1 X130.973 Y79.012 Z3.984 E1176.39753 ; infill
G1 X132.644 Y79.012 Z3.995 E1176.46180 ; infill
G1 X134.454 Y79.012 Z4.055 E1176.53139 ; infill
G1 X135.648 Y79.012 Z4.123 E1176.57731 ; infill
G1 X135.805 Y78.554 Z4.123 E1176.59592 ; infill
G1 X134.605 Y78.554 Z4.054 E1176.64208 ; infill
G1 X132.791 Y78.554 Z3.993 E1176.71183 ; infill
G1 X131.116 Y78.554 Z3.982 E1176.77623 ; infill
G1 X129.558 Y78.554 Z4.014 E1176.83613 ; infill
G1 X128.095 Y78.554 Z4.087 E1176.89236 ; infill
G1 X126.707 Y78.554 Z4.196 E1176.94576 ; infill
G1 X124.063 Y78.554 Z4.503 E1177.04743 ; infill
G1 X121.452 Y78.554 Z4.900 E1177.14785 ; infill
G1 X117.221 Y78.554 Z5.589 E1177.31058 ; infill
G1 X113.951 Y78.554 Z6.060 E1177.43635 ; infill
G1 X112.118 Y78.554 Z6.286 E1177.50683 ; infill
G1 X110.126 Y78.554 Z6.501 E1177.58342 ; infill
G1 X107.955 Y78.554 Z6.699 E1177.66692 ; infill
G1 X105.582 Y78.554 Z6.878 E1177.75816 ; infill
G1 X101.603 Y78.554 Z7.100 E1177.91114 ; infill
G1 X98.641 Y78.554 Z7.211 E1178.02504 ; infill
G1 X93.681 Y78.554 Z7.313 E1178.21577 ; infill
G1 X89.998 Y78.554 Z7.332 E1178.35737 ; infill
G1 X84.590 Y78.554 Z7.289 E1178.56533 ; infill
G1 X79.841 Y78.554 Z7.160 E1178.74791 ; infill
G1 X75.682 Y78.554 Z6.959 E1178.90784 ; infill
G1 X72.041 Y78.554 Z6.699 E1179.04782 ; infill
G1 X69.870 Y78.554 Z6.501 E1179.13133 ; infill
G1 X67.878 Y78.554 Z6.286 E1179.20792 ; infill
G1 X66.045 Y78.554 Z6.060 E1179.27839 ; infill
G1 X62.775 Y78.554 Z5.589 E1179.40417 ; infill
G1 X58.544 Y78.554 Z4.900 E1179.56690 ; infill
G1 X55.933 Y78.554 Z4.503 E1179.66732 ; infill
G1 X53.289 Y78.554 Z4.196 E1179.76899 ; infill
G1 X51.900 Y78.554 Z4.087 E1179.82240 ; infill
G1 X50.438 Y78.554 Z4.014 E1179.87863 ; infill
G1 X48.880 Y78.554 Z3.982 E1179.93853 ; infill
G1 X47.205 Y78.554 Z3.993 E1180.00294 ; infill
G1 X45.391 Y78.554 Z4.054 E1180.07269 ; infill
G1 X44.193 Y78.554 Z4.123 E1180.11875 ; infill
G1 X44.033 Y78.096 Z4.123 E1180.13740 ; infill
G1 X45.243 Y78.096 Z4.053 E1180.18393 ; infill
G1 X47.059 Y78.096 Z3.991 E1180.25373 ; infill
G1 X48.737 Y78.096 Z3.979 E1180.31827 ; infill
G1 X50.298 Y78.096 Z4.012 E1180.37829 ; infill
G1 X51.764 Y78.096 Z4.084 E1180.43463 ; infill
G1 X53.155 Y78.096 Z4.193 E1180.48814 ; infill
G1 X55.804 Y78.096 Z4.501 E1180.58999 ; infill
G1 X58.418 Y78.096 Z4.899 E1180.69054 ; infill
G1 X62.652 Y78.096 Z5.591 E1180.85338 ; infill
G1 X65.933 Y78.096 Z6.064 E1180.97959 ; infill
G1 X67.773 Y78.096 Z6.291 E1181.05033 ; infill
G1 X69.773 Y78.096 Z6.507 E1181.12723 ; infill
G1 X71.954 Y78.096 Z6.706 E1181.21109 ; infill
G1 X74.336 Y78.096 Z6.886 E1181.30269 ; infill
G1 X78.333 Y78.096 Z7.109 E1181.45637 ; infill
G1 X81.310 Y78.096 Z7.221 E1181.57084 ; infill
G1 X86.296 Y78.096 Z7.324 E1181.76257 ; infill
G1 X89.998 Y78.096 Z7.343 E1181.90492 ; infill
G1 X95.435 Y78.096 Z7.299 E1182.11398 ; infill
G1 X100.208 Y78.096 Z7.169 E1182.29750 ; infill
G1 X104.387 Y78.096 Z6.967 E1182.45819 ; infill
G1 X108.043 Y78.096 Z6.706 E1182.59875 ; infill
G1 X110.223 Y78.096 Z6.507 E1182.68260 ; infill
G1 X112.223 Y78.096 Z6.291 E1182.75950 ; infill
G1 X114.063 Y78.096 Z6.064 E1182.83025 ; infill
G1 X117.345 Y78.096 Z5.591 E1182.95645 ; infill
G1 X121.578 Y78.096 Z4.899 E1183.11929 ; infill
G1 X124.192 Y78.096 Z4.501 E1183.21984 ; infill
G1 X126.841 Y78.096 Z4.193 E1183.32169 ; infill
G1 X128.232 Y78.096 Z4.084 E1183.37519 ; infill
G1 X129.697 Y78.096 Z4.012 E1183.43153 ; infill
G1 X131.258 Y78.096 Z3.979 E1183.49154 ; infill
G1 X132.937 Y78.096 Z3.991 E1183.55608 ; infill
G1 X134.752 Y78.096 Z4.053 E1183.62588 ; infill
G1 X135.954 Y78.096 Z4.123 E1183.67210 ; infill
G1 X136.103 Y77.638 Z4.122 E1183.69062 ; infill
G1 X134.885 Y77.638 Z4.051 E1183.73746 ; infill
G1 X133.067 Y77.638 Z3.989 E1183.80737 ; infill
G1 X131.389 Y77.638 Z3.977 E1183.87190 ; infill
G1 X129.828 Y77.638 Z4.009 E1183.93189 ; infill
G1 X128.364 Y77.638 Z4.081 E1183.98820 ; infill
G1 X126.973 Y77.638 Z4.190 E1184.04167 ; infill
G1 X124.322 Y77.638 Z4.499 E1184.14364 ; infill
G1 X121.702 Y77.638 Z4.898 E1184.24438 ; infill
G1 X117.459 Y77.638 Z5.592 E1184.40759 ; infill
G1 X114.172 Y77.638 Z6.068 E1184.53401 ; infill
G1 X112.328 Y77.638 Z6.296 E1184.60494 ; infill
G1 X110.320 Y77.638 Z6.513 E1184.68212 ; infill
G1 X108.130 Y77.638 Z6.714 E1184.76633 ; infill
G1 X105.737 Y77.638 Z6.894 E1184.85834 ; infill
G1 X101.722 Y77.638 Z7.119 E1185.01274 ; infill
G1 X98.731 Y77.638 Z7.232 E1185.12776 ; infill
G1 X93.719 Y77.638 Z7.335 E1185.32044 ; infill
G1 X89.998 Y77.638 Z7.354 E1185.46353 ; infill
G1 X84.533 Y77.638 Z7.310 E1185.67367 ; infill
G1 X79.737 Y77.638 Z7.179 E1185.85809 ; infill
G1 X75.538 Y77.638 Z6.976 E1186.01955 ; infill
G1 X71.866 Y77.638 Z6.714 E1186.16074 ; infill
G1 X69.676 Y77.638 Z6.513 E1186.24495 ; infill
G1 X67.669 Y77.638 Z6.296 E1186.32214 ; infill
G1 X65.824 Y77.638 Z6.067 E1186.39307 ; infill
G1 X62.537 Y77.638 Z5.592 E1186.51948 ; infill
G1 X58.294 Y77.638 Z4.898 E1186.68269 ; infill
G1 X55.674 Y77.638 Z4.498 E1186.78344 ; infill
G1 X53.022 Y77.638 Z4.190 E1186.88542 ; infill
G1 X51.632 Y77.638 Z4.081 E1186.93888 ; infill
G1 X50.167 Y77.638 Z4.009 E1186.99519 ; infill
G1 X48.607 Y77.638 Z3.977 E1187.05519 ; infill
G1 X46.929 Y77.638 Z3.989 E1187.11972 ; infill
G1 X45.110 Y77.638 Z4.051 E1187.18964 ; infill
G1 X43.894 Y77.638 Z4.122 E1187.23642 ; infill
G1 X43.757 Y77.180 Z4.122 E1187.25479 ; infill
G1 X44.977 Y77.180 Z4.050 E1187.30171 ; infill
G1 X46.799 Y77.180 Z3.987 E1187.37176 ; infill
G1 X48.480 Y77.180 Z3.974 E1187.43641 ; infill
G1 X50.043 Y77.180 Z4.006 E1187.49650 ; infill
G1 X51.510 Y77.180 Z4.079 E1187.55290 ; infill
G1 X52.902 Y77.180 Z4.187 E1187.60644 ; infill
G1 X55.553 Y77.180 Z4.496 E1187.70837 ; infill
G1 X58.171 Y77.180 Z4.897 E1187.80906 ; infill
G1 X62.422 Y77.180 Z5.594 E1187.97259 ; infill
G1 X65.719 Y77.180 Z6.071 E1188.09938 ; infill
G1 X67.570 Y77.180 Z6.301 E1188.17054 ; infill
G1 X69.583 Y77.180 Z6.519 E1188.24797 ; infill
G1 X71.781 Y77.180 Z6.721 E1188.33246 ; infill
G1 X74.183 Y77.180 Z6.902 E1188.42482 ; infill
G1 X78.216 Y77.180 Z7.128 E1188.57989 ; infill
G1 X81.222 Y77.180 Z7.242 E1188.69547 ; infill
G1 X86.258 Y77.180 Z7.346 E1188.88912 ; infill
G1 X89.998 Y77.180 Z7.365 E1189.03294 ; infill
G1 X93.738 Y77.180 Z7.346 E1189.17676 ; infill
G1 X98.775 Y77.180 Z7.242 E1189.37041 ; infill
G1 X101.781 Y77.180 Z7.128 E1189.48598 ; infill
G1 X105.813 Y77.180 Z6.902 E1189.64105 ; infill
G1 X108.216 Y77.180 Z6.721 E1189.73342 ; infill
G1 X110.413 Y77.180 Z6.519 E1189.81791 ; infill
G1 X112.426 Y77.180 Z6.301 E1189.89533 ; infill
G1 X114.277 Y77.180 Z6.071 E1189.96649 ; infill
G1 X117.574 Y77.180 Z5.594 E1190.09329 ; infill
G1 X121.825 Y77.180 Z4.897 E1190.25681 ; infill
G1 X124.443 Y77.180 Z4.496 E1190.35750 ; infill
G1 X127.094 Y77.180 Z4.187 E1190.45943 ; infill
G1 X128.486 Y77.180 Z4.079 E1190.51297 ; infill
G1 X129.952 Y77.180 Z4.006 E1190.56936 ; infill
G1 X131.515 Y77.180 Z3.974 E1190.62945 ; infill
G1 X133.196 Y77.180 Z3.987 E1190.69409 ; infill
G1 X135.018 Y77.180 Z4.050 E1190.76413 ; infill
G1 X136.247 Y77.180 Z4.122 E1190.81140 ; infill
G1 X136.375 Y76.722 Z4.122 E1190.82968 ; infill
G1 X135.150 Y76.722 Z4.049 E1190.87681 ; infill
G1 X133.326 Y76.722 Z3.985 E1190.94693 ; infill
G1 X131.642 Y76.722 Z3.972 E1191.01168 ; infill
G1 X130.077 Y76.722 Z4.003 E1191.07187 ; infill
G1 X128.608 Y76.722 Z4.076 E1191.12834 ; infill
G1 X127.214 Y76.722 Z4.185 E1191.18196 ; infill
G1 X124.560 Y76.722 Z4.494 E1191.28402 ; infill
G1 X121.938 Y76.722 Z4.896 E1191.38484 ; infill
G1 X117.685 Y76.722 Z5.596 E1191.54845 ; infill
G1 X114.382 Y76.722 Z6.075 E1191.67548 ; infill
G1 X112.525 Y76.722 Z6.306 E1191.74688 ; infill
G1 X110.504 Y76.722 Z6.525 E1191.82458 ; infill
G1 X108.299 Y76.722 Z6.728 E1191.90939 ; infill
G1 X104.597 Y76.722 Z6.993 E1192.05172 ; infill
G1 X100.361 Y76.722 Z7.199 E1192.21461 ; infill
G1 X95.518 Y76.722 Z7.331 E1192.40080 ; infill
G1 X89.998 Y76.722 Z7.376 E1192.61306 ; infill
G1 X86.239 Y76.722 Z7.357 E1192.75760 ; infill
G1 X81.179 Y76.722 Z7.252 E1192.95218 ; infill
G1 X78.160 Y76.722 Z7.138 E1193.06827 ; infill
G1 X74.109 Y76.722 Z6.910 E1193.22400 ; infill
G1 X71.698 Y76.722 Z6.728 E1193.31674 ; infill
G1 X69.492 Y76.722 Z6.525 E1193.40156 ; infill
G1 X67.471 Y76.722 Z6.306 E1193.47926 ; infill
G1 X65.614 Y76.722 Z6.075 E1193.55066 ; infill
G1 X62.311 Y76.722 Z5.596 E1193.67769 ; infill
G1 X58.058 Y76.722 Z4.896 E1193.84129 ; infill
G1 X55.436 Y76.722 Z4.494 E1193.94212 ; infill
G1 X52.782 Y76.722 Z4.185 E1194.04419 ; infill
G1 X51.388 Y76.722 Z4.076 E1194.09780 ; infill
G1 X49.919 Y76.722 Z4.003 E1194.15428 ; infill
G1 X48.354 Y76.722 Z3.972 E1194.21447 ; infill
G1 X46.669 Y76.722 Z3.985 E1194.27923 ; infill
G1 X44.846 Y76.722 Z4.049 E1194.34935 ; infill
G1 X43.620 Y76.722 Z4.122 E1194.39647 ; infill
G1 X43.487 Y76.265 Z4.121 E1194.41481 ; infill
G1 X44.730 Y76.265 Z4.048 E1194.46259 ; infill
G1 X46.555 Y76.265 Z3.984 E1194.53278 ; infill
G1 X48.239 Y76.265 Z3.969 E1194.59753 ; infill
G1 X49.804 Y76.265 Z4.000 E1194.65769 ; infill
G1 X51.272 Y76.265 Z4.073 E1194.71413 ; infill
G1 X52.665 Y76.265 Z4.182 E1194.76771 ; infill
G1 X55.320 Y76.265 Z4.492 E1194.86980 ; infill
G1 X57.945 Y76.265 Z4.895 E1194.97076 ; infill
G1 X62.206 Y76.265 Z5.597 E1195.13467 ; infill
G1 X65.516 Y76.265 Z6.079 E1195.26197 ; infill
G1 X67.377 Y76.265 Z6.311 E1195.33351 ; infill
G1 X69.402 Y76.265 Z6.531 E1195.41142 ; infill
G1 X71.615 Y76.265 Z6.735 E1195.49650 ; infill
G1 X75.331 Y76.265 Z7.001 E1195.63938 ; infill
G1 X79.586 Y76.265 Z7.209 E1195.80299 ; infill
G1 X84.451 Y76.265 Z7.342 E1195.99005 ; infill
G1 X89.998 Y76.265 Z7.388 E1196.20335 ; infill
G1 X93.776 Y76.265 Z7.368 E1196.34859 ; infill
G1 X98.860 Y76.265 Z7.262 E1196.54408 ; infill
G1 X101.893 Y76.265 Z7.147 E1196.66070 ; infill
G1 X105.960 Y76.265 Z6.918 E1196.81710 ; infill
G1 X108.381 Y76.265 Z6.735 E1196.91018 ; infill
G1 X110.594 Y76.265 Z6.531 E1196.99526 ; infill
G1 X112.620 Y76.265 Z6.311 E1197.07317 ; infill
G1 X114.480 Y76.265 Z6.079 E1197.14471 ; infill
G1 X117.790 Y76.265 Z5.597 E1197.27201 ; infill
G1 X122.051 Y76.265 Z4.895 E1197.43591 ; infill
G1 X124.676 Y76.265 Z4.492 E1197.53687 ; infill
G1 X127.331 Y76.265 Z4.182 E1197.63896 ; infill
G1 X128.724 Y76.265 Z4.073 E1197.69254 ; infill
G1 X130.192 Y76.265 Z4.000 E1197.74897 ; infill
G1 X131.757 Y76.265 Z3.969 E1197.80914 ; infill
G1 X133.441 Y76.265 Z3.983 E1197.87388 ; infill
G1 X135.266 Y76.265 Z4.048 E1197.94406 ; infill
G1 X136.504 Y76.265 Z4.122 E1197.99166 ; infill
G1 X136.632 Y75.807 Z4.122 E1198.00994 ; infill
G1 X135.382 Y75.807 Z4.047 E1198.05800 ; infill
G1 X133.554 Y75.807 Z3.982 E1198.12830 ; infill
G1 X131.868 Y75.807 Z3.967 E1198.19313 ; infill
G1 X130.301 Y75.807 Z3.998 E1198.25336 ; infill
G1 X128.832 Y75.807 Z4.070 E1198.30986 ; infill
G1 X127.437 Y75.807 Z4.179 E1198.36349 ; infill
G1 X124.783 Y75.807 Z4.490 E1198.46556 ; infill
G1 X122.160 Y75.807 Z4.894 E1198.56644 ; infill
G1 X117.895 Y75.807 Z5.599 E1198.73047 ; infill
G1 X114.577 Y75.807 Z6.083 E1198.85807 ; infill
G1 X112.712 Y75.807 Z6.315 E1198.92982 ; infill
G1 X110.680 Y75.807 Z6.537 E1199.00796 ; infill
G1 X108.459 Y75.807 Z6.742 E1199.09333 ; infill
G1 X104.730 Y75.807 Z7.010 E1199.23672 ; infill
G1 X100.458 Y75.807 Z7.218 E1199.40098 ; infill
G1 X95.572 Y75.807 Z7.353 E1199.58887 ; infill
G1 X89.998 Y75.807 Z7.399 E1199.80318 ; infill
G1 X86.202 Y75.807 Z7.378 E1199.94913 ; infill
G1 X81.095 Y75.807 Z7.272 E1200.14552 ; infill
G1 X78.049 Y75.807 Z7.156 E1200.26264 ; infill
G1 X73.966 Y75.807 Z6.926 E1200.41963 ; infill
G1 X71.537 Y75.807 Z6.742 E1200.51304 ; infill
G1 X69.317 Y75.807 Z6.537 E1200.59841 ; infill
G1 X67.284 Y75.807 Z6.315 E1200.67656 ; infill
G1 X65.419 Y75.807 Z6.082 E1200.74831 ; infill
G1 X62.101 Y75.807 Z5.599 E1200.87592 ; infill
G1 X57.836 Y75.807 Z4.894 E1201.03995 ; infill
G1 X55.213 Y75.807 Z4.490 E1201.14083 ; infill
G1 X52.559 Y75.807 Z4.179 E1201.24290 ; infill
G1 X51.164 Y75.807 Z4.070 E1201.29653 ; infill
G1 X49.695 Y75.807 Z3.998 E1201.35303 ; infill
G1 X48.128 Y75.807 Z3.967 E1201.41327 ; infill
G1 X46.442 Y75.807 Z3.982 E1201.47811 ; infill
G1 X44.613 Y75.807 Z4.047 E1201.54841 ; infill
G1 X43.369 Y75.807 Z4.121 E1201.59626 ; infill
G1 X43.251 Y75.349 Z4.121 E1201.61443 ; infill
G1 X44.497 Y75.349 Z4.046 E1201.66235 ; infill
G1 X46.329 Y75.349 Z3.980 E1201.73277 ; infill
G1 X48.017 Y75.349 Z3.964 E1201.79769 ; infill
G1 X49.586 Y75.349 Z3.995 E1201.85801 ; infill
G1 X51.057 Y75.349 Z4.067 E1201.91457 ; infill
G1 X52.453 Y75.349 Z4.176 E1201.96825 ; infill
G1 X55.109 Y75.349 Z4.487 E1202.07040 ; infill
G1 X57.735 Y75.349 Z4.893 E1202.17137 ; infill
G1 X62.002 Y75.349 Z5.600 E1202.33552 ; infill
G1 X65.324 Y75.349 Z6.086 E1202.46327 ; infill
G1 X67.193 Y75.349 Z6.320 E1202.53515 ; infill
G1 X69.231 Y75.349 Z6.542 E1202.61351 ; infill
G1 X71.458 Y75.349 Z6.749 E1202.69917 ; infill
G1 X75.201 Y75.349 Z7.018 E1202.84309 ; infill
G1 X79.491 Y75.349 Z7.228 E1203.00802 ; infill
G1 X84.399 Y75.349 Z7.363 E1203.19674 ; infill
G1 X89.998 Y75.349 Z7.410 E1203.41204 ; infill
G1 X93.812 Y75.349 Z7.389 E1203.55867 ; infill
G1 X98.942 Y75.349 Z7.282 E1203.75593 ; infill
G1 X102.000 Y75.349 Z7.166 E1203.87354 ; infill
G1 X106.100 Y75.349 Z6.934 E1204.03115 ; infill
G1 X108.538 Y75.349 Z6.749 E1204.12491 ; infill
G1 X110.765 Y75.349 Z6.542 E1204.21056 ; infill
G1 X112.803 Y75.349 Z6.320 E1204.28892 ; infill
G1 X114.672 Y75.349 Z6.086 E1204.36081 ; infill
G1 X117.994 Y75.349 Z5.600 E1204.48855 ; infill
G1 X122.261 Y75.349 Z4.893 E1204.65270 ; infill
G1 X124.887 Y75.349 Z4.487 E1204.75366 ; infill
G1 X127.543 Y75.349 Z4.176 E1204.85582 ; infill
G1 X128.939 Y75.349 Z4.067 E1204.90949 ; infill
G1 X130.410 Y75.349 Z3.995 E1204.96605 ; infill
G1 X131.978 Y75.349 Z3.964 E1205.02636 ; infill
G1 X133.667 Y75.349 Z3.980 E1205.09129 ; infill
G1 X135.498 Y75.349 Z4.046 E1205.16169 ; infill
G1 X136.744 Y75.349 Z4.121 E1205.20959 ; infill
G1 X136.849 Y74.891 Z4.121 E1205.22766 ; infill
G1 X135.598 Y74.891 Z4.044 E1205.27577 ; infill
G1 X133.767 Y74.891 Z3.978 E1205.34618 ; infill
G1 X132.078 Y74.891 Z3.962 E1205.41110 ; infill
G1 X130.511 Y74.891 Z3.992 E1205.47138 ; infill
G1 X129.041 Y74.891 Z4.064 E1205.52790 ; infill
G1 X127.646 Y74.891 Z4.173 E1205.58153 ; infill
G1 X124.990 Y74.891 Z4.485 E1205.68364 ; infill
G1 X122.363 Y74.891 Z4.892 E1205.78470 ; infill
G1 X118.090 Y74.891 Z5.602 E1205.94905 ; infill
G1 X114.762 Y74.891 Z6.090 E1206.07704 ; infill
G1 X112.889 Y74.891 Z6.325 E1206.14910 ; infill
G1 X110.846 Y74.891 Z6.548 E1206.22765 ; infill
G1 X108.613 Y74.891 Z6.756 E1206.31352 ; infill
G1 X104.858 Y74.891 Z7.027 E1206.45790 ; infill
G1 X100.552 Y74.891 Z7.238 E1206.62345 ; infill
G1 X95.623 Y74.891 Z7.374 E1206.81297 ; infill
G1 X89.998 Y74.891 Z7.421 E1207.02926 ; infill
G1 X86.167 Y74.891 Z7.400 E1207.17657 ; infill
G1 X81.014 Y74.891 Z7.292 E1207.37471 ; infill
G1 X77.943 Y74.891 Z7.175 E1207.49279 ; infill
G1 X73.829 Y74.891 Z6.942 E1207.65097 ; infill
G1 X71.384 Y74.891 Z6.756 E1207.74501 ; infill
G1 X69.150 Y74.891 Z6.548 E1207.83089 ; infill
G1 X67.108 Y74.891 Z6.325 E1207.90944 ; infill
G1 X65.234 Y74.891 Z6.090 E1207.98149 ; infill
G1 X61.906 Y74.891 Z5.602 E1208.10949 ; infill
G1 X57.633 Y74.891 Z4.892 E1208.27384 ; infill
G1 X55.006 Y74.891 Z4.485 E1208.37489 ; infill
G1 X52.350 Y74.891 Z4.173 E1208.47701 ; infill
G1 X50.955 Y74.891 Z4.064 E1208.53064 ; infill
G1 X49.485 Y74.891 Z3.992 E1208.58717 ; infill
G1 X47.917 Y74.891 Z3.962 E1208.64746 ; infill
G1 X46.229 Y74.891 Z3.978 E1208.71237 ; infill
G1 X44.398 Y74.891 Z4.044 E1208.78279 ; infill
G1 X43.134 Y74.891 Z4.121 E1208.83138 ; infill
G1 X43.034 Y74.433 Z4.120 E1208.84939 ; infill
G1 X44.298 Y74.433 Z4.043 E1208.89799 ; infill
G1 X46.132 Y74.433 Z3.976 E1208.96850 ; infill
G1 X47.822 Y74.433 Z3.959 E1209.03348 ; infill
G1 X49.391 Y74.433 Z3.989 E1209.09382 ; infill
G1 X50.862 Y74.433 Z4.061 E1209.15039 ; infill
G1 X52.258 Y74.433 Z4.170 E1209.20405 ; infill
G1 X54.913 Y74.433 Z4.483 E1209.30616 ; infill
G1 X57.538 Y74.433 Z4.891 E1209.40711 ; infill
G1 X61.810 Y74.433 Z5.604 E1209.57144 ; infill
G1 X65.144 Y74.433 Z6.094 E1209.69965 ; infill
G1 X67.022 Y74.433 Z6.330 E1209.77188 ; infill
G1 X69.070 Y74.433 Z6.554 E1209.85064 ; infill
G1 X71.310 Y74.433 Z6.763 E1209.93677 ; infill
G1 X75.078 Y74.433 Z7.035 E1210.08163 ; infill
G1 X79.399 Y74.433 Z7.247 E1210.24780 ; infill
G1 X84.348 Y74.433 Z7.384 E1210.43809 ; infill
G1 X89.998 Y74.433 Z7.432 E1210.65534 ; infill
G1 X93.846 Y74.433 Z7.411 E1210.80330 ; infill
G1 X99.021 Y74.433 Z7.302 E1211.00226 ; infill
G1 X102.104 Y74.433 Z7.184 E1211.12080 ; infill
G1 X106.232 Y74.433 Z6.950 E1211.27955 ; infill
G1 X108.686 Y74.433 Z6.763 E1211.37389 ; infill
G1 X110.926 Y74.433 Z6.554 E1211.46003 ; infill
G1 X112.974 Y74.433 Z6.330 E1211.53878 ; infill
G1 X114.852 Y74.433 Z6.094 E1211.61101 ; infill
G1 X118.186 Y74.433 Z5.604 E1211.73922 ; infill
G1 X122.458 Y74.433 Z4.891 E1211.90355 ; infill
G1 X125.083 Y74.433 Z4.483 E1212.00450 ; infill
G1 X127.738 Y74.433 Z4.171 E1212.10660 ; infill
G1 X129.133 Y74.433 Z4.061 E1212.16026 ; infill
G1 X130.604 Y74.433 Z3.989 E1212.21683 ; infill
G1 X132.174 Y74.433 Z3.959 E1212.27716 ; infill
G1 X133.864 Y74.433 Z3.976 E1212.34214 ; infill
G1 X135.697 Y74.433 Z4.043 E1212.41265 ; infill
G1 X136.955 Y74.433 Z4.120 E1212.46099 ; infill
G1 X137.060 Y73.975 Z4.120 E1212.47906 ; infill
G1 X135.796 Y73.975 Z4.042 E1212.52764 ; infill
G1 X133.960 Y73.975 Z3.974 E1212.59824 ; infill
G1 X132.269 Y73.975 Z3.957 E1212.66329 ; infill
G1 X130.698 Y73.975 Z3.987 E1212.72368 ; infill
G1 X129.226 Y73.975 Z4.058 E1212.78028 ; infill
G1 X127.830 Y73.975 Z4.168 E1212.83396 ; infill
G1 X125.174 Y73.975 Z4.481 E1212.93611 ; infill
G1 X122.548 Y73.975 Z4.890 E1213.03709 ; infill
G1 X118.273 Y73.975 Z5.605 E1213.20154 ; infill
G1 X114.936 Y73.975 Z6.097 E1213.32986 ; infill
G1 X113.055 Y73.975 Z6.335 E1213.40219 ; infill
G1 X111.003 Y73.975 Z6.560 E1213.48110 ; infill
G1 X108.758 Y73.975 Z6.770 E1213.56744 ; infill
G1 X104.979 Y73.975 Z7.044 E1213.71274 ; infill
G1 X100.642 Y73.975 Z7.257 E1213.87952 ; infill
G1 X95.673 Y73.975 Z7.395 E1214.07058 ; infill
G1 X89.998 Y73.975 Z7.443 E1214.28877 ; infill
G1 X86.133 Y73.975 Z7.422 E1214.43739 ; infill
G1 X80.937 Y73.975 Z7.312 E1214.63718 ; infill
G1 X77.842 Y73.975 Z7.194 E1214.75618 ; infill
G1 X73.699 Y73.975 Z6.958 E1214.91549 ; infill
G1 X71.238 Y73.975 Z6.769 E1215.01011 ; infill
G1 X68.993 Y73.975 Z6.560 E1215.09645 ; infill
G1 X66.941 Y73.975 Z6.335 E1215.17536 ; infill
G1 X65.060 Y73.975 Z6.097 E1215.24769 ; infill
G1 X61.723 Y73.975 Z5.605 E1215.37601 ; infill
G1 X57.448 Y73.975 Z4.890 E1215.54047 ; infill
G1 X54.822 Y73.975 Z4.481 E1215.64145 ; infill
G1 X52.166 Y73.975 Z4.168 E1215.74360 ; infill
G1 X50.770 Y73.975 Z4.058 E1215.79729 ; infill
G1 X49.298 Y73.975 Z3.987 E1215.85389 ; infill
G1 X47.727 Y73.975 Z3.957 E1215.91428 ; infill
G1 X46.035 Y73.975 Z3.974 E1215.97934 ; infill
G1 X44.199 Y73.975 Z4.042 E1216.04994 ; infill
G1 X42.935 Y73.975 Z4.120 E1216.09854 ; infill
G1 X42.836 Y73.518 Z4.120 E1216.11656 ; infill
G1 X44.113 Y73.518 Z4.041 E1216.16568 ; infill
G1 X45.949 Y73.518 Z3.972 E1216.23629 ; infill
G1 X47.641 Y73.518 Z3.955 E1216.30134 ; infill
G1 X49.211 Y73.518 Z3.984 E1216.36170 ; infill
G1 X50.682 Y73.518 Z4.056 E1216.41827 ; infill
G1 X52.078 Y73.518 Z4.165 E1216.47192 ; infill
G1 X54.732 Y73.518 Z4.479 E1216.57398 ; infill
G1 X57.358 Y73.518 Z4.889 E1216.67499 ; infill
G1 X61.636 Y73.518 Z5.607 E1216.83957 ; infill
G1 X64.978 Y73.518 Z6.101 E1216.96807 ; infill
G1 X66.862 Y73.518 Z6.339 E1217.04054 ; infill
G1 X68.919 Y73.518 Z6.566 E1217.11963 ; infill
G1 X71.170 Y73.518 Z6.776 E1217.20619 ; infill
G1 X74.960 Y73.518 Z7.052 E1217.35192 ; infill
G1 X79.312 Y73.518 Z7.267 E1217.51925 ; infill
G1 X84.300 Y73.518 Z7.405 E1217.71104 ; infill
G1 X89.998 Y73.518 Z7.454 E1217.93015 ; infill
G1 X93.880 Y73.518 Z7.432 E1218.07940 ; infill
G1 X99.096 Y73.518 Z7.322 E1218.27998 ; infill
G1 X102.202 Y73.518 Z7.203 E1218.39940 ; infill
G1 X106.358 Y73.518 Z6.966 E1218.55921 ; infill
G1 X108.826 Y73.518 Z6.776 E1218.65410 ; infill
G1 X111.077 Y73.518 Z6.566 E1218.74066 ; infill
G1 X113.134 Y73.518 Z6.339 E1218.81975 ; infill
G1 X115.018 Y73.518 Z6.101 E1218.89222 ; infill
G1 X118.360 Y73.518 Z5.607 E1219.02072 ; infill
G1 X122.638 Y73.518 Z4.889 E1219.18530 ; infill
G1 X125.264 Y73.518 Z4.479 E1219.28631 ; infill
G1 X127.918 Y73.518 Z4.165 E1219.38836 ; infill
G1 X129.313 Y73.518 Z4.056 E1219.44201 ; infill
G1 X130.785 Y73.518 Z3.984 E1219.49857 ; infill
G1 X132.355 Y73.518 Z3.955 E1219.55894 ; infill
G1 X134.046 Y73.518 Z3.972 E1219.62398 ; infill
G1 X135.882 Y73.518 Z4.041 E1219.69459 ; infill
G1 X137.156 Y73.518 Z4.119 E1219.74355 ; infill
G1 X137.243 Y73.060 Z4.119 E1219.76148 ; infill
G1 X135.965 Y73.060 Z4.040 E1219.81062 ; infill
G1 X134.127 Y73.060 Z3.970 E1219.88129 ; infill
G1 X132.434 Y73.060 Z3.952 E1219.94639 ; infill
G1 X130.864 Y73.060 Z3.981 E1220.00678 ; infill
G1 X129.392 Y73.060 Z4.053 E1220.06337 ; infill
G1 X127.997 Y73.060 Z4.162 E1220.11702 ; infill
G1 X125.343 Y73.060 Z4.477 E1220.21906 ; infill
G1 X122.720 Y73.060 Z4.888 E1220.31996 ; infill
G1 X118.443 Y73.060 Z5.608 E1220.48447 ; infill
G1 X115.099 Y73.060 Z6.105 E1220.61306 ; infill
G1 X113.212 Y73.060 Z6.344 E1220.68563 ; infill
G1 X111.151 Y73.060 Z6.572 E1220.76489 ; infill
G1 X108.894 Y73.060 Z6.783 E1220.85167 ; infill
G1 X105.093 Y73.060 Z7.061 E1220.99782 ; infill
G1 X100.727 Y73.060 Z7.276 E1221.16572 ; infill
G1 X95.720 Y73.060 Z7.416 E1221.35823 ; infill
G1 X89.998 Y73.060 Z7.465 E1221.57824 ; infill
G1 X86.100 Y73.060 Z7.443 E1221.72812 ; infill
G1 X80.863 Y73.060 Z7.332 E1221.92948 ; infill
G1 X77.746 Y73.060 Z7.212 E1222.04933 ; infill
G1 X73.577 Y73.060 Z6.974 E1222.20966 ; infill
G1 X71.102 Y73.060 Z6.783 E1222.30482 ; infill
G1 X68.845 Y73.060 Z6.572 E1222.39161 ; infill
G1 X66.784 Y73.060 Z6.344 E1222.47086 ; infill
G1 X64.897 Y73.060 Z6.105 E1222.54343 ; infill
G1 X61.553 Y73.060 Z5.608 E1222.67202 ; infill
G1 X57.276 Y73.060 Z4.888 E1222.83654 ; infill
G1 X54.653 Y73.060 Z4.476 E1222.93744 ; infill
G1 X51.999 Y73.060 Z4.162 E1223.03949 ; infill
G1 X50.604 Y73.060 Z4.053 E1223.09314 ; infill
G1 X49.132 Y73.060 Z3.981 E1223.14973 ; infill
G1 X47.561 Y73.060 Z3.952 E1223.21013 ; infill
G1 X45.868 Y73.060 Z3.970 E1223.27523 ; infill
G1 X44.030 Y73.060 Z4.040 E1223.34591 ; infill
G1 X42.749 Y73.060 Z4.119 E1223.39515 ; infill
G1 X42.667 Y72.602 Z4.119 E1223.41304 ; infill
G1 X43.947 Y72.602 Z4.039 E1223.46227 ; infill
G1 X45.787 Y72.602 Z3.968 E1223.53302 ; infill
G1 X47.482 Y72.602 Z3.950 E1223.59817 ; infill
G1 X49.053 Y72.602 Z3.978 E1223.65860 ; infill
G1 X50.525 Y72.602 Z4.050 E1223.71521 ; infill
G1 X51.921 Y72.602 Z4.159 E1223.76887 ; infill
G1 X54.574 Y72.602 Z4.474 E1223.87091 ; infill
G1 X57.197 Y72.602 Z4.887 E1223.97179 ; infill
G1 X61.475 Y72.602 Z5.610 E1224.13635 ; infill
G1 X64.822 Y72.602 Z6.108 E1224.26507 ; infill
G1 X66.712 Y72.602 Z6.349 E1224.33774 ; infill
G1 X68.776 Y72.602 Z6.578 E1224.41713 ; infill
G1 X71.038 Y72.602 Z6.790 E1224.50408 ; infill
G1 X74.848 Y72.602 Z7.069 E1224.65060 ; infill
G1 X79.228 Y72.602 Z7.286 E1224.81901 ; infill
G1 X84.253 Y72.602 Z7.427 E1225.01222 ; infill
G1 X89.998 Y72.602 Z7.476 E1225.23313 ; infill
G1 X93.912 Y72.602 Z7.454 E1225.38361 ; infill
G1 X99.168 Y72.602 Z7.342 E1225.58573 ; infill
G1 X102.296 Y72.602 Z7.221 E1225.70598 ; infill
G1 X106.478 Y72.602 Z6.982 E1225.86677 ; infill
G1 X108.958 Y72.602 Z6.790 E1225.96216 ; infill
G1 X111.220 Y72.602 Z6.578 E1226.04911 ; infill
G1 X113.284 Y72.602 Z6.349 E1226.12849 ; infill
G1 X115.174 Y72.602 Z6.108 E1226.20117 ; infill
G1 X118.521 Y72.602 Z5.610 E1226.32989 ; infill
G1 X122.799 Y72.602 Z4.887 E1226.49444 ; infill
G1 X125.422 Y72.602 Z4.474 E1226.59533 ; infill
G1 X128.075 Y72.602 Z4.159 E1226.69736 ; infill
G1 X129.470 Y72.602 Z4.050 E1226.75102 ; infill
G1 X130.942 Y72.602 Z3.978 E1226.80762 ; infill
G1 X132.514 Y72.602 Z3.950 E1226.86805 ; infill
G1 X134.208 Y72.602 Z3.968 E1226.93319 ; infill
G1 X136.048 Y72.602 Z4.039 E1227.00394 ; infill
G1 X137.331 Y72.602 Z4.119 E1227.05326 ; infill
G1 X137.410 Y72.144 Z4.119 E1227.07113 ; infill
G1 X136.121 Y72.144 Z4.037 E1227.12071 ; infill
G1 X134.280 Y72.144 Z3.966 E1227.19148 ; infill
G1 X132.586 Y72.144 Z3.947 E1227.25662 ; infill
G1 X131.015 Y72.144 Z3.976 E1227.31703 ; infill
G1 X129.544 Y72.144 Z4.047 E1227.37360 ; infill
G1 X128.149 Y72.144 Z4.157 E1227.42721 ; infill
G1 X125.499 Y72.144 Z4.472 E1227.52915 ; infill
G1 X122.877 Y72.144 Z4.886 E1227.62997 ; infill
G1 X118.598 Y72.144 Z5.612 E1227.79456 ; infill
G1 X115.248 Y72.144 Z6.112 E1227.92341 ; infill
G1 X113.356 Y72.144 Z6.354 E1227.99619 ; infill
G1 X111.288 Y72.144 Z6.584 E1228.07572 ; infill
G1 X109.021 Y72.144 Z6.797 E1228.16286 ; infill
G1 X105.201 Y72.144 Z7.077 E1228.30976 ; infill
G1 X100.808 Y72.144 Z7.296 E1228.47868 ; infill
G1 X95.765 Y72.144 Z7.437 E1228.67256 ; infill
G1 X89.998 Y72.144 Z7.487 E1228.89432 ; infill
G1 X86.069 Y72.144 Z7.465 E1229.04540 ; infill
G1 X80.793 Y72.144 Z7.352 E1229.24825 ; infill
G1 X77.656 Y72.144 Z7.231 E1229.36890 ; infill
G1 X73.462 Y72.144 Z6.990 E1229.53016 ; infill
G1 X70.975 Y72.144 Z6.797 E1229.62579 ; infill
G1 X68.709 Y72.144 Z6.583 E1229.71293 ; infill
G1 X66.640 Y72.144 Z6.354 E1229.79246 ; infill
G1 X64.748 Y72.144 Z6.112 E1229.86524 ; infill
G1 X61.398 Y72.144 Z5.612 E1229.99409 ; infill
G1 X57.119 Y72.144 Z4.886 E1230.15869 ; infill
G1 X54.527 Y72.144 Z4.477 E1230.25836 ; infill
G1 X51.846 Y72.144 Z4.156 E1230.36144 ; infill
G1 X50.452 Y72.144 Z4.047 E1230.41506 ; infill
G1 X48.981 Y72.144 Z3.976 E1230.47164 ; infill
G1 X47.409 Y72.144 Z3.947 E1230.53205 ; infill
G1 X45.715 Y72.144 Z3.966 E1230.59719 ; infill
G1 X43.875 Y72.144 Z4.037 E1230.66796 ; infill
G1 X42.584 Y72.144 Z4.119 E1230.71757 ; infill
G1 X42.514 Y71.686 Z4.118 E1230.73539 ; infill
G1 X43.808 Y71.686 Z4.036 E1230.78515 ; infill
G1 X45.650 Y71.686 Z3.964 E1230.85597 ; infill
G1 X47.345 Y71.686 Z3.945 E1230.92115 ; infill
G1 X48.916 Y71.686 Z3.973 E1230.98157 ; infill
G1 X50.387 Y71.686 Z4.044 E1231.03814 ; infill
G1 X51.781 Y71.686 Z4.154 E1231.09175 ; infill
G1 X54.431 Y71.686 Z4.470 E1231.19364 ; infill
G1 X56.827 Y71.686 Z4.847 E1231.28580 ; infill
G1 X61.326 Y71.686 Z5.613 E1231.45886 ; infill
G1 X64.677 Y71.686 Z6.116 E1231.58775 ; infill
G1 X66.572 Y71.686 Z6.358 E1231.66060 ; infill
G1 X68.643 Y71.686 Z6.589 E1231.74024 ; infill
G1 X70.913 Y71.686 Z6.804 E1231.82755 ; infill
G1 X74.743 Y71.686 Z7.086 E1231.97479 ; infill
G1 X79.149 Y71.686 Z7.305 E1232.14421 ; infill
G1 X84.209 Y71.686 Z7.448 E1232.33876 ; infill
G1 X89.998 Y71.686 Z7.498 E1232.56137 ; infill
G1 X93.943 Y71.686 Z7.475 E1232.71304 ; infill
G1 X99.237 Y71.686 Z7.362 E1232.91661 ; infill
G1 X102.385 Y71.686 Z7.240 E1233.03764 ; infill
G1 X106.590 Y71.686 Z6.998 E1233.19934 ; infill
G1 X109.083 Y71.686 Z6.804 E1233.29519 ; infill
G1 X111.353 Y71.686 Z6.589 E1233.38249 ; infill
G1 X113.424 Y71.686 Z6.358 E1233.46213 ; infill
G1 X115.319 Y71.686 Z6.116 E1233.53498 ; infill
G1 X118.670 Y71.686 Z5.613 E1233.66387 ; infill
G1 X123.169 Y71.686 Z4.847 E1233.83693 ; infill
G1 X125.303 Y71.686 Z4.509 E1233.91903 ; infill
G1 X128.214 Y71.686 Z4.154 E1234.03098 ; infill
G1 X129.608 Y71.686 Z4.044 E1234.08458 ; infill
G1 X131.080 Y71.686 Z3.973 E1234.14114 ; infill
G1 X132.651 Y71.686 Z3.945 E1234.20157 ; infill
G1 X134.346 Y71.686 Z3.964 E1234.26674 ; infill
G1 X136.188 Y71.686 Z4.036 E1234.33755 ; infill
G1 X137.478 Y71.686 Z4.118 E1234.38718 ; infill
G1 X137.546 Y71.228 Z4.118 E1234.40498 ; infill
G1 X136.255 Y71.228 Z4.035 E1234.45465 ; infill
G1 X134.412 Y71.228 Z3.962 E1234.52552 ; infill
G1 X132.716 Y71.228 Z3.942 E1234.59072 ; infill
G1 X131.144 Y71.228 Z3.970 E1234.65116 ; infill
G1 X129.673 Y71.228 Z4.041 E1234.70772 ; infill
G1 X128.279 Y71.228 Z4.151 E1234.76131 ; infill
G1 X125.631 Y71.228 Z4.468 E1234.86314 ; infill
G1 X123.466 Y71.228 Z4.806 E1234.94640 ; infill
G1 X118.738 Y71.228 Z5.615 E1235.12827 ; infill
G1 X115.386 Y71.228 Z6.119 E1235.25722 ; infill
G1 X113.489 Y71.228 Z6.363 E1235.33016 ; infill
G1 X111.415 Y71.228 Z6.595 E1235.40991 ; infill
G1 X109.141 Y71.228 Z6.811 E1235.49737 ; infill
G1 X105.303 Y71.228 Z7.094 E1235.64494 ; infill
G1 X100.884 Y71.228 Z7.315 E1235.81483 ; infill
G1 X95.809 Y71.228 Z7.458 E1236.01000 ; infill
G1 X89.998 Y71.228 Z7.509 E1236.23341 ; infill
G1 X86.039 Y71.228 Z7.486 E1236.38564 ; infill
G1 X80.727 Y71.228 Z7.372 E1236.58990 ; infill
G1 X77.570 Y71.228 Z7.249 E1236.71129 ; infill
G1 X73.354 Y71.228 Z7.006 E1236.87341 ; infill
G1 X70.856 Y71.228 Z6.811 E1236.96946 ; infill
G1 X68.581 Y71.228 Z6.595 E1237.05692 ; infill
G1 X66.507 Y71.228 Z6.363 E1237.13668 ; infill
G1 X64.610 Y71.228 Z6.119 E1237.20961 ; infill
G1 X61.258 Y71.228 Z5.615 E1237.33857 ; infill
G1 X56.530 Y71.228 Z4.806 E1237.52043 ; infill
G1 X54.858 Y71.228 Z4.542 E1237.58472 ; infill
G1 X54.365 Y71.228 Z4.468 E1237.60370 ; infill
G1 X51.716 Y71.228 Z4.151 E1237.70554 ; infill
G1 X50.323 Y71.228 Z4.041 E1237.75913 ; infill
G1 X48.852 Y71.228 Z3.970 E1237.81569 ; infill
G1 X47.280 Y71.228 Z3.942 E1237.87613 ; infill
G1 X45.584 Y71.228 Z3.963 E1237.94133 ; infill
G1 X43.741 Y71.228 Z4.035 E1238.01220 ; infill
G1 X42.447 Y71.228 Z4.118 E1238.06197 ; infill
G1 X42.380 Y70.770 Z4.118 E1238.07977 ; infill
G1 X43.603 Y70.770 Z4.038 E1238.12679 ; infill
G1 X45.387 Y70.770 Z3.965 E1238.19542 ; infill
G1 X47.041 Y70.770 Z3.942 E1238.25901 ; infill
G1 X48.742 Y70.770 Z3.966 E1238.32441 ; infill
G1 X50.175 Y70.770 Z4.033 E1238.37951 ; infill
G1 X51.656 Y70.770 Z4.148 E1238.43644 ; infill
G1 X54.245 Y70.770 Z4.458 E1238.53600 ; infill
G1 X56.232 Y70.770 Z4.766 E1238.61243 ; infill
G1 X61.206 Y70.770 Z5.619 E1238.80378 ; infill
G1 X64.543 Y70.770 Z6.123 E1238.93213 ; infill
G1 X66.442 Y70.770 Z6.368 E1239.00514 ; infill
G1 X68.519 Y70.770 Z6.601 E1239.08501 ; infill
G1 X70.798 Y70.770 Z6.818 E1239.17263 ; infill
G1 X74.644 Y70.770 Z7.102 E1239.32054 ; infill
G1 X79.075 Y70.770 Z7.324 E1239.49089 ; infill
G1 X84.167 Y70.770 Z7.469 E1239.68668 ; infill
G1 X89.998 Y70.770 Z7.520 E1239.91091 ; infill
G1 X93.972 Y70.770 Z7.497 E1240.06369 ; infill
G1 X99.302 Y70.770 Z7.382 E1240.26863 ; infill
G1 X102.468 Y70.770 Z7.258 E1240.39038 ; infill
G1 X106.695 Y70.770 Z7.014 E1240.55291 ; infill
G1 X109.198 Y70.770 Z6.818 E1240.64917 ; infill
G1 X111.477 Y70.770 Z6.601 E1240.73679 ; infill
G1 X113.554 Y70.770 Z6.368 E1240.81666 ; infill
G1 X115.453 Y70.770 Z6.123 E1240.88967 ; infill
G1 X118.790 Y70.770 Z5.619 E1241.01802 ; infill
G1 X123.764 Y70.770 Z4.766 E1241.20937 ; infill
G1 X124.972 Y70.770 Z4.575 E1241.25584 ; infill
G1 X125.751 Y70.770 Z4.458 E1241.28579 ; infill
G1 X128.340 Y70.770 Z4.148 E1241.38535 ; infill
G1 X129.821 Y70.770 Z4.033 E1241.44228 ; infill
G1 X131.104 Y70.770 Z3.971 E1241.49162 ; infill
G1 X132.774 Y70.770 Z3.940 E1241.55584 ; infill
G1 X134.608 Y70.770 Z3.965 E1241.62636 ; infill
G1 X136.393 Y70.770 Z4.038 E1241.69498 ; infill
G1 X137.614 Y70.770 Z4.118 E1241.74196 ; infill
G1 X137.670 Y70.313 Z4.116 E1241.75969 ; infill
G1 X135.908 Y70.313 Z4.011 E1241.82745 ; infill
G1 X134.311 Y70.313 Z3.954 E1241.88885 ; infill
G1 X132.264 Y70.313 Z3.945 E1241.96759 ; infill
G1 X131.431 Y70.313 Z3.960 E1241.99960 ; infill
G1 X130.115 Y70.313 Z4.017 E1242.05020 ; infill
G1 X128.392 Y70.313 Z4.145 E1242.11645 ; infill
G1 X126.033 Y70.313 Z4.424 E1242.20717 ; infill
G1 X124.062 Y70.313 Z4.725 E1242.28298 ; infill
G1 X118.553 Y70.313 Z5.669 E1242.49487 ; infill
G1 X115.512 Y70.313 Z6.127 E1242.61183 ; infill
G1 X113.794 Y70.313 Z6.350 E1242.67790 ; infill
G1 X111.917 Y70.313 Z6.565 E1242.75008 ; infill
G1 X109.252 Y70.313 Z6.825 E1242.85257 ; infill
G1 X105.398 Y70.313 Z7.111 E1243.00076 ; infill
G1 X100.957 Y70.313 Z7.334 E1243.17153 ; infill
G1 X95.850 Y70.313 Z7.479 E1243.36790 ; infill
G1 X92.326 Y70.313 Z7.523 E1243.50337 ; infill
G1 X89.998 Y70.313 Z7.531 E1243.59289 ; infill
G1 X85.452 Y70.313 Z7.499 E1243.76771 ; infill
G1 X80.930 Y70.313 Z7.400 E1243.94158 ; infill
G1 X77.245 Y70.313 Z7.256 E1244.08327 ; infill
G1 X73.031 Y70.313 Z7.005 E1244.24531 ; infill
G1 X70.744 Y70.313 Z6.825 E1244.33322 ; infill
G1 X68.661 Y70.313 Z6.627 E1244.41332 ; infill
G1 X66.202 Y70.313 Z6.350 E1244.50790 ; infill
G1 X64.484 Y70.313 Z6.127 E1244.57397 ; infill
G1 X61.443 Y70.313 Z5.669 E1244.69093 ; infill
G1 X55.189 Y70.313 Z4.607 E1244.93147 ; infill
G1 X53.963 Y70.313 Z4.424 E1244.97863 ; infill
G1 X51.604 Y70.313 Z4.145 E1245.06935 ; infill
G1 X49.881 Y70.313 Z4.017 E1245.13560 ; infill
G1 X49.090 Y70.313 Z3.979 E1245.16603 ; infill
G1 X47.172 Y70.313 Z3.938 E1245.23978 ; infill
G1 X45.044 Y70.313 Z3.973 E1245.32158 ; infill
G1 X43.395 Y70.313 Z4.046 E1245.38499 ; infill
G1 X42.327 Y70.313 Z4.115 E1245.42607 ; infill
G1 X42.274 Y69.855 Z4.115 E1245.44379 ; infill
G1 X44.339 Y69.855 Z3.996 E1245.52319 ; infill
G1 X45.776 Y69.855 Z3.948 E1245.57846 ; infill
G1 X47.122 Y69.855 Z3.935 E1245.63019 ; infill
G1 X48.073 Y69.855 Z3.948 E1245.66676 ; infill
G1 X49.587 Y69.855 Z4.000 E1245.72497 ; infill
G1 X51.552 Y69.855 Z4.142 E1245.80055 ; infill
G1 X53.681 Y69.855 Z4.390 E1245.88243 ; infill
G1 X55.636 Y69.855 Z4.684 E1245.95762 ; infill
G1 X61.679 Y69.855 Z5.719 E1246.19006 ; infill
G1 X64.424 Y69.855 Z6.130 E1246.29564 ; infill
G1 X67.599 Y69.855 Z6.525 E1246.41773 ; infill
G1 X70.692 Y69.855 Z6.832 E1246.53665 ; infill
G1 X74.553 Y69.855 Z7.119 E1246.68512 ; infill
G1 X79.005 Y69.855 Z7.344 E1246.85631 ; infill
G1 X81.260 Y69.855 Z7.421 E1246.94301 ; infill
G1 X84.127 Y69.855 Z7.490 E1247.05325 ; infill
G1 X86.709 Y69.855 Z7.526 E1247.15253 ; infill
G1 X89.998 Y69.855 Z7.542 E1247.27901 ; infill
G1 X95.376 Y69.855 Z7.497 E1247.48577 ; infill
G1 X98.736 Y69.855 Z7.421 E1247.61500 ; infill
G1 X103.105 Y69.855 Z7.249 E1247.78298 ; infill
G1 X105.443 Y69.855 Z7.119 E1247.87288 ; infill
G1 X107.281 Y69.855 Z6.994 E1247.94354 ; infill
G1 X109.304 Y69.855 Z6.832 E1248.02135 ; infill
G1 X111.171 Y69.855 Z6.656 E1248.09314 ; infill
G1 X112.896 Y69.855 Z6.469 E1248.15946 ; infill
G1 X115.572 Y69.855 Z6.130 E1248.26236 ; infill
G1 X116.991 Y69.855 Z5.926 E1248.31694 ; infill
G1 X119.224 Y69.855 Z5.570 E1248.40281 ; infill
G1 X124.641 Y69.855 Z4.640 E1248.61121 ; infill
G1 X126.315 Y69.855 Z4.390 E1248.67556 ; infill
G1 X128.444 Y69.855 Z4.142 E1248.75744 ; infill
G1 X130.709 Y69.855 Z3.986 E1248.84452 ; infill
G1 X132.874 Y69.855 Z3.935 E1248.92779 ; infill
G1 X135.295 Y69.855 Z3.981 E1249.02087 ; infill
G1 X137.722 Y69.855 Z4.115 E1249.11418 ; infill
G1 X137.770 Y69.397 Z4.115 E1249.13188 ; infill
G1 X135.597 Y69.397 Z3.990 E1249.21544 ; infill
G1 X134.116 Y69.397 Z3.945 E1249.27238 ; infill
G1 X132.953 Y69.397 Z3.934 E1249.31709 ; infill
G1 X131.744 Y69.397 Z3.949 E1249.36358 ; infill
G1 X130.484 Y69.397 Z3.998 E1249.41204 ; infill
G1 X128.443 Y69.397 Z4.145 E1249.49051 ; infill
G1 X126.524 Y69.397 Z4.365 E1249.56430 ; infill
G1 X124.495 Y69.397 Z4.667 E1249.64236 ; infill
G1 X118.150 Y69.397 Z5.751 E1249.88643 ; infill
G1 X115.699 Y69.397 Z6.117 E1249.98067 ; infill
G1 X112.591 Y69.397 Z6.508 E1250.10019 ; infill
G1 X109.441 Y69.397 Z6.824 E1250.22134 ; infill
G1 X107.421 Y69.397 Z6.989 E1250.29898 ; infill
G1 X105.158 Y69.397 Z7.142 E1250.38600 ; infill
G1 X103.184 Y69.397 Z7.252 E1250.46193 ; infill
G1 X100.375 Y69.397 Z7.373 E1250.56992 ; infill
G1 X96.018 Y69.397 Z7.495 E1250.73745 ; infill
G1 X90.012 Y69.397 Z7.552 E1250.96838 ; infill
G1 X85.874 Y69.397 Z7.526 E1251.12749 ; infill
G1 X80.936 Y69.397 Z7.418 E1251.31737 ; infill
G1 X76.813 Y69.397 Z7.252 E1251.47591 ; infill
G1 X74.412 Y69.397 Z7.116 E1251.56822 ; infill
G1 X72.575 Y69.397 Z6.989 E1251.63886 ; infill
G1 X70.556 Y69.397 Z6.824 E1251.71651 ; infill
G1 X68.723 Y69.397 Z6.649 E1251.78696 ; infill
G1 X65.785 Y69.397 Z6.315 E1251.89996 ; infill
G1 X64.297 Y69.397 Z6.117 E1251.95718 ; infill
G1 X60.610 Y69.397 Z5.548 E1252.09900 ; infill
G1 X55.361 Y69.397 Z4.645 E1252.30088 ; infill
G1 X53.472 Y69.397 Z4.365 E1252.37355 ; infill
G1 X51.553 Y69.397 Z4.145 E1252.44735 ; infill
G1 X49.399 Y69.397 Z3.991 E1252.53015 ; infill
G1 X48.251 Y69.397 Z3.949 E1252.57429 ; infill
G1 X47.042 Y69.397 Z3.934 E1252.62078 ; infill
G1 X45.761 Y69.397 Z3.947 E1252.67003 ; infill
G1 X44.521 Y69.397 Z3.985 E1252.71775 ; infill
G1 X42.225 Y69.397 Z4.115 E1252.80602 ; infill
G1 X42.185 Y68.939 Z4.115 E1252.82369 ; infill
G1 X44.161 Y68.939 Z4.000 E1252.89965 ; infill
G1 X46.001 Y68.939 Z3.943 E1252.97043 ; infill
G1 X48.179 Y68.939 Z3.949 E1253.05417 ; infill
G1 X49.778 Y68.939 Z4.016 E1253.11565 ; infill
G1 X51.635 Y68.939 Z4.155 E1253.18704 ; infill
G1 X53.374 Y68.939 Z4.354 E1253.25393 ; infill
G1 X55.619 Y68.939 Z4.687 E1253.34027 ; infill
G1 X60.511 Y68.939 Z5.527 E1253.52843 ; infill
G1 X63.444 Y68.939 Z5.988 E1253.64123 ; infill
G1 X65.750 Y68.939 Z6.304 E1253.72994 ; infill
G1 X67.655 Y68.939 Z6.530 E1253.80318 ; infill
G1 X70.290 Y68.939 Z6.795 E1253.90451 ; infill
G1 X74.122 Y68.939 Z7.094 E1254.05187 ; infill
G1 X77.120 Y68.939 Z7.266 E1254.16715 ; infill
G1 X78.745 Y68.939 Z7.340 E1254.22962 ; infill
G1 X82.244 Y68.939 Z7.458 E1254.36415 ; infill
G1 X84.132 Y68.939 Z7.501 E1254.43673 ; infill
G1 X89.948 Y68.939 Z7.561 E1254.66040 ; infill
G1 X95.865 Y68.939 Z7.501 E1254.88789 ; infill
G1 X99.545 Y68.939 Z7.404 E1255.02940 ; infill
G1 X102.876 Y68.939 Z7.266 E1255.15748 ; infill
G1 X107.290 Y68.939 Z6.995 E1255.32721 ; infill
G1 X111.037 Y68.939 Z6.668 E1255.47129 ; infill
G1 X112.342 Y68.939 Z6.530 E1255.52144 ; infill
G1 X114.831 Y68.939 Z6.227 E1255.61716 ; infill
G1 X118.090 Y68.939 Z5.754 E1255.74249 ; infill
G1 X124.875 Y68.939 Z4.609 E1256.00349 ; infill
G1 X126.622 Y68.939 Z4.354 E1256.07068 ; infill
G1 X128.361 Y68.939 Z4.155 E1256.13756 ; infill
G1 X130.618 Y68.939 Z3.991 E1256.22433 ; infill
G1 X131.817 Y68.939 Z3.949 E1256.27043 ; infill
G1 X133.078 Y68.939 Z3.935 E1256.31894 ; infill
G1 X135.402 Y68.939 Z3.981 E1256.40829 ; infill
G1 X137.800 Y68.939 Z4.115 E1256.50048 ; infill
G1 X137.829 Y68.481 Z4.115 E1256.51812 ; infill
G1 X135.329 Y68.481 Z3.978 E1256.61426 ; infill
G1 X133.873 Y68.481 Z3.941 E1256.67025 ; infill
G1 X131.889 Y68.481 Z3.948 E1256.74653 ; infill
G1 X129.952 Y68.481 Z4.035 E1256.82102 ; infill
G1 X128.279 Y68.481 Z4.166 E1256.88532 ; infill
G1 X126.720 Y68.481 Z4.343 E1256.94529 ; infill
G1 X124.259 Y68.481 Z4.706 E1257.03992 ; infill
G1 X119.584 Y68.481 Z5.505 E1257.21975 ; infill
G1 X116.165 Y68.481 Z6.038 E1257.35128 ; infill
G1 X114.279 Y68.481 Z6.293 E1257.42381 ; infill
G1 X112.125 Y68.481 Z6.547 E1257.50663 ; infill
G1 X109.753 Y68.481 Z6.785 E1257.59782 ; infill
G1 X105.729 Y68.481 Z7.099 E1257.75255 ; infill
G1 X102.817 Y68.481 Z7.266 E1257.86455 ; infill
G1 X101.052 Y68.481 Z7.347 E1257.93238 ; infill
G1 X97.514 Y68.481 Z7.466 E1258.06844 ; infill
G1 X95.596 Y68.481 Z7.509 E1258.14220 ; infill
G1 X90.084 Y68.481 Z7.569 E1258.35413 ; infill
G1 X84.401 Y68.481 Z7.509 E1258.57265 ; infill
G1 X80.666 Y68.481 Z7.411 E1258.71626 ; infill
G1 X77.304 Y68.481 Z7.273 E1258.84552 ; infill
G1 X72.859 Y68.481 Z7.001 E1259.01644 ; infill
G1 X69.029 Y68.481 Z6.668 E1259.16373 ; infill
G1 X65.718 Y68.481 Z6.293 E1259.29103 ; infill
G1 X63.832 Y68.481 Z6.039 E1259.36356 ; infill
G1 X61.967 Y68.481 Z5.758 E1259.43529 ; infill
G1 X54.881 Y68.481 Z4.573 E1259.70784 ; infill
G1 X53.277 Y68.481 Z4.343 E1259.76956 ; infill
G1 X51.717 Y68.481 Z4.165 E1259.82953 ; infill
G1 X49.357 Y68.481 Z3.992 E1259.92026 ; infill
G1 X48.107 Y68.481 Z3.948 E1259.96833 ; infill
G1 X46.793 Y68.481 Z3.935 E1260.01886 ; infill
G1 X44.667 Y68.481 Z3.978 E1260.10061 ; infill
G1 X42.146 Y68.481 Z4.117 E1260.19756 ; infill
G1 X42.125 Y68.023 Z4.116 E1260.21518 ; infill
G1 X43.138 Y68.023 Z4.049 E1260.25413 ; infill
G1 X44.740 Y68.023 Z3.974 E1260.31574 ; infill
G1 X46.668 Y68.023 Z3.936 E1260.38988 ; infill
G1 X48.035 Y68.023 Z3.948 E1260.44243 ; infill
G1 X49.337 Y68.023 Z3.993 E1260.49247 ; infill
G1 X50.311 Y68.023 Z4.053 E1260.52994 ; infill
G1 X51.799 Y68.023 Z4.176 E1260.58716 ; infill
G1 X53.179 Y68.023 Z4.333 E1260.64022 ; infill
G1 X54.355 Y68.023 Z4.493 E1260.68545 ; infill
G1 X55.855 Y68.023 Z4.725 E1260.74313 ; infill
G1 X60.365 Y68.023 Z5.491 E1260.91661 ; infill
G1 X63.855 Y68.023 Z6.033 E1261.05086 ; infill
G1 X65.833 Y68.023 Z6.298 E1261.12690 ; infill
G1 X68.001 Y68.023 Z6.552 E1261.21027 ; infill
G1 X70.386 Y68.023 Z6.791 E1261.30201 ; infill
G1 X74.447 Y68.023 Z7.106 E1261.45813 ; infill
G1 X77.465 Y68.023 Z7.277 E1261.57418 ; infill
G1 X79.170 Y68.023 Z7.354 E1261.63973 ; infill
G1 X82.757 Y68.023 Z7.473 E1261.77769 ; infill
G1 X84.721 Y68.023 Z7.517 E1261.85318 ; infill
G1 X89.877 Y68.023 Z7.578 E1262.05144 ; infill
G1 X95.276 Y68.023 Z7.517 E1262.25903 ; infill
G1 X99.083 Y68.023 Z7.419 E1262.40541 ; infill
G1 X102.486 Y68.023 Z7.280 E1262.53627 ; infill
G1 X106.973 Y68.023 Z7.007 E1262.70879 ; infill
G1 X110.832 Y68.023 Z6.674 E1262.85719 ; infill
G1 X111.996 Y68.023 Z6.552 E1262.90195 ; infill
G1 X114.884 Y68.023 Z6.202 E1263.01298 ; infill
G1 X118.232 Y68.023 Z5.718 E1263.14175 ; infill
G1 X125.355 Y68.023 Z4.536 E1263.41575 ; infill
G1 X126.817 Y68.023 Z4.333 E1263.47199 ; infill
G1 X128.197 Y68.023 Z4.176 E1263.52505 ; infill
G1 X129.146 Y68.023 Z4.092 E1263.56151 ; infill
G1 X130.660 Y68.023 Z3.993 E1263.61974 ; infill
G1 X131.961 Y68.023 Z3.948 E1263.66977 ; infill
G1 X133.328 Y68.023 Z3.936 E1263.72232 ; infill
G1 X135.256 Y68.023 Z3.974 E1263.79645 ; infill
G1 X136.858 Y68.023 Z4.048 E1263.85807 ; infill
G1 X137.859 Y68.023 Z4.115 E1263.89654 ; infill
G1 X137.888 Y67.566 Z4.116 E1263.91418 ; infill
G1 X136.836 Y67.565 Z4.046 E1263.95464 ; infill
G1 X135.183 Y67.566 Z3.971 E1264.01821 ; infill
G1 X133.453 Y67.565 Z3.937 E1264.08473 ; infill
G1 X132.033 Y67.566 Z3.947 E1264.13930 ; infill
G1 X130.681 Y67.566 Z3.994 E1264.19130 ; infill
G1 X129.419 Y67.566 Z4.072 E1264.23982 ; infill
G1 X128.117 Y67.566 Z4.186 E1264.28991 ; infill
G1 X126.891 Y67.565 Z4.325 E1264.33704 ; infill
G1 X125.483 Y67.566 Z4.516 E1264.39120 ; infill
G1 X124.072 Y67.566 Z4.734 E1264.44545 ; infill
G1 X118.668 Y67.566 Z5.639 E1264.65331 ; infill
G1 X116.041 Y67.566 Z6.037 E1264.75436 ; infill
G1 X114.050 Y67.566 Z6.303 E1264.83093 ; infill
G1 X112.010 Y67.566 Z6.541 E1264.90937 ; infill
G1 X109.449 Y67.566 Z6.796 E1265.00784 ; infill
G1 X105.355 Y67.566 Z7.112 E1265.16525 ; infill
G1 X102.255 Y67.565 Z7.287 E1265.28447 ; infill
G1 X100.574 Y67.565 Z7.361 E1265.34909 ; infill
G1 X97.206 Y67.566 Z7.473 E1265.47861 ; infill
G1 X94.895 Y67.566 Z7.526 E1265.56747 ; infill
G1 X90.045 Y67.565 Z7.585 E1265.75393 ; infill
G1 X85.102 Y67.566 Z7.526 E1265.94401 ; infill
G1 X83.074 Y67.565 Z7.481 E1266.02197 ; infill
G1 X79.422 Y67.565 Z7.361 E1266.16239 ; infill
G1 X77.742 Y67.565 Z7.287 E1266.22701 ; infill
G1 X74.641 Y67.565 Z7.112 E1266.34623 ; infill
G1 X70.548 Y67.566 Z6.796 E1266.50363 ; infill
G1 X68.134 Y67.565 Z6.558 E1266.59645 ; infill
G1 X65.947 Y67.565 Z6.303 E1266.68055 ; infill
G1 X63.956 Y67.565 Z6.037 E1266.75711 ; infill
G1 X60.440 Y67.565 Z5.495 E1266.89235 ; infill
G1 X56.209 Y67.565 Z4.780 E1267.05510 ; infill
G1 X54.514 Y67.565 Z4.516 E1267.12028 ; infill
G1 X53.106 Y67.565 Z4.325 E1267.17443 ; infill
G1 X51.880 Y67.565 Z4.186 E1267.22157 ; infill
G1 X50.653 Y67.565 Z4.077 E1267.26874 ; infill
G1 X49.316 Y67.565 Z3.994 E1267.32018 ; infill
G1 X47.963 Y67.565 Z3.947 E1267.37218 ; infill
G1 X46.544 Y67.565 Z3.937 E1267.42676 ; infill
G1 X44.814 Y67.565 Z3.971 E1267.49328 ; infill
G1 X43.161 Y67.565 Z4.046 E1267.55684 ; infill
G1 X42.105 Y67.565 Z4.117 E1267.59744 ; infill
G1 X42.084 Y67.108 Z4.117 E1267.61507 ; infill
G1 X43.183 Y67.108 Z4.043 E1267.65732 ; infill
G1 X44.880 Y67.108 Z3.968 E1267.72256 ; infill
G1 X46.455 Y67.108 Z3.937 E1267.78311 ; infill
G1 X47.927 Y67.108 Z3.947 E1267.83970 ; infill
G1 X49.313 Y67.108 Z3.995 E1267.89301 ; infill
G1 X50.631 Y67.108 Z4.076 E1267.94369 ; infill
G1 X52.223 Y67.108 Z4.224 E1268.00490 ; infill
G1 X54.546 Y67.108 Z4.518 E1268.09425 ; infill
G1 X56.701 Y67.108 Z4.857 E1268.17713 ; infill
G1 X60.515 Y67.108 Z5.498 E1268.32381 ; infill
G1 X64.062 Y67.108 Z6.042 E1268.46024 ; infill
G1 X66.079 Y67.108 Z6.308 E1268.53781 ; infill
G1 X68.288 Y67.108 Z6.563 E1268.62277 ; infill
G1 X70.717 Y67.108 Z6.802 E1268.71615 ; infill
G1 X74.857 Y67.108 Z7.119 E1268.87536 ; infill
G1 X77.998 Y67.108 Z7.294 E1268.99612 ; infill
G1 X79.700 Y67.108 Z7.369 E1269.06157 ; infill
G1 X83.821 Y67.108 Z7.498 E1269.22004 ; infill
G1 X89.942 Y67.108 Z7.590 E1269.45537 ; infill
G1 X95.685 Y67.108 Z7.509 E1269.67621 ; infill
G1 X100.297 Y67.108 Z7.369 E1269.85353 ; infill
G1 X101.999 Y67.108 Z7.294 E1269.91898 ; infill
G1 X105.139 Y67.108 Z7.119 E1270.03974 ; infill
G1 X109.280 Y67.108 Z6.802 E1270.19895 ; infill
G1 X111.708 Y67.108 Z6.563 E1270.29233 ; infill
G1 X113.918 Y67.108 Z6.308 E1270.37729 ; infill
G1 X115.935 Y67.108 Z6.042 E1270.45486 ; infill
G1 X119.104 Y67.108 Z5.559 E1270.57676 ; infill
G1 X124.031 Y67.108 Z4.736 E1270.76625 ; infill
G1 X125.450 Y67.108 Z4.518 E1270.82086 ; infill
G1 X126.867 Y67.108 Z4.326 E1270.87534 ; infill
G1 X128.099 Y67.108 Z4.187 E1270.92271 ; infill
G1 X129.366 Y67.108 Z4.076 E1270.97141 ; infill
G1 X130.684 Y67.108 Z3.995 E1271.02209 ; infill
G1 X132.070 Y67.108 Z3.947 E1271.07540 ; infill
G1 X133.542 Y67.108 Z3.937 E1271.13200 ; infill
G1 X135.117 Y67.108 Z3.968 E1271.19254 ; infill
G1 X136.813 Y67.108 Z4.043 E1271.25778 ; infill
G1 X137.918 Y67.108 Z4.116 E1271.30024 ; infill
G1 X137.933 Y66.650 Z4.117 E1271.31786 ; infill
G1 X136.813 Y66.650 Z4.043 E1271.36093 ; infill
G1 X135.118 Y66.650 Z3.968 E1271.42611 ; infill
G1 X133.541 Y66.650 Z3.938 E1271.48672 ; infill
G1 X132.067 Y66.650 Z3.948 E1271.54342 ; infill
G1 X130.676 Y66.650 Z3.996 E1271.59688 ; infill
G1 X129.354 Y66.650 Z4.077 E1271.64773 ; infill
G1 X128.082 Y66.650 Z4.189 E1271.69664 ; infill
G1 X126.843 Y66.650 Z4.328 E1271.74426 ; infill
G1 X125.418 Y66.650 Z4.520 E1271.79906 ; infill
G1 X123.989 Y66.650 Z4.738 E1271.85403 ; infill
G1 X119.401 Y66.650 Z5.502 E1272.03053 ; infill
G1 X115.809 Y66.650 Z6.046 E1272.16868 ; infill
G1 X113.778 Y66.650 Z6.313 E1272.24678 ; infill
G1 X111.654 Y66.650 Z6.557 E1272.32844 ; infill
G1 X109.089 Y66.650 Z6.808 E1272.42708 ; infill
G1 X104.903 Y66.650 Z7.126 E1272.58803 ; infill
G1 X102.189 Y66.650 Z7.278 E1272.69239 ; infill
G1 X99.994 Y66.650 Z7.376 E1272.77679 ; infill
G1 X96.149 Y66.650 Z7.498 E1272.92462 ; infill
G1 X90.186 Y66.650 Z7.593 E1273.15391 ; infill
G1 X86.091 Y66.650 Z7.544 E1273.31135 ; infill
G1 X83.847 Y66.650 Z7.498 E1273.39765 ; infill
G1 X80.003 Y66.650 Z7.376 E1273.54548 ; infill
G1 X76.915 Y66.650 Z7.232 E1273.66422 ; infill
G1 X75.094 Y66.650 Z7.126 E1273.73423 ; infill
G1 X70.908 Y66.650 Z6.808 E1273.89518 ; infill
G1 X68.446 Y66.650 Z6.569 E1273.98985 ; infill
G1 X66.219 Y66.650 Z6.313 E1274.07548 ; infill
G1 X64.188 Y66.650 Z6.046 E1274.15359 ; infill
G1 X60.596 Y66.650 Z5.502 E1274.29173 ; infill
G1 X56.008 Y66.650 Z4.738 E1274.46823 ; infill
G1 X54.578 Y66.650 Z4.520 E1274.52320 ; infill
G1 X52.559 Y66.650 Z4.261 E1274.60084 ; infill
G1 X50.643 Y66.650 Z4.077 E1274.67453 ; infill
G1 X49.320 Y66.650 Z3.996 E1274.72539 ; infill
G1 X47.930 Y66.650 Z3.948 E1274.77884 ; infill
G1 X46.455 Y66.650 Z3.938 E1274.83554 ; infill
G1 X44.879 Y66.650 Z3.968 E1274.89616 ; infill
G1 X43.184 Y66.650 Z4.043 E1274.96134 ; infill
G1 X42.064 Y66.650 Z4.117 E1275.00440 ; infill
G1 X42.045 Y66.192 Z4.118 E1275.02202 ; infill
G1 X43.182 Y66.192 Z4.043 E1275.06575 ; infill
G1 X44.878 Y66.192 Z3.968 E1275.13096 ; infill
G1 X46.456 Y66.192 Z3.938 E1275.19164 ; infill
G1 X47.934 Y66.192 Z3.949 E1275.24845 ; infill
G1 X49.328 Y66.192 Z3.996 E1275.30205 ; infill
G1 X50.655 Y66.192 Z4.078 E1275.35308 ; infill
G1 X51.932 Y66.192 Z4.190 E1275.40220 ; infill
G1 X52.896 Y66.192 Z4.298 E1275.43926 ; infill
G1 X54.610 Y66.192 Z4.522 E1275.50519 ; infill
G1 X56.049 Y66.192 Z4.741 E1275.56052 ; infill
G1 X60.697 Y66.192 Z5.506 E1275.73929 ; infill
G1 X64.314 Y66.192 Z6.051 E1275.87843 ; infill
G1 X66.368 Y66.192 Z6.318 E1275.95742 ; infill
G1 X68.624 Y66.192 Z6.574 E1276.04417 ; infill
G1 X71.105 Y66.192 Z6.815 E1276.13956 ; infill
G1 X75.340 Y66.192 Z7.133 E1276.30241 ; infill
G1 X77.947 Y66.192 Z7.277 E1276.40265 ; infill
G1 X80.338 Y66.192 Z7.384 E1276.49457 ; infill
G1 X84.319 Y66.192 Z7.507 E1276.64765 ; infill
G1 X89.803 Y66.192 Z7.595 E1276.85852 ; infill
G1 X95.678 Y66.192 Z7.507 E1277.08440 ; infill
G1 X99.659 Y66.192 Z7.384 E1277.23748 ; infill
G1 X101.777 Y66.192 Z7.291 E1277.31893 ; infill
G1 X104.656 Y66.192 Z7.133 E1277.42964 ; infill
G1 X108.892 Y66.192 Z6.814 E1277.59249 ; infill
G1 X111.372 Y66.192 Z6.574 E1277.68787 ; infill
G1 X113.628 Y66.192 Z6.318 E1277.77463 ; infill
G1 X115.682 Y66.192 Z6.051 E1277.85362 ; infill
G1 X118.443 Y66.192 Z5.641 E1277.95980 ; infill
G1 X123.948 Y66.192 Z4.741 E1278.17153 ; infill
G1 X125.386 Y66.192 Z4.522 E1278.22686 ; infill
G1 X126.820 Y66.192 Z4.330 E1278.28198 ; infill
G1 X128.064 Y66.192 Z4.190 E1278.32985 ; infill
G1 X129.342 Y66.192 Z4.078 E1278.37897 ; infill
G1 X130.669 Y66.192 Z3.996 E1278.43000 ; infill
G1 X132.063 Y66.192 Z3.949 E1278.48359 ; infill
G1 X133.540 Y66.192 Z3.938 E1278.54040 ; infill
G1 X135.119 Y66.192 Z3.968 E1278.60109 ; infill
G1 X136.815 Y66.192 Z4.043 E1278.66630 ; infill
G1 X137.932 Y66.192 Z4.117 E1278.70926 ; infill
G1 X137.931 Y65.734 Z4.117 E1278.72686 ; infill
G1 X136.816 Y65.734 Z4.043 E1278.76971 ; infill
G1 X135.120 Y65.734 Z3.969 E1278.83495 ; infill
G1 X133.540 Y65.734 Z3.939 E1278.89570 ; infill
G1 X132.059 Y65.734 Z3.949 E1278.95262 ; infill
G1 X130.662 Y65.734 Z3.997 E1279.00636 ; infill
G1 X129.330 Y65.734 Z4.079 E1279.05756 ; infill
G1 X128.047 Y65.734 Z4.192 E1279.10690 ; infill
G1 X126.793 Y65.734 Z4.331 E1279.15511 ; infill
G1 X125.341 Y65.734 Z4.524 E1279.21097 ; infill
G1 X123.882 Y65.734 Z4.743 E1279.26708 ; infill
G1 X118.843 Y65.734 Z5.566 E1279.46088 ; infill
G1 X115.540 Y65.734 Z6.056 E1279.58793 ; infill
G1 X113.464 Y65.734 Z6.323 E1279.66777 ; infill
G1 X111.267 Y65.734 Z6.572 E1279.75223 ; infill
G1 X108.672 Y65.734 Z6.821 E1279.85202 ; infill
G1 X106.772 Y65.734 Z6.975 E1279.92509 ; infill
G1 X104.385 Y65.734 Z7.140 E1280.01689 ; infill
G1 X100.290 Y65.734 Z7.351 E1280.17434 ; infill
G1 X97.327 Y65.734 Z7.459 E1280.28828 ; infill
G1 X95.136 Y65.734 Z7.517 E1280.37251 ; infill
G1 X90.109 Y65.734 Z7.597 E1280.56581 ; infill
G1 X84.861 Y65.734 Z7.517 E1280.76760 ; infill
G1 X80.534 Y65.734 Z7.385 E1280.93395 ; infill
G1 X77.686 Y65.734 Z7.256 E1281.04348 ; infill
G1 X75.612 Y65.734 Z7.140 E1281.12322 ; infill
G1 X73.225 Y65.734 Z6.975 E1281.21502 ; infill
G1 X71.324 Y65.734 Z6.821 E1281.28808 ; infill
G1 X68.806 Y65.734 Z6.580 E1281.38491 ; infill
G1 X66.533 Y65.734 Z6.323 E1281.47233 ; infill
G1 X64.457 Y65.734 Z6.056 E1281.55217 ; infill
G1 X60.797 Y65.734 Z5.509 E1281.69292 ; infill
G1 X56.598 Y65.734 Z4.821 E1281.85444 ; infill
G1 X54.656 Y65.734 Z4.524 E1281.92913 ; infill
G1 X53.203 Y65.734 Z4.331 E1281.98499 ; infill
G1 X51.950 Y65.734 Z4.192 E1282.03320 ; infill
G1 X50.667 Y65.734 Z4.079 E1282.08254 ; infill
G1 X49.335 Y65.734 Z3.997 E1282.13375 ; infill
G1 X47.937 Y65.734 Z3.949 E1282.18748 ; infill
G1 X46.457 Y65.734 Z3.939 E1282.24440 ; infill
G1 X44.877 Y65.734 Z3.969 E1282.30515 ; infill
G1 X43.180 Y65.734 Z4.043 E1282.37039 ; infill
G1 X42.050 Y65.734 Z4.117 E1282.41384 ; infill
G1 X42.056 Y65.276 Z4.117 E1282.43144 ; infill
G1 X43.178 Y65.276 Z4.043 E1282.47460 ; infill
G1 X44.876 Y65.276 Z3.969 E1282.53987 ; infill
G1 X46.458 Y65.276 Z3.939 E1282.60069 ; infill
G1 X47.941 Y65.276 Z3.950 E1282.65771 ; infill
G1 X49.343 Y65.276 Z3.998 E1282.71161 ; infill
G1 X50.688 Y65.276 Z4.080 E1282.76336 ; infill
G1 X51.986 Y65.276 Z4.193 E1282.81326 ; infill
G1 X53.253 Y65.276 Z4.333 E1282.86197 ; infill
G1 X54.714 Y65.276 Z4.526 E1282.91815 ; infill
G1 X56.182 Y65.276 Z4.746 E1282.97462 ; infill
G1 X60.905 Y65.276 Z5.513 E1283.15627 ; infill
G1 X64.607 Y65.276 Z6.060 E1283.29868 ; infill
G1 X66.701 Y65.276 Z6.329 E1283.37918 ; infill
G1 X69.011 Y65.276 Z6.586 E1283.46800 ; infill
G1 X71.545 Y65.276 Z6.827 E1283.56546 ; infill
G1 X75.896 Y65.276 Z7.147 E1283.73276 ; infill
G1 X79.250 Y65.276 Z7.324 E1283.86172 ; infill
G1 X83.783 Y65.276 Z7.484 E1284.03601 ; infill
G1 X89.973 Y65.276 Z7.599 E1284.27402 ; infill
G1 X95.785 Y65.276 Z7.495 E1284.49749 ; infill
G1 X100.747 Y65.276 Z7.324 E1284.68829 ; infill
G1 X104.101 Y65.276 Z7.147 E1284.81725 ; infill
G1 X108.473 Y65.276 Z6.825 E1284.98536 ; infill
G1 X111.703 Y65.276 Z6.507 E1285.10956 ; infill
G1 X113.296 Y65.276 Z6.329 E1285.17084 ; infill
G1 X115.389 Y65.276 Z6.060 E1285.25134 ; infill
G1 X119.092 Y65.276 Z5.513 E1285.39374 ; infill
G1 X123.815 Y65.276 Z4.746 E1285.57539 ; infill
G1 X125.283 Y65.276 Z4.526 E1285.63186 ; infill
G1 X126.744 Y65.276 Z4.333 E1285.68804 ; infill
G1 X128.011 Y65.276 Z4.193 E1285.73675 ; infill
G1 X129.308 Y65.276 Z4.080 E1285.78665 ; infill
G1 X130.654 Y65.276 Z3.998 E1285.83840 ; infill
G1 X132.056 Y65.276 Z3.950 E1285.89230 ; infill
G1 X133.539 Y65.276 Z3.939 E1285.94932 ; infill
G1 X135.121 Y65.276 Z3.969 E1286.01014 ; infill
G1 X136.818 Y65.276 Z4.043 E1286.07542 ; infill
G1 X137.930 Y65.276 Z4.117 E1286.11815 ; infill
G1 X137.929 Y64.818 Z4.117 E1286.13576 ; infill
G1 X136.820 Y64.818 Z4.043 E1286.17839 ; infill
G1 X135.122 Y64.818 Z3.969 E1286.24369 ; infill
G1 X133.531 Y64.818 Z3.940 E1286.30487 ; infill
G1 X132.035 Y64.818 Z3.951 E1286.36237 ; infill
G1 X130.621 Y64.818 Z3.999 E1286.41676 ; infill
G1 X129.271 Y64.818 Z4.082 E1286.46868 ; infill
G1 X127.967 Y64.818 Z4.195 E1286.51879 ; infill
G1 X126.694 Y64.818 Z4.335 E1286.56773 ; infill
G1 X125.225 Y64.818 Z4.528 E1286.62423 ; infill
G1 X118.165 Y64.818 Z5.641 E1286.89577 ; infill
G1 X115.234 Y64.818 Z6.065 E1287.00850 ; infill
G1 X112.138 Y64.818 Z6.443 E1287.12758 ; infill
G1 X108.687 Y64.818 Z6.791 E1287.26025 ; infill
G1 X105.163 Y64.818 Z7.066 E1287.39576 ; infill
G1 X102.405 Y64.818 Z7.232 E1287.50183 ; infill
G1 X100.360 Y64.818 Z7.332 E1287.58046 ; infill
G1 X96.297 Y64.818 Z7.477 E1287.73668 ; infill
G1 X93.777 Y64.818 Z7.538 E1287.83357 ; infill
G1 X89.998 Y64.818 Z7.597 E1287.97887 ; infill
G1 X86.219 Y64.818 Z7.538 E1288.12417 ; infill
G1 X83.700 Y64.818 Z7.477 E1288.22105 ; infill
G1 X79.637 Y64.818 Z7.332 E1288.37727 ; infill
G1 X76.203 Y64.818 Z7.154 E1288.50929 ; infill
G1 X73.505 Y64.818 Z6.971 E1288.61304 ; infill
G1 X71.793 Y64.818 Z6.834 E1288.67888 ; infill
G1 X69.215 Y64.818 Z6.592 E1288.77801 ; infill
G1 X66.890 Y64.818 Z6.334 E1288.86740 ; infill
G1 X64.762 Y64.818 Z6.065 E1288.94923 ; infill
G1 X61.029 Y64.818 Z5.517 E1289.09281 ; infill
G1 X56.249 Y64.818 Z4.748 E1289.27666 ; infill
G1 X54.771 Y64.818 Z4.528 E1289.33349 ; infill
G1 X52.643 Y64.818 Z4.262 E1289.41535 ; infill
G1 X50.726 Y64.818 Z4.082 E1289.48905 ; infill
G1 X49.376 Y64.818 Z3.999 E1289.54097 ; infill
G1 X47.962 Y64.818 Z3.951 E1289.59536 ; infill
G1 X46.466 Y64.818 Z3.940 E1289.65286 ; infill
G1 X44.875 Y64.818 Z3.969 E1289.71404 ; infill
G1 X43.177 Y64.818 Z4.043 E1289.77934 ; infill
G1 X42.062 Y64.818 Z4.117 E1289.82221 ; infill
G1 X42.067 Y64.361 Z4.117 E1289.83981 ; infill
G1 X43.189 Y64.361 Z4.043 E1289.88294 ; infill
G1 X44.898 Y64.361 Z3.970 E1289.94866 ; infill
G1 X46.493 Y64.361 Z3.940 E1290.01000 ; infill
G1 X47.991 Y64.361 Z3.951 E1290.06760 ; infill
G1 X49.409 Y64.361 Z4.000 E1290.12212 ; infill
G1 X50.764 Y64.361 Z4.083 E1290.17421 ; infill
G1 X52.073 Y64.361 Z4.196 E1290.22453 ; infill
G1 X53.038 Y64.361 Z4.302 E1290.26167 ; infill
G1 X54.829 Y64.361 Z4.530 E1290.33053 ; infill
G1 X56.524 Y64.361 Z4.782 E1290.39573 ; infill
G1 X61.154 Y64.361 Z5.521 E1290.57378 ; infill
G1 X64.938 Y64.361 Z6.070 E1290.71932 ; infill
G1 X67.080 Y64.361 Z6.339 E1290.80170 ; infill
G1 X70.710 Y64.361 Z6.721 E1290.94129 ; infill
G1 X74.947 Y64.361 Z7.061 E1291.10422 ; infill
G1 X77.367 Y64.361 Z7.208 E1291.19726 ; infill
G1 X80.058 Y64.361 Z7.341 E1291.30073 ; infill
G1 X84.314 Y64.361 Z7.487 E1291.46436 ; infill
G1 X89.998 Y64.361 Z7.594 E1291.68293 ; infill
G1 X95.683 Y64.361 Z7.487 E1291.90152 ; infill
G1 X99.939 Y64.361 Z7.341 E1292.06515 ; infill
G1 X102.297 Y64.361 Z7.226 E1292.15585 ; infill
G1 X105.049 Y64.361 Z7.061 E1292.26166 ; infill
G1 X108.902 Y64.361 Z6.756 E1292.40981 ; infill
G1 X112.573 Y64.361 Z6.378 E1292.55095 ; infill
G1 X115.059 Y64.361 Z6.070 E1292.64655 ; infill
G1 X118.532 Y64.361 Z5.569 E1292.78014 ; infill
G1 X123.672 Y64.361 Z4.751 E1292.97784 ; infill
G1 X125.167 Y64.361 Z4.530 E1293.03534 ; infill
G1 X126.645 Y64.361 Z4.336 E1293.09216 ; infill
G1 X127.924 Y64.361 Z4.196 E1293.14135 ; infill
G1 X129.233 Y64.361 Z4.083 E1293.19167 ; infill
G1 X130.587 Y64.361 Z4.000 E1293.24376 ; infill
G1 X132.005 Y64.361 Z3.951 E1293.29828 ; infill
G1 X133.503 Y64.361 Z3.940 E1293.35588 ; infill
G1 X135.098 Y64.361 Z3.970 E1293.41721 ; infill
G1 X136.808 Y64.361 Z4.043 E1293.48293 ; infill
G1 X137.928 Y64.361 Z4.117 E1293.52600 ; infill
G1 X137.922 Y63.903 Z4.118 E1293.54361 ; infill
G1 X136.783 Y63.903 Z4.043 E1293.58742 ; infill
G1 X135.073 Y63.903 Z3.970 E1293.65317 ; infill
G1 X133.476 Y63.903 Z3.941 E1293.71456 ; infill
G1 X131.976 Y63.903 Z3.952 E1293.77226 ; infill
G1 X130.554 Y63.903 Z4.001 E1293.82692 ; infill
G1 X129.195 Y63.903 Z4.084 E1293.87918 ; infill
G1 X127.881 Y63.903 Z4.197 E1293.92970 ; infill
G1 X126.593 Y63.903 Z4.338 E1293.97922 ; infill
G1 X125.093 Y63.903 Z4.532 E1294.03693 ; infill
G1 X123.581 Y63.903 Z4.754 E1294.09505 ; infill
G1 X118.710 Y63.903 Z5.525 E1294.28243 ; infill
G1 X114.883 Y63.903 Z6.075 E1294.42959 ; infill
G1 X112.714 Y63.903 Z6.345 E1294.51299 ; infill
G1 X109.043 Y63.903 Z6.728 E1294.65418 ; infill
G1 X104.728 Y63.903 Z7.068 E1294.82010 ; infill
G1 X100.073 Y63.903 Z7.322 E1294.99908 ; infill
G1 X94.983 Y63.903 Z7.498 E1295.19478 ; infill
G1 X89.998 Y63.903 Z7.590 E1295.38646 ; infill
G1 X85.013 Y63.903 Z7.498 E1295.57813 ; infill
G1 X79.924 Y63.903 Z7.322 E1295.77383 ; infill
G1 X75.269 Y63.903 Z7.068 E1295.95281 ; infill
G1 X70.954 Y63.903 Z6.728 E1296.11873 ; infill
G1 X67.282 Y63.903 Z6.345 E1296.25992 ; infill
G1 X65.114 Y63.903 Z6.075 E1296.34332 ; infill
G1 X61.287 Y63.903 Z5.525 E1296.49047 ; infill
G1 X56.416 Y63.903 Z4.754 E1296.67785 ; infill
G1 X54.904 Y63.903 Z4.532 E1296.73597 ; infill
G1 X53.404 Y63.903 Z4.338 E1296.79368 ; infill
G1 X52.116 Y63.903 Z4.198 E1296.84320 ; infill
G1 X50.802 Y63.903 Z4.084 E1296.89372 ; infill
G1 X49.443 Y63.903 Z4.001 E1296.94599 ; infill
G1 X48.021 Y63.903 Z3.952 E1297.00065 ; infill
G1 X46.521 Y63.903 Z3.941 E1297.05834 ; infill
G1 X44.924 Y63.903 Z3.970 E1297.11974 ; infill
G1 X43.214 Y63.903 Z4.043 E1297.18548 ; infill
G1 X42.073 Y63.903 Z4.118 E1297.22935 ; infill
G1 X42.101 Y63.445 Z4.118 E1297.24699 ; infill
G1 X43.239 Y63.445 Z4.043 E1297.29075 ; infill
G1 X44.949 Y63.445 Z3.970 E1297.35652 ; infill
G1 X46.548 Y63.445 Z3.941 E1297.41797 ; infill
G1 X48.051 Y63.445 Z3.953 E1297.47577 ; infill
G1 X49.476 Y63.445 Z4.002 E1297.53056 ; infill
G1 X50.840 Y63.445 Z4.085 E1297.58303 ; infill
G1 X52.173 Y63.445 Z4.199 E1297.63425 ; infill
G1 X53.477 Y63.445 Z4.340 E1297.68441 ; infill
G1 X54.986 Y63.445 Z4.535 E1297.74244 ; infill
G1 X56.507 Y63.445 Z4.756 E1297.80092 ; infill
G1 X61.436 Y63.445 Z5.529 E1297.99053 ; infill
G1 X65.295 Y63.445 Z6.080 E1298.13894 ; infill
G1 X67.500 Y63.445 Z6.351 E1298.22372 ; infill
G1 X71.218 Y63.445 Z6.734 E1298.36668 ; infill
G1 X74.059 Y63.445 Z6.967 E1298.47592 ; infill
G1 X75.615 Y63.445 Z7.075 E1298.53575 ; infill
G1 X79.154 Y63.445 Z7.275 E1298.67184 ; infill
G1 X83.872 Y63.445 Z7.457 E1298.85327 ; infill
G1 X89.998 Y63.445 Z7.586 E1299.08881 ; infill
G1 X96.124 Y63.445 Z7.457 E1299.32435 ; infill
G1 X100.843 Y63.445 Z7.275 E1299.50578 ; infill
G1 X104.382 Y63.445 Z7.075 E1299.64188 ; infill
G1 X105.938 Y63.445 Z6.967 E1299.70170 ; infill
G1 X108.779 Y63.445 Z6.734 E1299.81095 ; infill
G1 X112.497 Y63.445 Z6.351 E1299.95391 ; infill
G1 X114.701 Y63.445 Z6.080 E1300.03869 ; infill
G1 X117.679 Y63.445 Z5.662 E1300.15320 ; infill
G1 X125.011 Y63.445 Z4.535 E1300.43519 ; infill
G1 X126.520 Y63.445 Z4.340 E1300.49322 ; infill
G1 X127.824 Y63.445 Z4.199 E1300.54338 ; infill
G1 X129.156 Y63.445 Z4.085 E1300.59460 ; infill
G1 X130.521 Y63.445 Z4.002 E1300.64706 ; infill
G1 X131.946 Y63.445 Z3.953 E1300.70186 ; infill
G1 X133.449 Y63.445 Z3.941 E1300.75965 ; infill
G1 X135.047 Y63.445 Z3.970 E1300.82111 ; infill
G1 X136.758 Y63.445 Z4.044 E1300.88687 ; infill
G1 X137.894 Y63.445 Z4.118 E1300.93059 ; infill
G1 X137.867 Y62.987 Z4.118 E1300.94823 ; infill
G1 X136.733 Y62.987 Z4.044 E1300.99184 ; infill
G1 X135.022 Y62.987 Z3.970 E1301.05762 ; infill
G1 X133.422 Y62.987 Z3.942 E1301.11914 ; infill
G1 X131.916 Y62.987 Z3.953 E1301.17704 ; infill
G1 X130.475 Y62.987 Z4.003 E1301.23243 ; infill
G1 X129.094 Y62.987 Z4.086 E1301.28553 ; infill
G1 X127.757 Y62.987 Z4.201 E1301.33696 ; infill
G1 X126.446 Y62.987 Z4.342 E1301.38735 ; infill
G1 X124.929 Y62.987 Z4.537 E1301.44570 ; infill
G1 X117.947 Y62.987 Z5.603 E1301.71423 ; infill
G1 X114.498 Y62.987 Z6.085 E1301.84687 ; infill
G1 X112.158 Y62.987 Z6.369 E1301.93686 ; infill
G1 X108.499 Y62.987 Z6.741 E1302.07755 ; infill
G1 X105.677 Y62.987 Z6.969 E1302.18605 ; infill
G1 X104.012 Y62.987 Z7.083 E1302.25010 ; infill
G1 X100.457 Y62.987 Z7.280 E1302.38678 ; infill
G1 X96.104 Y62.987 Z7.448 E1302.55417 ; infill
G1 X89.998 Y62.987 Z7.581 E1302.78893 ; infill
G1 X83.893 Y62.987 Z7.448 E1303.02370 ; infill
G1 X79.540 Y62.987 Z7.280 E1303.19108 ; infill
G1 X75.985 Y62.987 Z7.083 E1303.32776 ; infill
G1 X74.319 Y62.987 Z6.969 E1303.39182 ; infill
G1 X71.497 Y62.987 Z6.741 E1303.50031 ; infill
G1 X67.717 Y62.987 Z6.356 E1303.64566 ; infill
G1 X65.498 Y62.987 Z6.085 E1303.73099 ; infill
G1 X61.585 Y62.987 Z5.533 E1303.88148 ; infill
G1 X55.068 Y62.987 Z4.537 E1304.13216 ; infill
G1 X52.847 Y62.987 Z4.266 E1304.21755 ; infill
G1 X50.902 Y62.987 Z4.086 E1304.29233 ; infill
G1 X49.521 Y62.987 Z4.003 E1304.34543 ; infill
G1 X48.081 Y62.987 Z3.953 E1304.40082 ; infill
G1 X46.575 Y62.987 Z3.942 E1304.45872 ; infill
G1 X44.975 Y62.987 Z3.970 E1304.52024 ; infill
G1 X43.264 Y62.987 Z4.044 E1304.58603 ; infill
G1 X42.129 Y62.987 Z4.118 E1304.62968 ; infill
G1 X42.157 Y62.529 Z4.118 E1304.64732 ; infill
G1 X43.289 Y62.529 Z4.044 E1304.69086 ; infill
G1 X45.001 Y62.529 Z3.971 E1304.75667 ; infill
G1 X46.612 Y62.529 Z3.942 E1304.81863 ; infill
G1 X48.134 Y62.529 Z3.954 E1304.87714 ; infill
G1 X49.579 Y62.529 Z4.004 E1304.93271 ; infill
G1 X50.965 Y62.529 Z4.088 E1304.98598 ; infill
G1 X52.307 Y62.529 Z4.202 E1305.03761 ; infill
G1 X53.303 Y62.529 Z4.309 E1305.07591 ; infill
G1 X55.149 Y62.529 Z4.539 E1305.14690 ; infill
G1 X57.127 Y62.529 Z4.825 E1305.22296 ; infill
G1 X61.916 Y62.529 Z5.564 E1305.40715 ; infill
G1 X65.702 Y62.529 Z6.091 E1305.55274 ; infill
G1 X67.953 Y62.529 Z6.362 E1305.63931 ; infill
G1 X71.795 Y62.529 Z6.747 E1305.78705 ; infill
G1 X74.570 Y62.529 Z6.968 E1305.89374 ; infill
G1 X76.381 Y62.529 Z7.091 E1305.96340 ; infill
G1 X80.049 Y62.529 Z7.288 E1306.10445 ; infill
G1 X84.664 Y62.529 Z7.459 E1306.28189 ; infill
G1 X89.998 Y62.529 Z7.571 E1306.48699 ; infill
G1 X95.332 Y62.529 Z7.459 E1306.69209 ; infill
G1 X99.947 Y62.529 Z7.288 E1306.86953 ; infill
G1 X103.616 Y62.529 Z7.091 E1307.01058 ; infill
G1 X105.427 Y62.529 Z6.968 E1307.08023 ; infill
G1 X108.202 Y62.529 Z6.747 E1307.18692 ; infill
G1 X112.044 Y62.529 Z6.362 E1307.33467 ; infill
G1 X114.295 Y62.529 Z6.091 E1307.42124 ; infill
G1 X118.215 Y62.529 Z5.544 E1307.57201 ; infill
G1 X123.288 Y62.529 Z4.762 E1307.76712 ; infill
G1 X124.847 Y62.529 Z4.539 E1307.82708 ; infill
G1 X126.373 Y62.529 Z4.344 E1307.88574 ; infill
G1 X127.690 Y62.529 Z4.202 E1307.93637 ; infill
G1 X129.032 Y62.529 Z4.088 E1307.98800 ; infill
G1 X130.418 Y62.529 Z4.004 E1308.04127 ; infill
G1 X131.863 Y62.529 Z3.954 E1308.09684 ; infill
G1 X133.384 Y62.529 Z3.942 E1308.15534 ; infill
G1 X134.996 Y62.529 Z3.971 E1308.21731 ; infill
G1 X136.707 Y62.529 Z4.044 E1308.28312 ; infill
G1 X137.839 Y62.529 Z4.118 E1308.32663 ; infill
G1 X137.811 Y62.071 Z4.118 E1308.34426 ; infill
G1 X136.675 Y62.071 Z4.044 E1308.38794 ; infill
G1 X134.949 Y62.071 Z3.971 E1308.45432 ; infill
G1 X133.332 Y62.071 Z3.942 E1308.51647 ; infill
G1 X131.808 Y62.071 Z3.955 E1308.57507 ; infill
G1 X130.360 Y62.071 Z4.005 E1308.63077 ; infill
G1 X128.970 Y62.071 Z4.089 E1308.68421 ; infill
G1 X127.622 Y62.071 Z4.204 E1308.73604 ; infill
G1 X126.296 Y62.071 Z4.346 E1308.78706 ; infill
G1 X124.742 Y62.071 Z4.542 E1308.84681 ; infill
G1 X123.173 Y62.071 Z4.764 E1308.90714 ; infill
G1 X118.089 Y62.071 Z5.542 E1309.10268 ; infill
G1 X114.085 Y62.071 Z6.096 E1309.25665 ; infill
G1 X111.796 Y62.071 Z6.368 E1309.34470 ; infill
G1 X107.886 Y62.071 Z6.754 E1309.49505 ; infill
G1 X105.159 Y62.071 Z6.968 E1309.59988 ; infill
G1 X103.192 Y62.071 Z7.098 E1309.67554 ; infill
G1 X99.390 Y62.071 Z7.298 E1309.82169 ; infill
G1 X94.444 Y62.071 Z7.472 E1310.01190 ; infill
G1 X89.998 Y62.071 Z7.561 E1310.18283 ; infill
G1 X85.553 Y62.071 Z7.472 E1310.35376 ; infill
G1 X80.606 Y62.071 Z7.298 E1310.54396 ; infill
G1 X76.805 Y62.071 Z7.098 E1310.69012 ; infill
G1 X74.837 Y62.071 Z6.968 E1310.76579 ; infill
G1 X72.111 Y62.071 Z6.754 E1310.87061 ; infill
G1 X68.201 Y62.071 Z6.368 E1311.02096 ; infill
G1 X65.912 Y62.071 Z6.096 E1311.10901 ; infill
G1 X61.908 Y62.071 Z5.542 E1311.26298 ; infill
G1 X56.824 Y62.071 Z4.764 E1311.45852 ; infill
G1 X55.255 Y62.071 Z4.542 E1311.51885 ; infill
G1 X53.701 Y62.071 Z4.346 E1311.57860 ; infill
G1 X52.374 Y62.071 Z4.204 E1311.62962 ; infill
G1 X51.027 Y62.071 Z4.089 E1311.68145 ; infill
G1 X49.637 Y62.071 Z4.005 E1311.73489 ; infill
G1 X48.188 Y62.071 Z3.955 E1311.79058 ; infill
G1 X46.664 Y62.071 Z3.942 E1311.84918 ; infill
G1 X45.048 Y62.071 Z3.971 E1311.91134 ; infill
G1 X43.321 Y62.071 Z4.044 E1311.97772 ; infill
G1 X42.185 Y62.071 Z4.118 E1312.02143 ; infill
G1 X42.228 Y61.613 Z4.118 E1312.03911 ; infill
G1 X43.372 Y61.613 Z4.044 E1312.08310 ; infill
G1 X45.098 Y61.613 Z3.971 E1312.14949 ; infill
G1 X46.716 Y61.613 Z3.943 E1312.21170 ; infill
G1 X48.243 Y61.613 Z3.956 E1312.27039 ; infill
G1 X49.694 Y61.613 Z4.006 E1312.32621 ; infill
G1 X51.089 Y61.613 Z4.090 E1312.37982 ; infill
G1 X52.453 Y61.613 Z4.205 E1312.43229 ; infill
G1 X53.799 Y61.613 Z4.348 E1312.48405 ; infill
G1 X55.361 Y61.613 Z4.544 E1312.54412 ; infill
G1 X62.084 Y61.613 Z5.546 E1312.80269 ; infill
G1 X66.137 Y61.613 Z6.101 E1312.95855 ; infill
G1 X68.462 Y61.613 Z6.374 E1313.04794 ; infill
G1 X71.399 Y61.613 Z6.668 E1313.16090 ; infill
G1 X75.541 Y61.613 Z6.997 E1313.32016 ; infill
G1 X79.549 Y61.613 Z7.230 E1313.47426 ; infill
G1 X84.178 Y61.613 Z7.416 E1313.65227 ; infill
G1 X86.608 Y61.613 Z7.486 E1313.74569 ; infill
G1 X89.998 Y61.613 Z7.551 E1313.87605 ; infill
G1 X95.362 Y61.613 Z7.430 E1314.08227 ; infill
G1 X99.741 Y61.613 Z7.263 E1314.25067 ; infill
G1 X104.455 Y61.613 Z6.997 E1314.43194 ; infill
G1 X108.067 Y61.613 Z6.715 E1314.57079 ; infill
G1 X111.535 Y61.613 Z6.374 E1314.70417 ; infill
G1 X113.860 Y61.613 Z6.101 E1314.79356 ; infill
G1 X117.270 Y61.613 Z5.639 E1314.92471 ; infill
G1 X124.636 Y61.613 Z4.544 E1315.20799 ; infill
G1 X126.198 Y61.613 Z4.348 E1315.26806 ; infill
G1 X127.544 Y61.613 Z4.205 E1315.31982 ; infill
G1 X128.908 Y61.613 Z4.090 E1315.37229 ; infill
G1 X130.302 Y61.613 Z4.006 E1315.42589 ; infill
G1 X131.754 Y61.613 Z3.956 E1315.48172 ; infill
G1 X133.281 Y61.613 Z3.943 E1315.54041 ; infill
G1 X134.898 Y61.613 Z3.971 E1315.60262 ; infill
G1 X136.625 Y61.613 Z4.044 E1315.66900 ; infill
G1 X137.767 Y61.613 Z4.118 E1315.71290 ; infill
G1 X137.718 Y61.156 Z4.118 E1315.73061 ; infill
G1 X136.575 Y61.156 Z4.044 E1315.77456 ; infill
G1 X134.848 Y61.156 Z3.972 E1315.84095 ; infill
G1 X133.229 Y61.156 Z3.944 E1315.90321 ; infill
G1 X131.700 Y61.156 Z3.956 E1315.96200 ; infill
G1 X130.243 Y61.156 Z4.007 E1316.01800 ; infill
G1 X128.827 Y61.156 Z4.091 E1316.07244 ; infill
G1 X127.452 Y61.156 Z4.207 E1316.12534 ; infill
G1 X126.100 Y61.156 Z4.350 E1316.17733 ; infill
G1 X124.530 Y61.156 Z4.546 E1316.23771 ; infill
G1 X117.507 Y61.156 Z5.583 E1316.50780 ; infill
G1 X113.620 Y61.156 Z6.106 E1316.65729 ; infill
G1 X111.259 Y61.156 Z6.379 E1316.74807 ; infill
G1 X108.366 Y61.156 Z6.665 E1316.85931 ; infill
G1 X104.020 Y61.156 Z7.004 E1317.02643 ; infill
G1 X100.302 Y61.156 Z7.219 E1317.16937 ; infill
G1 X95.560 Y61.156 Z7.410 E1317.35174 ; infill
G1 X89.998 Y61.156 Z7.542 E1317.56557 ; infill
G1 X84.437 Y61.156 Z7.410 E1317.77940 ; infill
G1 X79.694 Y61.156 Z7.219 E1317.96177 ; infill
G1 X75.977 Y61.156 Z7.004 E1318.10470 ; infill
G1 X74.332 Y61.156 Z6.889 E1318.16794 ; infill
G1 X71.369 Y61.156 Z6.642 E1318.28189 ; infill
G1 X68.738 Y61.156 Z6.379 E1318.38307 ; infill
G1 X66.377 Y61.156 Z6.107 E1318.47384 ; infill
G1 X63.025 Y61.156 Z5.660 E1318.60274 ; infill
G1 X55.467 Y61.156 Z4.546 E1318.89342 ; infill
G1 X53.046 Y61.156 Z4.259 E1318.98652 ; infill
G1 X51.169 Y61.156 Z4.091 E1319.05869 ; infill
G1 X49.753 Y61.156 Z4.007 E1319.11314 ; infill
G1 X48.297 Y61.156 Z3.956 E1319.16914 ; infill
G1 X46.768 Y61.156 Z3.944 E1319.22792 ; infill
G1 X45.149 Y61.156 Z3.972 E1319.29019 ; infill
G1 X43.422 Y61.156 Z4.044 E1319.35658 ; infill
G1 X42.277 Y61.156 Z4.118 E1319.40061 ; infill
G1 X42.326 Y60.698 Z4.118 E1319.41832 ; infill
G1 X43.472 Y60.698 Z4.044 E1319.46239 ; infill
G1 X45.199 Y60.698 Z3.972 E1319.52880 ; infill
G1 X46.820 Y60.698 Z3.944 E1319.59111 ; infill
G1 X48.360 Y60.698 Z3.957 E1319.65031 ; infill
G1 X49.836 Y60.698 Z4.008 E1319.70708 ; infill
G1 X51.256 Y60.698 Z4.093 E1319.76168 ; infill
G1 X53.481 Y60.698 Z4.297 E1319.84725 ; infill
G1 X55.573 Y60.698 Z4.549 E1319.92769 ; infill
G1 X62.447 Y60.698 Z5.554 E1320.19205 ; infill
G1 X66.628 Y60.698 Z6.112 E1320.35282 ; infill
G1 X69.032 Y60.698 Z6.385 E1320.44528 ; infill
G1 X71.715 Y60.698 Z6.649 E1320.54846 ; infill
G1 X74.695 Y60.698 Z6.892 E1320.66304 ; infill
G1 X76.442 Y60.698 Z7.012 E1320.73021 ; infill
G1 X80.302 Y60.698 Z7.228 E1320.87865 ; infill
G1 X85.408 Y60.698 Z7.423 E1321.07497 ; infill
G1 X89.998 Y60.698 Z7.526 E1321.25146 ; infill
G1 X94.589 Y60.698 Z7.423 E1321.42796 ; infill
G1 X99.694 Y60.698 Z7.228 E1321.62428 ; infill
G1 X103.555 Y60.698 Z7.012 E1321.77272 ; infill
G1 X105.919 Y60.698 Z6.844 E1321.86363 ; infill
G1 X108.281 Y60.698 Z6.649 E1321.95447 ; infill
G1 X110.965 Y60.698 Z6.385 E1322.05765 ; infill
G1 X113.649 Y60.698 Z6.077 E1322.16087 ; infill
G1 X117.550 Y60.698 Z5.554 E1322.31088 ; infill
G1 X124.423 Y60.698 Z4.549 E1322.57523 ; infill
G1 X126.002 Y60.698 Z4.352 E1322.63593 ; infill
G1 X127.360 Y60.698 Z4.208 E1322.68815 ; infill
G1 X128.741 Y60.698 Z4.093 E1322.74125 ; infill
G1 X130.161 Y60.698 Z4.008 E1322.79585 ; infill
G1 X131.637 Y60.698 Z3.957 E1322.85261 ; infill
G1 X133.177 Y60.698 Z3.944 E1322.91182 ; infill
G1 X134.797 Y60.698 Z3.972 E1322.97413 ; infill
G1 X136.524 Y60.698 Z4.044 E1323.04053 ; infill
G1 X137.669 Y60.698 Z4.118 E1323.08454 ; infill
G1 X137.620 Y60.240 Z4.119 E1323.10224 ; infill
G1 X136.474 Y60.240 Z4.045 E1323.14629 ; infill
G1 X134.747 Y60.240 Z3.972 E1323.21271 ; infill
G1 X133.109 Y60.240 Z3.945 E1323.27568 ; infill
G1 X131.558 Y60.240 Z3.958 E1323.33534 ; infill
G1 X130.078 Y60.240 Z4.009 E1323.39222 ; infill
G1 X128.654 Y60.240 Z4.094 E1323.44698 ; infill
G1 X127.268 Y60.240 Z4.210 E1323.50027 ; infill
G1 X125.904 Y60.240 Z4.353 E1323.55273 ; infill
G1 X124.303 Y60.240 Z4.551 E1323.61430 ; infill
G1 X117.183 Y60.240 Z5.582 E1323.88810 ; infill
G1 X113.107 Y60.240 Z6.117 E1324.04486 ; infill
G1 X110.655 Y60.240 Z6.392 E1324.13917 ; infill
G1 X107.914 Y60.240 Z6.655 E1324.24454 ; infill
G1 X104.934 Y60.240 Z6.894 E1324.35912 ; infill
G1 X103.059 Y60.240 Z7.020 E1324.43125 ; infill
G1 X99.036 Y60.240 Z7.238 E1324.58591 ; infill
G1 X94.323 Y60.240 Z7.412 E1324.76715 ; infill
G1 X89.998 Y60.240 Z7.510 E1324.93343 ; infill
G1 X85.674 Y60.240 Z7.412 E1325.09971 ; infill
G1 X80.960 Y60.240 Z7.238 E1325.28095 ; infill
G1 X76.938 Y60.240 Z7.020 E1325.43560 ; infill
G1 X75.062 Y60.240 Z6.894 E1325.50774 ; infill
G1 X72.083 Y60.240 Z6.655 E1325.62231 ; infill
G1 X69.342 Y60.240 Z6.392 E1325.72768 ; infill
G1 X66.890 Y60.240 Z6.117 E1325.82199 ; infill
G1 X62.990 Y60.240 Z5.607 E1325.97197 ; infill
G1 X55.694 Y60.240 Z4.551 E1326.25256 ; infill
G1 X54.093 Y60.240 Z4.354 E1326.31412 ; infill
G1 X52.729 Y60.240 Z4.210 E1326.36658 ; infill
G1 X51.343 Y60.240 Z4.094 E1326.41987 ; infill
G1 X49.919 Y60.240 Z4.009 E1326.47463 ; infill
G1 X48.439 Y60.240 Z3.958 E1326.53152 ; infill
G1 X46.888 Y60.240 Z3.945 E1326.59118 ; infill
G1 X45.250 Y60.240 Z3.972 E1326.65415 ; infill
G1 X43.523 Y60.240 Z4.045 E1326.72056 ; infill
G1 X42.376 Y60.240 Z4.119 E1326.76467 ; infill
G1 X42.433 Y59.782 Z4.118 E1326.78241 ; infill
G1 X43.577 Y59.782 Z4.045 E1326.82640 ; infill
G1 X45.323 Y59.782 Z3.973 E1326.89356 ; infill
G1 X46.965 Y59.782 Z3.945 E1326.95669 ; infill
G1 X48.519 Y59.782 Z3.959 E1327.01642 ; infill
G1 X50.001 Y59.782 Z4.010 E1327.07343 ; infill
G1 X51.430 Y59.782 Z4.095 E1327.12835 ; infill
G1 X52.821 Y59.782 Z4.212 E1327.18184 ; infill
G1 X54.204 Y59.782 Z4.355 E1327.23503 ; infill
G1 X55.827 Y59.782 Z4.553 E1327.29746 ; infill
G1 X62.857 Y59.782 Z5.563 E1327.56781 ; infill
G1 X67.172 Y59.782 Z6.123 E1327.73375 ; infill
G1 X69.669 Y59.782 Z6.398 E1327.82977 ; infill
G1 X72.472 Y59.782 Z6.662 E1327.93754 ; infill
G1 X76.412 Y59.782 Z6.960 E1328.08903 ; infill
G1 X81.082 Y59.782 Z7.221 E1328.26862 ; infill
G1 X84.988 Y59.782 Z7.372 E1328.41882 ; infill
G1 X89.998 Y59.782 Z7.494 E1328.61145 ; infill
G1 X95.008 Y59.782 Z7.372 E1328.80408 ; infill
G1 X98.914 Y59.782 Z7.221 E1328.95428 ; infill
G1 X103.219 Y59.782 Z6.984 E1329.11980 ; infill
G1 X107.525 Y59.782 Z6.662 E1329.28537 ; infill
G1 X110.328 Y59.782 Z6.398 E1329.39314 ; infill
G1 X112.825 Y59.782 Z6.123 E1329.48916 ; infill
G1 X117.140 Y59.782 Z5.563 E1329.65510 ; infill
G1 X124.169 Y59.782 Z4.553 E1329.92545 ; infill
G1 X125.793 Y59.782 Z4.355 E1329.98788 ; infill
G1 X127.176 Y59.782 Z4.212 E1330.04107 ; infill
G1 X128.567 Y59.782 Z4.095 E1330.09456 ; infill
G1 X129.996 Y59.782 Z4.010 E1330.14948 ; infill
G1 X131.478 Y59.782 Z3.959 E1330.20649 ; infill
G1 X133.032 Y59.782 Z3.945 E1330.26622 ; infill
G1 X134.673 Y59.782 Z3.973 E1330.32934 ; infill
G1 X136.420 Y59.782 Z4.045 E1330.39651 ; infill
G1 X137.562 Y59.782 Z4.118 E1330.44043 ; infill
G1 X137.492 Y59.324 Z4.118 E1330.45824 ; infill
G1 X136.344 Y59.324 Z4.045 E1330.50240 ; infill
G1 X134.597 Y59.324 Z3.973 E1330.56956 ; infill
G1 X132.954 Y59.324 Z3.946 E1330.63273 ; infill
G1 X131.399 Y59.324 Z3.959 E1330.69254 ; infill
G1 X129.913 Y59.324 Z4.011 E1330.74967 ; infill
G1 X128.480 Y59.324 Z4.097 E1330.80475 ; infill
G1 X127.068 Y59.324 Z4.213 E1330.85904 ; infill
G1 X125.667 Y59.324 Z4.357 E1330.91291 ; infill
G1 X124.036 Y59.324 Z4.556 E1330.97564 ; infill
G1 X116.923 Y59.324 Z5.567 E1331.24920 ; infill
G1 X112.905 Y59.324 Z6.084 E1331.40371 ; infill
G1 X109.983 Y59.324 Z6.404 E1331.51607 ; infill
G1 X107.112 Y59.324 Z6.669 E1331.62647 ; infill
G1 X103.817 Y59.324 Z6.919 E1331.75316 ; infill
G1 X99.307 Y59.324 Z7.178 E1331.92657 ; infill
G1 X94.590 Y59.324 Z7.365 E1332.10797 ; infill
G1 X89.998 Y59.324 Z7.477 E1332.28452 ; infill
G1 X85.407 Y59.324 Z7.365 E1332.46105 ; infill
G1 X80.689 Y59.324 Z7.178 E1332.64246 ; infill
G1 X76.179 Y59.324 Z6.919 E1332.81587 ; infill
G1 X72.885 Y59.324 Z6.669 E1332.94255 ; infill
G1 X70.014 Y59.324 Z6.404 E1333.05295 ; infill
G1 X66.805 Y59.324 Z6.049 E1333.17635 ; infill
G1 X63.074 Y59.324 Z5.568 E1333.31982 ; infill
G1 X55.961 Y59.324 Z4.556 E1333.59338 ; infill
G1 X54.329 Y59.324 Z4.358 E1333.65611 ; infill
G1 X52.928 Y59.324 Z4.213 E1333.70998 ; infill
G1 X51.516 Y59.324 Z4.097 E1333.76428 ; infill
G1 X50.084 Y59.324 Z4.011 E1333.81936 ; infill
G1 X48.598 Y59.324 Z3.959 E1333.87648 ; infill
G1 X47.043 Y59.324 Z3.946 E1333.93630 ; infill
G1 X45.400 Y59.324 Z3.973 E1333.99946 ; infill
G1 X43.653 Y59.324 Z4.045 E1334.06663 ; infill
G1 X42.502 Y59.324 Z4.118 E1334.11088 ; infill
G1 X42.572 Y58.866 Z4.118 E1334.12869 ; infill
G1 X43.730 Y58.866 Z4.045 E1334.17322 ; infill
G1 X45.476 Y58.866 Z3.973 E1334.24038 ; infill
G1 X47.120 Y58.866 Z3.946 E1334.30358 ; infill
G1 X48.678 Y58.866 Z3.960 E1334.36348 ; infill
G1 X50.166 Y58.866 Z4.012 E1334.42072 ; infill
G1 X51.622 Y58.866 Z4.098 E1334.47668 ; infill
G1 X53.645 Y58.866 Z4.276 E1334.55448 ; infill
G1 X56.094 Y58.866 Z4.558 E1334.64865 ; infill
G1 X63.310 Y58.866 Z5.572 E1334.92615 ; infill
G1 X67.601 Y58.866 Z6.114 E1335.09119 ; infill
G1 X70.381 Y58.866 Z6.410 E1335.19808 ; infill
G1 X73.079 Y58.866 Z6.655 E1335.30183 ; infill
G1 X76.719 Y58.866 Z6.928 E1335.44178 ; infill
G1 X80.824 Y58.866 Z7.161 E1335.59962 ; infill
G1 X85.564 Y58.866 Z7.347 E1335.78189 ; infill
G1 X89.998 Y58.866 Z7.456 E1335.95238 ; infill
G1 X94.433 Y58.866 Z7.347 E1336.12289 ; infill
G1 X99.173 Y58.866 Z7.161 E1336.30516 ; infill
G1 X103.278 Y58.866 Z6.928 E1336.46299 ; infill
G1 X106.917 Y58.866 Z6.655 E1336.60293 ; infill
G1 X109.616 Y58.866 Z6.410 E1336.70669 ; infill
G1 X113.274 Y58.866 Z6.009 E1336.84737 ; infill
G1 X116.687 Y58.866 Z5.572 E1336.97862 ; infill
G1 X123.903 Y58.866 Z4.558 E1337.25612 ; infill
G1 X125.542 Y58.866 Z4.359 E1337.31917 ; infill
G1 X126.949 Y58.866 Z4.215 E1337.37326 ; infill
G1 X128.375 Y58.866 Z4.098 E1337.42810 ; infill
G1 X129.830 Y58.866 Z4.012 E1337.48405 ; infill
G1 X131.319 Y58.866 Z3.960 E1337.54130 ; infill
G1 X132.877 Y58.866 Z3.946 E1337.60119 ; infill
G1 X134.520 Y58.866 Z3.973 E1337.66439 ; infill
G1 X136.267 Y58.866 Z4.045 E1337.73155 ; infill
G1 X137.422 Y58.866 Z4.118 E1337.77596 ; infill
G1 X137.352 Y58.409 Z4.119 E1337.79377 ; infill
G1 X136.191 Y58.409 Z4.045 E1337.83842 ; infill
G1 X134.444 Y58.409 Z3.974 E1337.90557 ; infill
G1 X132.799 Y58.409 Z3.947 E1337.96881 ; infill
G1 X131.240 Y58.409 Z3.961 E1338.02879 ; infill
G1 X129.726 Y58.409 Z4.013 E1338.08698 ; infill
G1 X128.260 Y58.409 Z4.099 E1338.14334 ; infill
G1 X126.829 Y58.409 Z4.217 E1338.19836 ; infill
G1 X125.417 Y58.409 Z4.361 E1338.25269 ; infill
G1 X123.767 Y58.409 Z4.561 E1338.31614 ; infill
G1 X116.642 Y58.409 Z5.550 E1338.59012 ; infill
G1 X113.214 Y58.409 Z5.985 E1338.72196 ; infill
G1 X109.835 Y58.409 Z6.355 E1338.85192 ; infill
G1 X107.169 Y58.409 Z6.601 E1338.95443 ; infill
G1 X104.530 Y58.409 Z6.812 E1339.05588 ; infill
G1 X102.703 Y58.409 Z6.936 E1339.12615 ; infill
G1 X98.694 Y58.409 Z7.157 E1339.28029 ; infill
G1 X94.617 Y58.409 Z7.317 E1339.43706 ; infill
G1 X89.998 Y58.409 Z7.434 E1339.61465 ; infill
G1 X85.380 Y58.409 Z7.317 E1339.79221 ; infill
G1 X81.175 Y58.409 Z7.151 E1339.95390 ; infill
G1 X76.636 Y58.409 Z6.892 E1340.12845 ; infill
G1 X72.434 Y58.409 Z6.566 E1340.29000 ; infill
G1 X69.832 Y58.409 Z6.321 E1340.39007 ; infill
G1 X66.782 Y58.409 Z5.985 E1340.50733 ; infill
G1 X63.553 Y58.409 Z5.577 E1340.63151 ; infill
G1 X56.230 Y58.409 Z4.561 E1340.91314 ; infill
G1 X54.144 Y58.409 Z4.317 E1340.99336 ; infill
G1 X51.736 Y58.409 Z4.099 E1341.08594 ; infill
G1 X50.270 Y58.409 Z4.013 E1341.14230 ; infill
G1 X48.757 Y58.409 Z3.961 E1341.20049 ; infill
G1 X47.197 Y58.409 Z3.947 E1341.26047 ; infill
G1 X45.553 Y58.409 Z3.974 E1341.32371 ; infill
G1 X43.806 Y58.409 Z4.045 E1341.39087 ; infill
G1 X42.641 Y58.409 Z4.119 E1341.43567 ; infill
G1 X42.716 Y57.951 Z4.119 E1341.45351 ; infill
G1 X43.882 Y57.951 Z4.045 E1341.49835 ; infill
G1 X45.629 Y57.951 Z3.974 E1341.56550 ; infill
G1 X47.275 Y57.951 Z3.947 E1341.62878 ; infill
G1 X48.861 Y57.951 Z3.962 E1341.68976 ; infill
G1 X50.381 Y57.951 Z4.014 E1341.74823 ; infill
G1 X51.851 Y57.951 Z4.101 E1341.80474 ; infill
G1 X53.287 Y57.951 Z4.218 E1341.85995 ; infill
G1 X54.705 Y57.951 Z4.364 E1341.91450 ; infill
G1 X56.386 Y57.951 Z4.563 E1341.97914 ; infill
G1 X63.811 Y57.951 Z5.581 E1342.26468 ; infill
G1 X66.018 Y57.951 Z5.863 E1342.34953 ; infill
G1 X69.107 Y57.951 Z6.214 E1342.46832 ; infill
G1 X71.181 Y57.951 Z6.423 E1342.54807 ; infill
G1 X72.991 Y57.951 Z6.582 E1342.61768 ; infill
G1 X77.055 Y57.951 Z6.890 E1342.77396 ; infill
G1 X80.967 Y57.951 Z7.112 E1342.92437 ; infill
G1 X85.562 Y57.951 Z7.299 E1343.10106 ; infill
G1 X89.998 Y57.951 Z7.411 E1343.27163 ; infill
G1 X94.435 Y57.951 Z7.299 E1343.44222 ; infill
G1 X99.029 Y57.951 Z7.112 E1343.61888 ; infill
G1 X102.941 Y57.951 Z6.890 E1343.76929 ; infill
G1 X107.005 Y57.951 Z6.582 E1343.92557 ; infill
G1 X109.498 Y57.951 Z6.356 E1344.02142 ; infill
G1 X113.008 Y57.951 Z5.977 E1344.15640 ; infill
G1 X116.186 Y57.951 Z5.581 E1344.27859 ; infill
G1 X123.611 Y57.951 Z4.563 E1344.56413 ; infill
G1 X125.291 Y57.951 Z4.364 E1344.62876 ; infill
G1 X126.710 Y57.951 Z4.218 E1344.68331 ; infill
G1 X128.146 Y57.951 Z4.101 E1344.73853 ; infill
G1 X129.616 Y57.951 Z4.014 E1344.79504 ; infill
G1 X131.136 Y57.951 Z3.962 E1344.85350 ; infill
G1 X132.722 Y57.951 Z3.947 E1344.91448 ; infill
G1 X134.368 Y57.951 Z3.974 E1344.97776 ; infill
G1 X136.114 Y57.951 Z4.045 E1345.04491 ; infill
G1 X137.282 Y57.951 Z4.119 E1345.08980 ; infill
G1 X137.191 Y57.493 Z4.118 E1345.10775 ; infill
G1 X136.038 Y57.493 Z4.045 E1345.15209 ; infill
G1 X134.291 Y57.493 Z3.974 E1345.21924 ; infill
G1 X132.618 Y57.493 Z3.948 E1345.28357 ; infill
G1 X131.028 Y57.493 Z3.962 E1345.34471 ; infill
G1 X129.505 Y57.493 Z4.015 E1345.40328 ; infill
G1 X128.031 Y57.493 Z4.102 E1345.45994 ; infill
G1 X126.591 Y57.493 Z4.220 E1345.51534 ; infill
G1 X125.147 Y57.493 Z4.366 E1345.57085 ; infill
G1 X123.455 Y57.493 Z4.566 E1345.63593 ; infill
G1 X116.299 Y57.493 Z5.535 E1345.91113 ; infill
G1 X113.351 Y57.493 Z5.905 E1346.02447 ; infill
G1 X111.173 Y57.493 Z6.152 E1346.10822 ; infill
G1 X107.607 Y57.493 Z6.498 E1346.24537 ; infill
G1 X103.404 Y57.493 Z6.828 E1346.40698 ; infill
G1 X99.192 Y57.493 Z7.076 E1346.56894 ; infill
G1 X94.983 Y57.493 Z7.252 E1346.73076 ; infill
G1 X89.998 Y57.493 Z7.388 E1346.92243 ; infill
G1 X85.320 Y57.493 Z7.263 E1347.10232 ; infill
G1 X80.805 Y57.493 Z7.076 E1347.27591 ; infill
G1 X76.593 Y57.493 Z6.828 E1347.43788 ; infill
G1 X72.390 Y57.493 Z6.498 E1347.59950 ; infill
G1 X68.823 Y57.493 Z6.152 E1347.73663 ; infill
G1 X66.336 Y57.493 Z5.868 E1347.83230 ; infill
G1 X63.335 Y57.493 Z5.487 E1347.94768 ; infill
G1 X56.542 Y57.493 Z4.566 E1348.20892 ; infill
G1 X54.850 Y57.493 Z4.366 E1348.27401 ; infill
G1 X53.406 Y57.493 Z4.220 E1348.32951 ; infill
G1 X51.965 Y57.493 Z4.102 E1348.38491 ; infill
G1 X50.492 Y57.493 Z4.015 E1348.44158 ; infill
G1 X48.968 Y57.493 Z3.962 E1348.50015 ; infill
G1 X47.378 Y57.493 Z3.948 E1348.56129 ; infill
G1 X45.705 Y57.493 Z3.974 E1348.62562 ; infill
G1 X43.959 Y57.493 Z4.045 E1348.69277 ; infill
G1 X42.802 Y57.493 Z4.119 E1348.73724 ; infill
G1 X42.889 Y57.035 Z4.119 E1348.75515 ; infill
G1 X44.036 Y57.035 Z4.046 E1348.79927 ; infill
G1 X45.810 Y57.035 Z3.975 E1348.86749 ; infill
G1 X47.485 Y57.035 Z3.948 E1348.93187 ; infill
G1 X49.076 Y57.035 Z3.963 E1348.99307 ; infill
G1 X50.602 Y57.035 Z4.016 E1349.05175 ; infill
G1 X52.080 Y57.035 Z4.103 E1349.10857 ; infill
G1 X53.542 Y57.035 Z4.222 E1349.16480 ; infill
G1 X54.998 Y57.035 Z4.368 E1349.22077 ; infill
G1 X56.715 Y57.035 Z4.568 E1349.28680 ; infill
G1 X62.489 Y57.035 Z5.343 E1349.50883 ; infill
G1 X66.089 Y57.035 Z5.804 E1349.64728 ; infill
G1 X69.207 Y57.035 Z6.158 E1349.76719 ; infill
G1 X72.069 Y57.035 Z6.437 E1349.87726 ; infill
G1 X76.122 Y57.035 Z6.761 E1350.03310 ; infill
G1 X80.746 Y57.035 Z7.041 E1350.21090 ; infill
G1 X84.831 Y57.035 Z7.218 E1350.36797 ; infill
G1 X89.998 Y57.035 Z7.360 E1350.56664 ; infill
G1 X95.166 Y57.035 Z7.218 E1350.76533 ; infill
G1 X98.976 Y57.035 Z7.055 E1350.91182 ; infill
G1 X102.948 Y57.035 Z6.826 E1351.06456 ; infill
G1 X104.857 Y57.035 Z6.690 E1351.13798 ; infill
G1 X107.927 Y57.035 Z6.437 E1351.25603 ; infill
G1 X110.790 Y57.035 Z6.157 E1351.36610 ; infill
G1 X113.908 Y57.035 Z5.804 E1351.48599 ; infill
G1 X116.600 Y57.035 Z5.463 E1351.58951 ; infill
G1 X123.282 Y57.035 Z4.568 E1351.84649 ; infill
G1 X124.999 Y57.035 Z4.368 E1351.91252 ; infill
G1 X126.454 Y57.035 Z4.222 E1351.96849 ; infill
G1 X127.917 Y57.035 Z4.103 E1352.02472 ; infill
G1 X129.394 Y57.035 Z4.016 E1352.08153 ; infill
G1 X130.920 Y57.035 Z3.963 E1352.14021 ; infill
G1 X132.512 Y57.035 Z3.948 E1352.20142 ; infill
G1 X134.186 Y57.035 Z3.975 E1352.26579 ; infill
G1 X135.961 Y57.035 Z4.046 E1352.33401 ; infill
G1 X137.100 Y57.035 Z4.118 E1352.37783 ; infill
G1 X137.009 Y56.577 Z4.118 E1352.39577 ; infill
G1 X135.855 Y56.577 Z4.046 E1352.44017 ; infill
G1 X134.081 Y56.577 Z3.975 E1352.50837 ; infill
G1 X132.406 Y56.577 Z3.949 E1352.57277 ; infill
G1 X130.813 Y56.577 Z3.964 E1352.63404 ; infill
G1 X129.284 Y56.577 Z4.017 E1352.69283 ; infill
G1 X127.788 Y56.577 Z4.105 E1352.75036 ; infill
G1 X126.312 Y56.577 Z4.223 E1352.80710 ; infill
G1 X124.841 Y56.577 Z4.370 E1352.86365 ; infill
G1 X123.108 Y56.577 Z4.571 E1352.93032 ; infill
G1 X116.420 Y56.577 Z5.455 E1353.18750 ; infill
G1 X113.024 Y56.577 Z5.874 E1353.31811 ; infill
G1 X110.380 Y56.577 Z6.164 E1353.41976 ; infill
G1 X107.446 Y56.577 Z6.444 E1353.53259 ; infill
G1 X103.380 Y56.577 Z6.761 E1353.68891 ; infill
G1 X99.283 Y56.577 Z7.008 E1353.84645 ; infill
G1 X94.177 Y56.577 Z7.222 E1354.04278 ; infill
G1 X89.998 Y56.577 Z7.331 E1354.20347 ; infill
G1 X85.804 Y56.577 Z7.222 E1354.36474 ; infill
G1 X80.713 Y56.577 Z7.008 E1354.56048 ; infill
G1 X76.616 Y56.577 Z6.761 E1354.71802 ; infill
G1 X72.551 Y56.577 Z6.444 E1354.87433 ; infill
G1 X69.617 Y56.577 Z6.164 E1354.98716 ; infill
G1 X66.973 Y56.577 Z5.874 E1355.08883 ; infill
G1 X63.576 Y56.577 Z5.455 E1355.21944 ; infill
G1 X56.889 Y56.577 Z4.571 E1355.47661 ; infill
G1 X55.156 Y56.577 Z4.370 E1355.54327 ; infill
G1 X53.685 Y56.577 Z4.223 E1355.59982 ; infill
G1 X52.209 Y56.577 Z4.105 E1355.65657 ; infill
G1 X50.713 Y56.577 Z4.017 E1355.71409 ; infill
G1 X49.184 Y56.577 Z3.964 E1355.77289 ; infill
G1 X47.591 Y56.577 Z3.949 E1355.83416 ; infill
G1 X45.916 Y56.577 Z3.975 E1355.89856 ; infill
G1 X44.142 Y56.577 Z4.046 E1355.96676 ; infill
G1 X42.975 Y56.577 Z4.119 E1356.01164 ; infill
G1 X43.077 Y56.119 Z4.119 E1356.02968 ; infill
G1 X44.248 Y56.119 Z4.046 E1356.07470 ; infill
G1 X46.021 Y56.119 Z3.975 E1356.14288 ; infill
G1 X47.697 Y56.119 Z3.949 E1356.20731 ; infill
G1 X49.292 Y56.119 Z3.965 E1356.26865 ; infill
G1 X50.836 Y56.119 Z4.018 E1356.32802 ; infill
G1 X52.347 Y56.119 Z4.106 E1356.38612 ; infill
G1 X53.833 Y56.119 Z4.225 E1356.44327 ; infill
G1 X55.322 Y56.119 Z4.372 E1356.50052 ; infill
G1 X57.079 Y56.119 Z4.573 E1356.56808 ; infill
G1 X64.604 Y56.119 Z5.552 E1356.85746 ; infill
G1 X67.384 Y56.119 Z5.884 E1356.96438 ; infill
G1 X70.048 Y56.119 Z6.170 E1357.06680 ; infill
G1 X73.060 Y56.119 Z6.451 E1357.18261 ; infill
G1 X76.574 Y56.119 Z6.723 E1357.31774 ; infill
G1 X80.914 Y56.119 Z6.985 E1357.48463 ; infill
G1 X85.356 Y56.119 Z7.174 E1357.65544 ; infill
G1 X89.998 Y56.119 Z7.302 E1357.83392 ; infill
G1 X94.918 Y56.119 Z7.164 E1358.02309 ; infill
G1 X99.083 Y56.119 Z6.985 E1358.18323 ; infill
G1 X103.423 Y56.119 Z6.723 E1358.35012 ; infill
G1 X106.937 Y56.119 Z6.451 E1358.48524 ; infill
G1 X109.949 Y56.119 Z6.170 E1358.60105 ; infill
G1 X112.613 Y56.119 Z5.884 E1358.70347 ; infill
G1 X115.393 Y56.119 Z5.552 E1358.81038 ; infill
G1 X122.918 Y56.119 Z4.573 E1359.09978 ; infill
G1 X124.675 Y56.119 Z4.372 E1359.16733 ; infill
G1 X126.164 Y56.119 Z4.225 E1359.22458 ; infill
G1 X127.650 Y56.119 Z4.106 E1359.28174 ; infill
G1 X129.161 Y56.119 Z4.018 E1359.33983 ; infill
G1 X130.705 Y56.119 Z3.965 E1359.39920 ; infill
G1 X132.300 Y56.119 Z3.949 E1359.46054 ; infill
G1 X133.976 Y56.119 Z3.975 E1359.52496 ; infill
G1 X135.749 Y56.119 Z4.046 E1359.59315 ; infill
G1 X136.919 Y56.119 Z4.119 E1359.63812 ; infill
G1 X136.819 Y55.661 Z4.119 E1359.65613 ; infill
G1 X135.643 Y55.661 Z4.046 E1359.70136 ; infill
G1 X133.870 Y55.661 Z3.976 E1359.76952 ; infill
G1 X132.194 Y55.661 Z3.950 E1359.83397 ; infill
G1 X130.588 Y55.661 Z3.965 E1359.89574 ; infill
G1 X129.027 Y55.661 Z4.019 E1359.95576 ; infill
G1 X127.510 Y55.661 Z4.107 E1360.01408 ; infill
G1 X126.003 Y55.661 Z4.227 E1360.07204 ; infill
G1 X122.723 Y55.661 Z4.576 E1360.19816 ; infill
G1 X116.125 Y55.661 Z5.424 E1360.45189 ; infill
G1 X112.225 Y55.661 Z5.890 E1360.60185 ; infill
G1 X109.497 Y55.661 Z6.176 E1360.70676 ; infill
G1 X106.397 Y55.661 Z6.458 E1360.82596 ; infill
G1 X102.752 Y55.661 Z6.732 E1360.96613 ; infill
G1 X98.407 Y55.661 Z6.983 E1361.13320 ; infill
G1 X94.463 Y55.661 Z7.147 E1361.28483 ; infill
G1 X89.998 Y55.661 Z7.273 E1361.45651 ; infill
G1 X85.533 Y55.661 Z7.147 E1361.62818 ; infill
G1 X81.590 Y55.661 Z6.983 E1361.77981 ; infill
G1 X77.245 Y55.661 Z6.732 E1361.94687 ; infill
G1 X73.600 Y55.661 Z6.458 E1362.08704 ; infill
G1 X70.500 Y55.661 Z6.176 E1362.20624 ; infill
G1 X67.772 Y55.661 Z5.890 E1362.31115 ; infill
G1 X63.872 Y55.661 Z5.424 E1362.46113 ; infill
G1 X57.274 Y55.661 Z4.576 E1362.71484 ; infill
G1 X53.994 Y55.661 Z4.227 E1362.84096 ; infill
G1 X52.487 Y55.661 Z4.107 E1362.89893 ; infill
G1 X50.970 Y55.661 Z4.019 E1362.95725 ; infill
G1 X49.409 Y55.661 Z3.965 E1363.01726 ; infill
G1 X47.803 Y55.661 Z3.950 E1363.07903 ; infill
G1 X46.126 Y55.661 Z3.976 E1363.14349 ; infill
G1 X44.354 Y55.661 Z4.046 E1363.21165 ; infill
G1 X43.180 Y55.661 Z4.119 E1363.25678 ; infill
G1 X43.283 Y55.204 Z4.119 E1363.27482 ; infill
G1 X44.460 Y55.204 Z4.046 E1363.32005 ; infill
G1 X46.232 Y55.204 Z3.976 E1363.38819 ; infill
G1 X47.915 Y55.204 Z3.950 E1363.45292 ; infill
G1 X49.541 Y55.204 Z3.966 E1363.51542 ; infill
G1 X51.104 Y55.204 Z4.020 E1363.57553 ; infill
G1 X52.643 Y55.204 Z4.109 E1363.63472 ; infill
G1 X54.155 Y55.204 Z4.229 E1363.69286 ; infill
G1 X55.681 Y55.204 Z4.376 E1363.75152 ; infill
G1 X57.482 Y55.204 Z4.579 E1363.82079 ; infill
G1 X64.900 Y55.204 Z5.516 E1364.10605 ; infill
G1 X68.175 Y55.204 Z5.896 E1364.23199 ; infill
G1 X70.974 Y55.204 Z6.183 E1364.33963 ; infill
G1 X74.171 Y55.204 Z6.466 E1364.46256 ; infill
G1 X77.965 Y55.204 Z6.741 E1364.60844 ; infill
G1 X82.055 Y55.204 Z6.969 E1364.76571 ; infill
G1 X86.468 Y55.204 Z7.144 E1364.93539 ; infill
G1 X89.998 Y55.204 Z7.237 E1365.07112 ; infill
G1 X93.529 Y55.204 Z7.144 E1365.20687 ; infill
G1 X97.941 Y55.204 Z6.969 E1365.37653 ; infill
G1 X102.032 Y55.204 Z6.741 E1365.53381 ; infill
G1 X105.825 Y55.204 Z6.466 E1365.67969 ; infill
G1 X109.022 Y55.204 Z6.183 E1365.80262 ; infill
G1 X111.822 Y55.204 Z5.896 E1365.91026 ; infill
G1 X115.096 Y55.204 Z5.516 E1366.03619 ; infill
G1 X122.515 Y55.204 Z4.578 E1366.32146 ; infill
G1 X124.316 Y55.204 Z4.376 E1366.39073 ; infill
G1 X125.842 Y55.204 Z4.229 E1366.44939 ; infill
G1 X127.354 Y55.204 Z4.109 E1366.50753 ; infill
G1 X128.893 Y55.204 Z4.020 E1366.56671 ; infill
G1 X130.456 Y55.204 Z3.966 E1366.62682 ; infill
G1 X132.081 Y55.204 Z3.950 E1366.68932 ; infill
G1 X133.765 Y55.204 Z3.976 E1366.75405 ; infill
G1 X135.537 Y55.204 Z4.046 E1366.82219 ; infill
G1 X136.708 Y55.204 Z4.119 E1366.86721 ; infill
G1 X136.597 Y54.746 Z4.119 E1366.88533 ; infill
G1 X135.431 Y54.746 Z4.046 E1366.93014 ; infill
G1 X133.656 Y54.746 Z3.976 E1366.99838 ; infill
G1 X131.952 Y54.746 Z3.951 E1367.06393 ; infill
G1 X130.325 Y54.746 Z3.967 E1367.12649 ; infill
G1 X128.742 Y54.746 Z4.021 E1367.18736 ; infill
G1 X127.197 Y54.746 Z4.110 E1367.24674 ; infill
G1 X125.661 Y54.746 Z4.230 E1367.30581 ; infill
G1 X122.296 Y54.746 Z4.581 E1367.43520 ; infill
G1 X114.997 Y54.746 Z5.490 E1367.71590 ; infill
G1 X111.392 Y54.746 Z5.901 E1367.85451 ; infill
G1 X108.522 Y54.746 Z6.189 E1367.96487 ; infill
G1 X105.220 Y54.746 Z6.474 E1368.09184 ; infill
G1 X101.253 Y54.746 Z6.751 E1368.24438 ; infill
G1 X98.180 Y54.746 Z6.919 E1368.36254 ; infill
G1 X94.748 Y54.746 Z7.065 E1368.49452 ; infill
G1 X89.998 Y54.746 Z7.202 E1368.67714 ; infill
G1 X85.774 Y54.746 Z7.083 E1368.83958 ; infill
G1 X81.817 Y54.746 Z6.919 E1368.99173 ; infill
G1 X78.744 Y54.746 Z6.751 E1369.10988 ; infill
G1 X74.777 Y54.746 Z6.474 E1369.26242 ; infill
G1 X71.475 Y54.746 Z6.189 E1369.38939 ; infill
G1 X68.605 Y54.746 Z5.901 E1369.49975 ; infill
G1 X64.217 Y54.746 Z5.395 E1369.66846 ; infill
G1 X57.701 Y54.746 Z4.581 E1369.91906 ; infill
G1 X54.336 Y54.746 Z4.230 E1370.04845 ; infill
G1 X52.800 Y54.746 Z4.110 E1370.10752 ; infill
G1 X51.255 Y54.746 Z4.021 E1370.16691 ; infill
G1 X49.672 Y54.746 Z3.967 E1370.22778 ; infill
G1 X48.045 Y54.746 Z3.951 E1370.29033 ; infill
G1 X46.340 Y54.746 Z3.976 E1370.35589 ; infill
G1 X44.565 Y54.746 Z4.046 E1370.42413 ; infill
G1 X43.395 Y54.746 Z4.119 E1370.46915 ; infill
G1 X43.516 Y54.288 Z4.119 E1370.48736 ; infill
G1 X44.671 Y54.288 Z4.047 E1370.53179 ; infill
G1 X46.470 Y54.288 Z3.977 E1370.60094 ; infill
G1 X48.175 Y54.288 Z3.951 E1370.66651 ; infill
G1 X49.817 Y54.288 Z3.968 E1370.72963 ; infill
G1 X51.408 Y54.288 Z4.022 E1370.79082 ; infill
G1 X52.969 Y54.288 Z4.112 E1370.85085 ; infill
G1 X54.518 Y54.288 Z4.232 E1370.91040 ; infill
G1 X56.078 Y54.288 Z4.380 E1370.97039 ; infill
G1 X57.929 Y54.288 Z4.584 E1371.04158 ; infill
G1 X65.247 Y54.288 Z5.481 E1371.32299 ; infill
G1 X68.321 Y54.288 Z5.829 E1371.44118 ; infill
G1 X72.006 Y54.288 Z6.196 E1371.58288 ; infill
G1 X74.493 Y54.288 Z6.407 E1371.67850 ; infill
G1 X78.342 Y54.288 Z6.682 E1371.82650 ; infill
G1 X82.210 Y54.288 Z6.900 E1371.97524 ; infill
G1 X85.584 Y54.288 Z7.039 E1372.10499 ; infill
G1 X89.998 Y54.288 Z7.166 E1372.27470 ; infill
G1 X94.413 Y54.288 Z7.039 E1372.44444 ; infill
G1 X97.787 Y54.288 Z6.900 E1372.57419 ; infill
G1 X101.655 Y54.288 Z6.682 E1372.72290 ; infill
G1 X105.504 Y54.288 Z6.407 E1372.87091 ; infill
G1 X107.991 Y54.288 Z6.196 E1372.96654 ; infill
G1 X111.413 Y54.288 Z5.857 E1373.09815 ; infill
G1 X114.749 Y54.288 Z5.481 E1373.22641 ; infill
G1 X122.067 Y54.288 Z4.584 E1373.50785 ; infill
G1 X123.919 Y54.288 Z4.380 E1373.57903 ; infill
G1 X125.479 Y54.288 Z4.232 E1373.63902 ; infill
G1 X127.028 Y54.288 Z4.112 E1373.69857 ; infill
G1 X128.589 Y54.288 Z4.022 E1373.75860 ; infill
G1 X130.180 Y54.288 Z3.968 E1373.81979 ; infill
G1 X131.822 Y54.288 Z3.951 E1373.88291 ; infill
G1 X133.527 Y54.288 Z3.977 E1373.94848 ; infill
G1 X135.325 Y54.288 Z4.047 E1374.01763 ; infill
G1 X136.485 Y54.288 Z4.119 E1374.06223 ; infill
G1 X136.361 Y53.830 Z4.119 E1374.08048 ; infill
G1 X135.196 Y53.830 Z4.047 E1374.12526 ; infill
G1 X133.397 Y53.830 Z3.977 E1374.19442 ; infill
G1 X131.683 Y53.830 Z3.952 E1374.26035 ; infill
G1 X130.030 Y53.830 Z3.969 E1374.32391 ; infill
G1 X128.429 Y53.830 Z4.023 E1374.38546 ; infill
G1 X126.850 Y53.830 Z4.113 E1374.44619 ; infill
G1 X125.284 Y53.830 Z4.234 E1374.50639 ; infill
G1 X121.824 Y53.830 Z4.586 E1374.63945 ; infill
G1 X114.473 Y53.830 Z5.473 E1374.92210 ; infill
G1 X110.819 Y53.830 Z5.877 E1375.06262 ; infill
G1 X108.227 Y53.830 Z6.130 E1375.16231 ; infill
G1 X105.920 Y53.830 Z6.330 E1375.25099 ; infill
G1 X102.893 Y53.830 Z6.558 E1375.36741 ; infill
G1 X98.655 Y53.830 Z6.815 E1375.53036 ; infill
G1 X95.031 Y53.830 Z6.976 E1375.66970 ; infill
G1 X89.998 Y53.830 Z7.128 E1375.86321 ; infill
G1 X85.805 Y53.830 Z7.006 E1376.02443 ; infill
G1 X81.342 Y53.830 Z6.815 E1376.19607 ; infill
G1 X77.104 Y53.830 Z6.558 E1376.35901 ; infill
G1 X74.076 Y53.830 Z6.330 E1376.47544 ; infill
G1 X71.770 Y53.830 Z6.130 E1376.56411 ; infill
G1 X69.177 Y53.830 Z5.877 E1376.66380 ; infill
G1 X64.610 Y53.830 Z5.366 E1376.83942 ; infill
G1 X58.173 Y53.830 Z4.586 E1377.08696 ; infill
G1 X54.713 Y53.830 Z4.234 E1377.22002 ; infill
G1 X53.147 Y53.830 Z4.113 E1377.28022 ; infill
G1 X51.568 Y53.830 Z4.023 E1377.34096 ; infill
G1 X49.967 Y53.830 Z3.969 E1377.40250 ; infill
G1 X48.314 Y53.830 Z3.952 E1377.46607 ; infill
G1 X46.599 Y53.830 Z3.977 E1377.53200 ; infill
G1 X44.801 Y53.830 Z4.047 E1377.60115 ; infill
G1 X43.637 Y53.830 Z4.119 E1377.64589 ; infill
G1 X43.759 Y53.372 Z4.119 E1377.66411 ; infill
G1 X44.931 Y53.372 Z4.047 E1377.70917 ; infill
G1 X46.733 Y53.372 Z3.977 E1377.77847 ; infill
G1 X48.463 Y53.372 Z3.953 E1377.84498 ; infill
G1 X50.117 Y53.372 Z3.969 E1377.90860 ; infill
G1 X51.742 Y53.372 Z4.025 E1377.97108 ; infill
G1 X53.328 Y53.372 Z4.114 E1378.03206 ; infill
G1 X54.919 Y53.372 Z4.236 E1378.09323 ; infill
G1 X56.517 Y53.372 Z4.385 E1378.15469 ; infill
G1 X58.424 Y53.372 Z4.589 E1378.22801 ; infill
G1 X67.265 Y53.372 Z5.630 E1378.56797 ; infill
G1 X70.020 Y53.372 Z5.919 E1378.67390 ; infill
G1 X73.659 Y53.372 Z6.252 E1378.81386 ; infill
G1 X76.841 Y53.372 Z6.499 E1378.93620 ; infill
G1 X81.575 Y53.372 Z6.784 E1379.11824 ; infill
G1 X86.161 Y53.372 Z6.977 E1379.29457 ; infill
G1 X89.998 Y53.372 Z7.086 E1379.44211 ; infill
G1 X93.835 Y53.372 Z6.977 E1379.58964 ; infill
G1 X98.422 Y53.372 Z6.784 E1379.76600 ; infill
G1 X103.156 Y53.372 Z6.499 E1379.94804 ; infill
G1 X106.337 Y53.372 Z6.252 E1380.07035 ; infill
G1 X109.977 Y53.372 Z5.919 E1380.21033 ; infill
G1 X112.732 Y53.372 Z5.630 E1380.31625 ; infill
G1 X121.573 Y53.372 Z4.589 E1380.65622 ; infill
G1 X123.479 Y53.372 Z4.385 E1380.72954 ; infill
G1 X125.078 Y53.372 Z4.236 E1380.79099 ; infill
G1 X126.669 Y53.372 Z4.114 E1380.85217 ; infill
G1 X128.255 Y53.372 Z4.025 E1380.91315 ; infill
G1 X129.879 Y53.372 Z3.969 E1380.97562 ; infill
G1 X131.534 Y53.372 Z3.953 E1381.03924 ; infill
G1 X133.264 Y53.372 Z3.977 E1381.10575 ; infill
G1 X135.066 Y53.372 Z4.047 E1381.17504 ; infill
G1 X136.227 Y53.372 Z4.119 E1381.21971 ; infill
G1 X136.094 Y52.914 Z4.119 E1381.23805 ; infill
G1 X134.935 Y52.914 Z4.047 E1381.28260 ; infill
G1 X133.115 Y52.914 Z3.978 E1381.35260 ; infill
G1 X131.385 Y52.914 Z3.953 E1381.41913 ; infill
G1 X129.707 Y52.914 Z3.970 E1381.48363 ; infill
G1 X128.080 Y52.914 Z4.026 E1381.54620 ; infill
G1 X126.467 Y52.914 Z4.116 E1381.60824 ; infill
G1 X124.868 Y52.914 Z4.237 E1381.66972 ; infill
G1 X123.243 Y52.914 Z4.387 E1381.73221 ; infill
G1 X121.302 Y52.914 Z4.592 E1381.80683 ; infill
G1 X112.010 Y52.914 Z5.664 E1382.16415 ; infill
G1 X109.163 Y52.914 Z5.953 E1382.27360 ; infill
G1 X105.638 Y52.914 Z6.264 E1382.40917 ; infill
G1 X102.360 Y52.914 Z6.508 E1382.53520 ; infill
G1 X97.546 Y52.914 Z6.783 E1382.72032 ; infill
G1 X93.941 Y52.914 Z6.931 E1382.85893 ; infill
G1 X89.998 Y52.914 Z7.044 E1383.01053 ; infill
G1 X86.056 Y52.914 Z6.931 E1383.16213 ; infill
G1 X82.451 Y52.914 Z6.783 E1383.30074 ; infill
G1 X77.637 Y52.914 Z6.508 E1383.48584 ; infill
G1 X74.359 Y52.914 Z6.264 E1383.61188 ; infill
G1 X70.833 Y52.914 Z5.953 E1383.74745 ; infill
G1 X68.123 Y52.914 Z5.678 E1383.85167 ; infill
G1 X65.048 Y52.914 Z5.337 E1383.96992 ; infill
G1 X58.695 Y52.914 Z4.592 E1384.21421 ; infill
G1 X56.754 Y52.914 Z4.387 E1384.28883 ; infill
G1 X55.129 Y52.914 Z4.237 E1384.35132 ; infill
G1 X53.530 Y52.914 Z4.116 E1384.41281 ; infill
G1 X51.917 Y52.914 Z4.026 E1384.47484 ; infill
G1 X50.290 Y52.914 Z3.970 E1384.53741 ; infill
G1 X48.612 Y52.914 Z3.953 E1384.60192 ; infill
G1 X46.882 Y52.914 Z3.978 E1384.66844 ; infill
G1 X45.061 Y52.914 Z4.047 E1384.73845 ; infill
G1 X43.902 Y52.914 Z4.119 E1384.78303 ; infill
G1 X44.045 Y52.457 Z4.119 E1384.80147 ; infill
G1 X45.210 Y52.457 Z4.047 E1384.84627 ; infill
G1 X47.031 Y52.457 Z3.978 E1384.91628 ; infill
G1 X48.776 Y52.457 Z3.954 E1384.98338 ; infill
G1 X50.462 Y52.457 Z3.971 E1385.04821 ; infill
G1 X52.109 Y52.457 Z4.027 E1385.11154 ; infill
G1 X53.732 Y52.457 Z4.117 E1385.17396 ; infill
G1 X55.361 Y52.457 Z4.239 E1385.23660 ; infill
G1 X57.002 Y52.457 Z4.389 E1385.29970 ; infill
G1 X58.970 Y52.457 Z4.595 E1385.37537 ; infill
G1 X68.188 Y52.457 Z5.640 E1385.72984 ; infill
G1 X71.096 Y52.457 Z5.932 E1385.84166 ; infill
G1 X74.442 Y52.457 Z6.225 E1385.97032 ; infill
G1 X78.500 Y52.457 Z6.518 E1386.12635 ; infill
G1 X81.973 Y52.457 Z6.711 E1386.25988 ; infill
G1 X85.950 Y52.457 Z6.882 E1386.41281 ; infill
G1 X89.998 Y52.457 Z7.002 E1386.56847 ; infill
G1 X94.046 Y52.457 Z6.882 E1386.72413 ; infill
G1 X97.741 Y52.457 Z6.725 E1386.86619 ; infill
G1 X101.497 Y52.457 Z6.518 E1387.01061 ; infill
G1 X105.555 Y52.457 Z6.225 E1387.16664 ; infill
G1 X108.901 Y52.457 Z5.932 E1387.29529 ; infill
G1 X111.809 Y52.457 Z5.640 E1387.40712 ; infill
G1 X121.027 Y52.457 Z4.594 E1387.76159 ; infill
G1 X122.995 Y52.457 Z4.389 E1387.83726 ; infill
G1 X124.636 Y52.457 Z4.239 E1387.90035 ; infill
G1 X126.265 Y52.457 Z4.117 E1387.96299 ; infill
G1 X127.888 Y52.457 Z4.027 E1388.02541 ; infill
G1 X129.535 Y52.457 Z3.971 E1388.08874 ; infill
G1 X131.221 Y52.457 Z3.954 E1388.15357 ; infill
G1 X132.966 Y52.457 Z3.978 E1388.22067 ; infill
G1 X134.787 Y52.457 Z4.047 E1388.29068 ; infill
G1 X135.961 Y52.457 Z4.119 E1388.33583 ; infill
G1 X135.810 Y51.999 Z4.119 E1388.35436 ; infill
G1 X134.637 Y51.999 Z4.047 E1388.39946 ; infill
G1 X132.810 Y51.999 Z3.978 E1388.46971 ; infill
G1 X131.050 Y51.999 Z3.954 E1388.53739 ; infill
G1 X129.355 Y51.999 Z3.972 E1388.60256 ; infill
G1 X127.689 Y51.999 Z4.028 E1388.66662 ; infill
G1 X126.046 Y51.999 Z4.119 E1388.72981 ; infill
G1 X124.404 Y51.999 Z4.241 E1388.79295 ; infill
G1 X122.730 Y51.999 Z4.391 E1388.85729 ; infill
G1 X120.728 Y51.999 Z4.597 E1388.93430 ; infill
G1 X114.470 Y51.999 Z5.307 E1389.17494 ; infill
G1 X110.087 Y51.999 Z5.769 E1389.34346 ; infill
G1 X107.568 Y51.999 Z6.005 E1389.44035 ; infill
G1 X104.849 Y51.999 Z6.233 E1389.54489 ; infill
G1 X100.556 Y51.999 Z6.529 E1389.70997 ; infill
G1 X97.937 Y51.999 Z6.667 E1389.81067 ; infill
G1 X94.152 Y51.999 Z6.832 E1389.95620 ; infill
G1 X89.998 Y51.999 Z6.954 E1390.11591 ; infill
G1 X85.845 Y51.999 Z6.832 E1390.27562 ; infill
G1 X82.476 Y51.999 Z6.688 E1390.40515 ; infill
G1 X79.441 Y51.999 Z6.529 E1390.52184 ; infill
G1 X75.148 Y51.999 Z6.233 E1390.68691 ; infill
G1 X72.429 Y51.999 Z6.005 E1390.79147 ; infill
G1 X69.909 Y51.999 Z5.769 E1390.88836 ; infill
G1 X65.527 Y51.999 Z5.307 E1391.05688 ; infill
G1 X59.269 Y51.999 Z4.597 E1391.29750 ; infill
G1 X57.266 Y51.999 Z4.391 E1391.37452 ; infill
G1 X55.593 Y51.999 Z4.241 E1391.43885 ; infill
G1 X53.951 Y51.999 Z4.119 E1391.50199 ; infill
G1 X52.308 Y51.999 Z4.028 E1391.56519 ; infill
G1 X50.642 Y51.999 Z3.972 E1391.62925 ; infill
G1 X48.947 Y51.999 Z3.954 E1391.69443 ; infill
G1 X47.186 Y51.999 Z3.978 E1391.76211 ; infill
G1 X45.359 Y51.999 Z4.047 E1391.83235 ; infill
G1 X44.187 Y51.999 Z4.119 E1391.87742 ; infill
G1 X44.334 Y51.541 Z4.119 E1391.89590 ; infill
G1 X45.509 Y51.541 Z4.048 E1391.94109 ; infill
G1 X47.357 Y51.541 Z3.979 E1392.01215 ; infill
G1 X49.118 Y51.541 Z3.955 E1392.07983 ; infill
G1 X50.838 Y51.541 Z3.973 E1392.14600 ; infill
G1 X52.511 Y51.541 Z4.029 E1392.21030 ; infill
G1 X54.179 Y51.541 Z4.120 E1392.27446 ; infill
G1 X55.848 Y51.541 Z4.243 E1392.33861 ; infill
G1 X59.571 Y51.541 Z4.600 E1392.48177 ; infill
G1 X66.559 Y51.541 Z5.376 E1392.75050 ; infill
G1 X69.448 Y51.541 Z5.677 E1392.86160 ; infill
G1 X72.284 Y51.541 Z5.945 E1392.97064 ; infill
G1 X75.410 Y51.541 Z6.204 E1393.09083 ; infill
G1 X79.285 Y51.541 Z6.468 E1393.23984 ; infill
G1 X82.072 Y51.541 Z6.620 E1393.34702 ; infill
G1 X85.739 Y51.541 Z6.777 E1393.48802 ; infill
G1 X89.998 Y51.541 Z6.906 E1393.65177 ; infill
G1 X94.257 Y51.541 Z6.777 E1393.81553 ; infill
G1 X98.132 Y51.541 Z6.610 E1393.96453 ; infill
G1 X100.711 Y51.541 Z6.468 E1394.06371 ; infill
G1 X104.587 Y51.541 Z6.204 E1394.21271 ; infill
G1 X107.713 Y51.541 Z5.945 E1394.33293 ; infill
G1 X110.548 Y51.541 Z5.677 E1394.44195 ; infill
G1 X113.437 Y51.541 Z5.376 E1394.55304 ; infill
G1 X120.426 Y51.541 Z4.600 E1394.82179 ; infill
G1 X124.149 Y51.541 Z4.243 E1394.96495 ; infill
G1 X125.818 Y51.541 Z4.120 E1395.02910 ; infill
G1 X127.486 Y51.541 Z4.029 E1395.09326 ; infill
G1 X129.159 Y51.541 Z3.973 E1395.15756 ; infill
G1 X130.879 Y51.541 Z3.955 E1395.22372 ; infill
G1 X132.639 Y51.541 Z3.979 E1395.29141 ; infill
G1 X134.487 Y51.541 Z4.048 E1395.36246 ; infill
G1 X135.651 Y51.541 Z4.119 E1395.40719 ; infill
G1 X135.491 Y51.083 Z4.119 E1395.42583 ; infill
G1 X134.317 Y51.083 Z4.048 E1395.47099 ; infill
G1 X132.469 Y51.083 Z3.979 E1395.54205 ; infill
G1 X130.687 Y51.083 Z3.955 E1395.61057 ; infill
G1 X128.962 Y51.083 Z3.974 E1395.67688 ; infill
G1 X127.261 Y51.083 Z4.030 E1395.74228 ; infill
G1 X125.584 Y51.083 Z4.122 E1395.80678 ; infill
G1 X123.890 Y51.083 Z4.245 E1395.87191 ; infill
G1 X122.168 Y51.083 Z4.396 E1395.93811 ; infill
G1 X120.097 Y51.083 Z4.603 E1396.01775 ; infill
G1 X111.005 Y51.083 Z5.583 E1396.36737 ; infill
G1 X107.169 Y51.083 Z5.943 E1396.51487 ; infill
G1 X103.871 Y51.083 Z6.207 E1396.64167 ; infill
G1 X100.962 Y51.083 Z6.401 E1396.75353 ; infill
G1 X97.493 Y51.083 Z6.592 E1396.88694 ; infill
G1 X94.362 Y51.083 Z6.722 E1397.00732 ; infill
G1 X89.998 Y51.083 Z6.859 E1397.17511 ; infill
G1 X85.634 Y51.083 Z6.722 E1397.34290 ; infill
G1 X81.669 Y51.083 Z6.552 E1397.49538 ; infill
G1 X78.100 Y51.083 Z6.342 E1397.63261 ; infill
G1 X75.077 Y51.083 Z6.127 E1397.74884 ; infill
G1 X72.827 Y51.083 Z5.943 E1397.83535 ; infill
G1 X68.991 Y51.083 Z5.583 E1397.98285 ; infill
G1 X59.900 Y51.083 Z4.603 E1398.33246 ; infill
G1 X57.829 Y51.083 Z4.396 E1398.41209 ; infill
G1 X56.107 Y51.083 Z4.245 E1398.47829 ; infill
G1 X54.413 Y51.083 Z4.122 E1398.54343 ; infill
G1 X52.736 Y51.083 Z4.030 E1398.60793 ; infill
G1 X51.035 Y51.083 Z3.974 E1398.67333 ; infill
G1 X49.310 Y51.083 Z3.955 E1398.73964 ; infill
G1 X47.528 Y51.083 Z3.979 E1398.80816 ; infill
G1 X45.680 Y51.083 Z4.048 E1398.87923 ; infill
G1 X44.504 Y51.083 Z4.119 E1398.92445 ; infill
G1 X44.674 Y50.625 Z4.119 E1398.94323 ; infill
G1 X45.852 Y50.625 Z4.048 E1398.98853 ; infill
G1 X47.710 Y50.625 Z3.979 E1399.05997 ; infill
G1 X49.506 Y50.625 Z3.956 E1399.12902 ; infill
G1 X51.248 Y50.625 Z3.974 E1399.19604 ; infill
G1 X52.960 Y50.625 Z4.031 E1399.26187 ; infill
G1 X54.669 Y50.625 Z4.123 E1399.32756 ; infill
G1 X56.381 Y50.625 Z4.247 E1399.39338 ; infill
G1 X58.122 Y50.625 Z4.398 E1399.46033 ; infill
G1 X69.912 Y50.625 Z5.625 E1399.91370 ; infill
G1 X73.612 Y50.625 Z5.959 E1400.05596 ; infill
G1 X75.815 Y50.625 Z6.131 E1400.14068 ; infill
G1 X79.049 Y50.625 Z6.351 E1400.26505 ; infill
G1 X83.028 Y50.625 Z6.566 E1400.41802 ; infill
G1 X86.082 Y50.625 Z6.687 E1400.53544 ; infill
G1 X89.998 Y50.625 Z6.806 E1400.68604 ; infill
G1 X92.957 Y50.625 Z6.719 E1400.79979 ; infill
G1 X96.969 Y50.625 Z6.566 E1400.95408 ; infill
G1 X101.213 Y50.625 Z6.334 E1401.11726 ; infill
G1 X104.181 Y50.625 Z6.131 E1401.23139 ; infill
G1 X106.385 Y50.625 Z5.959 E1401.31613 ; infill
G1 X109.684 Y50.625 Z5.663 E1401.44296 ; infill
G1 X121.875 Y50.625 Z4.398 E1401.91176 ; infill
G1 X123.616 Y50.625 Z4.247 E1401.97871 ; infill
G1 X125.328 Y50.625 Z4.123 E1402.04452 ; infill
G1 X127.036 Y50.625 Z4.031 E1402.11022 ; infill
G1 X128.748 Y50.625 Z3.974 E1402.17605 ; infill
G1 X130.491 Y50.625 Z3.956 E1402.24306 ; infill
G1 X132.287 Y50.625 Z3.979 E1402.31211 ; infill
G1 X134.145 Y50.625 Z4.048 E1402.38355 ; infill
G1 X135.332 Y50.625 Z4.119 E1402.42918 ; infill
G1 X135.153 Y50.167 Z4.119 E1402.44807 ; infill
G1 X133.973 Y50.167 Z4.048 E1402.49346 ; infill
G1 X132.092 Y50.167 Z3.980 E1402.56580 ; infill
G1 X130.292 Y50.167 Z3.956 E1402.63499 ; infill
G1 X128.525 Y50.167 Z3.975 E1402.70293 ; infill
G1 X126.794 Y50.167 Z4.032 E1402.76950 ; infill
G1 X125.072 Y50.167 Z4.125 E1402.83572 ; infill
G1 X123.327 Y50.167 Z4.248 E1402.90280 ; infill
G1 X121.552 Y50.167 Z4.400 E1402.97105 ; infill
G1 X110.511 Y50.167 Z5.534 E1403.39564 ; infill
G1 X107.922 Y50.167 Z5.774 E1403.49517 ; infill
G1 X104.491 Y50.167 Z6.056 E1403.62709 ; infill
G1 X101.429 Y50.167 Z6.270 E1403.74482 ; infill
G1 X96.991 Y50.167 Z6.509 E1403.91550 ; infill
G1 X94.572 Y50.167 Z6.611 E1404.00849 ; infill
G1 X89.998 Y50.167 Z6.752 E1404.18437 ; infill
G1 X85.587 Y50.167 Z6.617 E1404.35400 ; infill
G1 X82.774 Y50.167 Z6.498 E1404.46216 ; infill
G1 X78.568 Y50.167 Z6.270 E1404.62389 ; infill
G1 X75.505 Y50.167 Z6.056 E1404.74164 ; infill
G1 X72.074 Y50.167 Z5.774 E1404.87356 ; infill
G1 X69.486 Y50.167 Z5.534 E1404.97309 ; infill
G1 X58.445 Y50.167 Z4.400 E1405.39766 ; infill
G1 X56.670 Y50.167 Z4.248 E1405.46592 ; infill
G1 X54.925 Y50.167 Z4.125 E1405.53300 ; infill
G1 X53.203 Y50.167 Z4.032 E1405.59922 ; infill
G1 X51.471 Y50.167 Z3.975 E1405.66579 ; infill
G1 X49.704 Y50.167 Z3.956 E1405.73374 ; infill
G1 X47.905 Y50.167 Z3.980 E1405.80292 ; infill
G1 X46.023 Y50.167 Z4.048 E1405.87527 ; infill
G1 X44.843 Y50.167 Z4.119 E1405.92065 ; infill
G1 X45.023 Y49.709 Z4.119 E1405.93956 ; infill
G1 X46.219 Y49.709 Z4.048 E1405.98555 ; infill
G1 X48.100 Y49.709 Z3.980 E1406.05789 ; infill
G1 X49.926 Y49.709 Z3.957 E1406.12809 ; infill
G1 X51.695 Y49.709 Z3.976 E1406.19609 ; infill
G1 X53.456 Y49.709 Z4.034 E1406.26380 ; infill
G1 X55.204 Y49.709 Z4.126 E1406.33103 ; infill
G1 X58.768 Y49.709 Z4.403 E1406.46806 ; infill
G1 X69.060 Y49.709 Z5.442 E1406.86382 ; infill
G1 X71.698 Y49.709 Z5.689 E1406.96525 ; infill
G1 X75.218 Y49.709 Z5.982 E1407.10063 ; infill
G1 X79.245 Y49.709 Z6.256 E1407.25546 ; infill
G1 X82.363 Y49.709 Z6.423 E1407.37535 ; infill
G1 X86.599 Y49.709 Z6.599 E1407.53823 ; infill
G1 X89.998 Y49.709 Z6.699 E1407.66893 ; infill
G1 X93.398 Y49.709 Z6.599 E1407.79966 ; infill
G1 X98.018 Y49.709 Z6.404 E1407.97731 ; infill
G1 X100.751 Y49.709 Z6.256 E1408.08239 ; infill
G1 X104.801 Y49.709 Z5.980 E1408.23812 ; infill
G1 X108.299 Y49.709 Z5.689 E1408.37260 ; infill
G1 X110.937 Y49.709 Z5.442 E1408.47403 ; infill
G1 X121.229 Y49.709 Z4.403 E1408.86981 ; infill
G1 X124.793 Y49.709 Z4.126 E1409.00684 ; infill
G1 X126.541 Y49.709 Z4.034 E1409.07406 ; infill
G1 X128.302 Y49.709 Z3.976 E1409.14178 ; infill
G1 X130.071 Y49.709 Z3.957 E1409.20977 ; infill
G1 X131.896 Y49.709 Z3.980 E1409.27998 ; infill
G1 X133.777 Y49.709 Z4.048 E1409.35231 ; infill
G1 X134.963 Y49.709 Z4.119 E1409.39789 ; infill
G1 X134.773 Y49.252 Z4.119 E1409.41696 ; infill
G1 X133.581 Y49.252 Z4.048 E1409.46277 ; infill
G1 X131.685 Y49.252 Z3.980 E1409.53566 ; infill
G1 X129.849 Y49.252 Z3.958 E1409.60629 ; infill
G1 X128.051 Y49.252 Z3.977 E1409.67540 ; infill
G1 X126.285 Y49.252 Z4.035 E1409.74331 ; infill
G1 X124.508 Y49.252 Z4.128 E1409.81165 ; infill
G1 X122.714 Y49.252 Z4.252 E1409.88064 ; infill
G1 X120.880 Y49.252 Z4.405 E1409.95113 ; infill
G1 X109.980 Y49.252 Z5.483 E1410.37026 ; infill
G1 X107.429 Y49.252 Z5.712 E1410.46838 ; infill
G1 X104.020 Y49.252 Z5.984 E1410.59943 ; infill
G1 X100.028 Y49.252 Z6.242 E1410.75294 ; infill
G1 X97.304 Y49.252 Z6.383 E1410.85767 ; infill
G1 X93.168 Y49.252 Z6.549 E1411.01673 ; infill
G1 X89.998 Y49.252 Z6.642 E1411.13860 ; infill
G1 X86.402 Y49.252 Z6.534 E1411.27689 ; infill
G1 X82.692 Y49.252 Z6.383 E1411.41953 ; infill
G1 X79.773 Y49.252 Z6.231 E1411.53177 ; infill
G1 X75.976 Y49.252 Z5.984 E1411.67776 ; infill
G1 X72.568 Y49.252 Z5.712 E1411.80882 ; infill
G1 X70.016 Y49.252 Z5.483 E1411.90694 ; infill
G1 X59.117 Y49.252 Z4.405 E1412.32605 ; infill
G1 X57.283 Y49.252 Z4.252 E1412.39654 ; infill
G1 X55.489 Y49.252 Z4.128 E1412.46553 ; infill
G1 X53.712 Y49.252 Z4.035 E1412.53387 ; infill
G1 X51.946 Y49.252 Z3.977 E1412.60178 ; infill
G1 X50.148 Y49.252 Z3.958 E1412.67090 ; infill
G1 X48.311 Y49.252 Z3.980 E1412.74153 ; infill
G1 X46.416 Y49.252 Z4.048 E1412.81442 ; infill
G1 X45.223 Y49.252 Z4.119 E1412.86028 ; infill
G1 X45.423 Y48.794 Z4.119 E1412.87949 ; infill
G1 X46.612 Y48.794 Z4.048 E1412.92523 ; infill
G1 X48.533 Y48.794 Z3.981 E1412.99908 ; infill
G1 X50.381 Y48.794 Z3.958 E1413.07014 ; infill
G1 X52.197 Y48.794 Z3.978 E1413.13995 ; infill
G1 X53.994 Y48.794 Z4.036 E1413.20907 ; infill
G1 X55.787 Y48.794 Z4.129 E1413.27801 ; infill
G1 X59.471 Y48.794 Z4.408 E1413.41967 ; infill
G1 X70.952 Y48.794 Z5.516 E1413.86112 ; infill
G1 X73.426 Y48.794 Z5.730 E1413.95627 ; infill
G1 X76.758 Y48.794 Z5.983 E1414.08437 ; infill
G1 X79.758 Y48.794 Z6.172 E1414.19975 ; infill
G1 X82.576 Y48.794 Z6.321 E1414.30810 ; infill
G1 X86.759 Y48.794 Z6.487 E1414.46891 ; infill
G1 X89.998 Y48.794 Z6.582 E1414.59348 ; infill
G1 X93.238 Y48.794 Z6.487 E1414.71805 ; infill
G1 X97.461 Y48.794 Z6.319 E1414.88044 ; infill
G1 X100.238 Y48.794 Z6.172 E1414.98721 ; infill
G1 X103.239 Y48.794 Z5.983 E1415.10259 ; infill
G1 X106.570 Y48.794 Z5.730 E1415.23069 ; infill
G1 X109.045 Y48.794 Z5.516 E1415.32585 ; infill
G1 X120.526 Y48.794 Z4.407 E1415.76731 ; infill
G1 X124.210 Y48.794 Z4.129 E1415.90897 ; infill
G1 X126.002 Y48.794 Z4.036 E1415.97790 ; infill
G1 X127.800 Y48.794 Z3.978 E1416.04702 ; infill
G1 X129.616 Y48.794 Z3.958 E1416.11683 ; infill
G1 X131.464 Y48.794 Z3.981 E1416.18789 ; infill
G1 X133.384 Y48.794 Z4.049 E1416.26174 ; infill
G1 X134.582 Y48.794 Z4.119 E1416.30779 ; infill
G1 X134.370 Y48.336 Z4.119 E1416.32719 ; infill
G1 X133.161 Y48.336 Z4.049 E1416.37367 ; infill
G1 X131.242 Y48.336 Z3.981 E1416.44748 ; infill
G1 X129.366 Y48.336 Z3.959 E1416.51962 ; infill
G1 X127.537 Y48.336 Z3.979 E1416.58994 ; infill
G1 X125.720 Y48.336 Z4.037 E1416.65980 ; infill
G1 X123.894 Y48.336 Z4.131 E1416.73001 ; infill
G1 X120.148 Y48.336 Z4.410 E1416.87406 ; infill
G1 X109.418 Y48.336 Z5.430 E1417.28666 ; infill
G1 X106.297 Y48.336 Z5.696 E1417.40667 ; infill
G1 X103.504 Y48.336 Z5.906 E1417.51406 ; infill
G1 X100.448 Y48.336 Z6.101 E1417.63156 ; infill
G1 X96.709 Y48.336 Z6.294 E1417.77532 ; infill
G1 X93.308 Y48.336 Z6.425 E1417.90608 ; infill
G1 X89.998 Y48.336 Z6.523 E1418.03335 ; infill
G1 X86.688 Y48.336 Z6.425 E1418.16062 ; infill
G1 X83.200 Y48.336 Z6.290 E1418.29475 ; infill
G1 X79.549 Y48.336 Z6.101 E1418.43515 ; infill
G1 X76.493 Y48.336 Z5.906 E1418.55265 ; infill
G1 X73.700 Y48.336 Z5.696 E1418.66002 ; infill
G1 X70.579 Y48.336 Z5.430 E1418.78005 ; infill
G1 X59.849 Y48.336 Z4.410 E1419.19263 ; infill
G1 X56.103 Y48.336 Z4.131 E1419.33668 ; infill
G1 X54.277 Y48.336 Z4.037 E1419.40690 ; infill
G1 X52.460 Y48.336 Z3.979 E1419.47676 ; infill
G1 X50.631 Y48.336 Z3.959 E1419.54708 ; infill
G1 X48.755 Y48.336 Z3.981 E1419.61922 ; infill
G1 X46.835 Y48.336 Z4.049 E1419.69303 ; infill
G1 X45.623 Y48.336 Z4.119 E1419.73966 ; infill
G1 X45.843 Y47.878 Z4.119 E1419.75919 ; infill
G1 X47.058 Y47.878 Z4.049 E1419.80594 ; infill
G1 X48.998 Y47.878 Z3.981 E1419.88053 ; infill
G1 X50.881 Y47.878 Z3.959 E1419.95294 ; infill
G1 X52.741 Y47.878 Z3.979 E1420.02443 ; infill
G1 X54.579 Y47.878 Z4.038 E1420.09511 ; infill
G1 X56.421 Y47.878 Z4.132 E1420.16595 ; infill
G1 X60.237 Y47.878 Z4.412 E1420.31265 ; infill
G1 X70.208 Y47.878 Z5.344 E1420.69606 ; infill
G1 X73.971 Y47.878 Z5.662 E1420.84079 ; infill
G1 X76.788 Y47.878 Z5.867 E1420.94908 ; infill
G1 X79.405 Y47.878 Z6.034 E1421.04973 ; infill
G1 X83.149 Y47.878 Z6.225 E1421.19369 ; infill
G1 X86.618 Y47.878 Z6.363 E1421.32707 ; infill
G1 X89.998 Y47.878 Z6.459 E1421.45704 ; infill
G1 X93.378 Y47.878 Z6.363 E1421.58701 ; infill
G1 X96.847 Y47.878 Z6.225 E1421.72039 ; infill
G1 X100.658 Y47.878 Z6.031 E1421.86690 ; infill
G1 X103.769 Y47.878 Z5.829 E1421.98652 ; infill
G1 X106.025 Y47.878 Z5.662 E1422.07329 ; infill
G1 X109.789 Y47.878 Z5.344 E1422.21801 ; infill
G1 X119.760 Y47.878 Z4.412 E1422.60144 ; infill
G1 X123.576 Y47.878 Z4.132 E1422.74814 ; infill
G1 X125.418 Y47.878 Z4.038 E1422.81898 ; infill
G1 X127.256 Y47.878 Z3.979 E1422.88966 ; infill
G1 X129.115 Y47.878 Z3.959 E1422.96115 ; infill
G1 X130.998 Y47.878 Z3.981 E1423.03355 ; infill
G1 X132.938 Y47.878 Z4.049 E1423.10815 ; infill
G1 X134.143 Y47.878 Z4.119 E1423.15448 ; infill
G1 X133.917 Y47.420 Z4.119 E1423.17413 ; infill
G1 X132.713 Y47.420 Z4.049 E1423.22042 ; infill
G1 X130.748 Y47.420 Z3.982 E1423.29596 ; infill
G1 X128.845 Y47.420 Z3.960 E1423.36916 ; infill
G1 X126.975 Y47.420 Z3.980 E1423.44103 ; infill
G1 X125.105 Y47.420 Z4.039 E1423.51295 ; infill
G1 X123.228 Y47.420 Z4.134 E1423.58511 ; infill
G1 X119.351 Y47.420 Z4.415 E1423.73420 ; infill
G1 X108.823 Y47.420 Z5.375 E1424.13902 ; infill
G1 X105.160 Y47.420 Z5.670 E1424.27988 ; infill
G1 X102.945 Y47.420 Z5.826 E1424.36503 ; infill
G1 X99.867 Y47.420 Z6.015 E1424.48340 ; infill
G1 X96.985 Y47.420 Z6.157 E1424.59419 ; infill
G1 X93.449 Y47.420 Z6.297 E1424.73018 ; infill
G1 X89.998 Y47.420 Z6.393 E1424.86285 ; infill
G1 X86.548 Y47.420 Z6.297 E1424.99552 ; infill
G1 X83.011 Y47.420 Z6.157 E1425.13151 ; infill
G1 X80.096 Y47.420 Z6.013 E1425.24360 ; infill
G1 X76.143 Y47.420 Z5.764 E1425.39561 ; infill
G1 X71.174 Y47.420 Z5.375 E1425.58668 ; infill
G1 X60.646 Y47.420 Z4.415 E1425.99148 ; infill
G1 X56.769 Y47.420 Z4.134 E1426.14057 ; infill
G1 X54.892 Y47.420 Z4.040 E1426.21273 ; infill
G1 X53.021 Y47.420 Z3.980 E1426.28466 ; infill
G1 X51.152 Y47.420 Z3.960 E1426.35653 ; infill
G1 X49.248 Y47.420 Z3.982 E1426.42973 ; infill
G1 X47.284 Y47.420 Z4.049 E1426.50527 ; infill
G1 X46.076 Y47.420 Z4.119 E1426.55172 ; infill
G1 X46.309 Y46.962 Z4.119 E1426.57148 ; infill
G1 X47.535 Y46.962 Z4.049 E1426.61862 ; infill
G1 X49.499 Y46.962 Z3.982 E1426.69412 ; infill
G1 X51.432 Y46.962 Z3.961 E1426.76846 ; infill
G1 X53.328 Y46.962 Z3.981 E1426.84137 ; infill
G1 X55.212 Y46.962 Z4.041 E1426.91380 ; infill
G1 X57.116 Y46.962 Z4.136 E1426.98703 ; infill
G1 X61.068 Y46.962 Z4.417 E1427.13896 ; infill
G1 X70.827 Y46.962 Z5.290 E1427.51422 ; infill
G1 X73.802 Y46.962 Z5.533 E1427.62861 ; infill
G1 X76.806 Y46.962 Z5.750 E1427.74413 ; infill
G1 X79.940 Y46.962 Z5.941 E1427.86462 ; infill
G1 X82.873 Y46.962 Z6.088 E1427.97740 ; infill
G1 X86.477 Y46.962 Z6.229 E1428.11600 ; infill
G1 X89.998 Y46.962 Z6.327 E1428.25138 ; infill
G1 X93.519 Y46.962 Z6.229 E1428.38676 ; infill
G1 X97.124 Y46.962 Z6.088 E1428.52536 ; infill
G1 X100.057 Y46.962 Z5.941 E1428.63815 ; infill
G1 X103.190 Y46.962 Z5.750 E1428.75864 ; infill
G1 X106.633 Y46.962 Z5.499 E1428.89099 ; infill
G1 X109.170 Y46.962 Z5.290 E1428.98855 ; infill
G1 X118.929 Y46.962 Z4.417 E1429.36382 ; infill
G1 X122.881 Y46.962 Z4.136 E1429.51575 ; infill
G1 X124.785 Y46.962 Z4.041 E1429.58897 ; infill
G1 X126.668 Y46.962 Z3.981 E1429.66140 ; infill
G1 X128.565 Y46.962 Z3.961 E1429.73431 ; infill
G1 X130.498 Y46.962 Z3.982 E1429.80865 ; infill
G1 X132.461 Y46.962 Z4.049 E1429.88415 ; infill
G1 X133.690 Y46.962 Z4.118 E1429.93138 ; infill
G1 X133.442 Y46.505 Z4.118 E1429.95140 ; infill
G1 X132.210 Y46.505 Z4.049 E1429.99876 ; infill
G1 X130.219 Y46.505 Z3.982 E1430.07533 ; infill
G1 X128.283 Y46.505 Z3.961 E1430.14975 ; infill
G1 X126.357 Y46.505 Z3.982 E1430.22383 ; infill
G1 X124.439 Y46.505 Z4.042 E1430.29755 ; infill
G1 X122.507 Y46.505 Z4.137 E1430.37188 ; infill
G1 X118.485 Y46.505 Z4.420 E1430.52653 ; infill
G1 X108.197 Y46.505 Z5.316 E1430.92209 ; infill
G1 X102.572 Y46.505 Z5.729 E1431.13838 ; infill
G1 X99.234 Y46.505 Z5.921 E1431.26674 ; infill
G1 X96.508 Y46.505 Z6.050 E1431.37157 ; infill
G1 X93.589 Y46.505 Z6.160 E1431.48378 ; infill
G1 X89.998 Y46.505 Z6.260 E1431.62186 ; infill
G1 X86.407 Y46.505 Z6.160 E1431.75994 ; infill
G1 X83.490 Y46.505 Z6.050 E1431.87212 ; infill
G1 X80.270 Y46.505 Z5.895 E1431.99592 ; infill
G1 X77.425 Y46.505 Z5.729 E1432.10533 ; infill
G1 X71.799 Y46.505 Z5.316 E1432.32164 ; infill
G1 X61.512 Y46.505 Z4.420 E1432.71718 ; infill
G1 X57.490 Y46.505 Z4.137 E1432.87184 ; infill
G1 X55.557 Y46.505 Z4.042 E1432.94616 ; infill
G1 X53.640 Y46.505 Z3.982 E1433.01989 ; infill
G1 X51.713 Y46.505 Z3.961 E1433.09397 ; infill
G1 X49.778 Y46.505 Z3.982 E1433.16840 ; infill
G1 X47.786 Y46.505 Z4.049 E1433.24496 ; infill
G1 X46.542 Y46.505 Z4.119 E1433.29279 ; infill
G1 X46.816 Y46.047 Z4.118 E1433.31329 ; infill
G1 X48.044 Y46.047 Z4.050 E1433.36053 ; infill
G1 X50.058 Y46.047 Z3.983 E1433.43796 ; infill
G1 X52.024 Y46.047 Z3.962 E1433.51357 ; infill
G1 X53.962 Y46.047 Z3.983 E1433.58808 ; infill
G1 X55.903 Y46.047 Z4.043 E1433.66270 ; infill
G1 X57.871 Y46.047 Z4.139 E1433.73840 ; infill
G1 X61.969 Y46.047 Z4.423 E1433.89597 ; infill
G1 X71.475 Y46.047 Z5.234 E1434.26148 ; infill
G1 X73.988 Y46.047 Z5.430 E1434.35810 ; infill
G1 X77.427 Y46.047 Z5.667 E1434.49034 ; infill
G1 X80.592 Y46.047 Z5.848 E1434.61204 ; infill
G1 X84.170 Y46.047 Z6.012 E1434.74962 ; infill
G1 X86.490 Y46.047 Z6.097 E1434.83882 ; infill
G1 X89.998 Y46.047 Z6.194 E1434.97372 ; infill
G1 X95.513 Y46.047 Z6.025 E1435.18576 ; infill
G1 X99.407 Y46.047 Z5.848 E1435.33549 ; infill
G1 X102.569 Y46.047 Z5.667 E1435.45709 ; infill
G1 X106.009 Y46.047 Z5.430 E1435.58933 ; infill
G1 X108.522 Y46.047 Z5.234 E1435.68596 ; infill
G1 X118.028 Y46.047 Z4.423 E1436.05149 ; infill
G1 X122.126 Y46.047 Z4.139 E1436.20906 ; infill
G1 X124.094 Y46.047 Z4.043 E1436.28475 ; infill
G1 X126.035 Y46.047 Z3.983 E1436.35936 ; infill
G1 X127.972 Y46.047 Z3.962 E1436.43387 ; infill
G1 X129.939 Y46.047 Z3.983 E1436.50949 ; infill
G1 X131.953 Y46.047 Z4.050 E1436.58691 ; infill
G1 X133.176 Y46.047 Z4.118 E1436.63396 ; infill
G1 X132.910 Y45.589 Z4.118 E1436.65431 ; infill
G1 X131.671 Y45.589 Z4.050 E1436.70194 ; infill
G1 X129.652 Y45.589 Z3.983 E1436.77959 ; infill
G1 X127.662 Y45.589 Z3.962 E1436.85612 ; infill
G1 X125.691 Y45.589 Z3.984 E1436.93190 ; infill
G1 X123.721 Y45.589 Z4.044 E1437.00765 ; infill
G1 X121.725 Y45.589 Z4.140 E1437.08439 ; infill
G1 X117.544 Y45.589 Z4.425 E1437.24516 ; infill
G1 X107.541 Y45.589 Z5.255 E1437.62977 ; infill
G1 X102.795 Y45.589 Z5.589 E1437.81228 ; infill
G1 X97.537 Y45.589 Z5.872 E1438.01444 ; infill
G1 X93.730 Y45.589 Z6.021 E1438.16083 ; infill
G1 X89.998 Y45.589 Z6.128 E1438.30432 ; infill
G1 X86.266 Y45.589 Z6.021 E1438.44781 ; infill
G1 X83.384 Y45.589 Z5.911 E1438.55863 ; infill
G1 X80.420 Y45.589 Z5.774 E1438.67263 ; infill
G1 X77.202 Y45.589 Z5.589 E1438.79637 ; infill
G1 X72.455 Y45.589 Z5.255 E1438.97888 ; infill
G1 X62.453 Y45.589 Z4.425 E1439.36347 ; infill
G1 X58.272 Y45.589 Z4.140 E1439.52425 ; infill
G1 X56.276 Y45.589 Z4.044 E1439.60099 ; infill
G1 X54.306 Y45.589 Z3.984 E1439.67673 ; infill
G1 X52.335 Y45.589 Z3.962 E1439.75251 ; infill
G1 X50.345 Y45.589 Z3.983 E1439.82905 ; infill
G1 X48.325 Y45.589 Z4.050 E1439.90670 ; infill
G1 X47.089 Y45.589 Z4.118 E1439.95423 ; infill
G1 X47.363 Y45.131 Z4.118 E1439.97474 ; infill
G1 X48.606 Y45.131 Z4.050 E1440.02257 ; infill
G1 X50.656 Y45.131 Z3.984 E1440.10137 ; infill
G1 X52.660 Y45.131 Z3.963 E1440.17844 ; infill
G1 X54.650 Y45.131 Z3.985 E1440.25494 ; infill
G1 X56.655 Y45.131 Z4.046 E1440.33204 ; infill
G1 X58.687 Y45.131 Z4.142 E1440.41019 ; infill
G1 X60.775 Y45.131 Z4.271 E1440.49047 ; infill
G1 X62.947 Y45.131 Z4.428 E1440.57399 ; infill
G1 X72.249 Y45.131 Z5.181 E1440.93167 ; infill
G1 X74.647 Y45.131 Z5.358 E1441.02388 ; infill
G1 X78.091 Y45.131 Z5.580 E1441.15629 ; infill
G1 X81.291 Y45.131 Z5.751 E1441.27933 ; infill
G1 X84.275 Y45.131 Z5.879 E1441.39407 ; infill
G1 X89.998 Y45.131 Z6.054 E1441.61413 ; infill
G1 X95.721 Y45.131 Z5.879 E1441.83419 ; infill
G1 X98.705 Y45.131 Z5.751 E1441.94893 ; infill
G1 X101.905 Y45.131 Z5.580 E1442.07197 ; infill
G1 X106.573 Y45.131 Z5.270 E1442.25144 ; infill
G1 X117.050 Y45.131 Z4.428 E1442.65429 ; infill
G1 X119.222 Y45.131 Z4.271 E1442.73781 ; infill
G1 X121.309 Y45.131 Z4.142 E1442.81809 ; infill
G1 X123.342 Y45.131 Z4.046 E1442.89624 ; infill
G1 X125.347 Y45.131 Z3.985 E1442.97333 ; infill
G1 X127.336 Y45.131 Z3.963 E1443.04983 ; infill
G1 X129.341 Y45.131 Z3.984 E1443.12690 ; infill
G1 X131.390 Y45.131 Z4.050 E1443.20570 ; infill
G1 X132.644 Y45.131 Z4.118 E1443.25392 ; infill
G1 X132.353 Y44.673 Z4.118 E1443.27479 ; infill
G1 X131.097 Y44.673 Z4.050 E1443.32305 ; infill
G1 X129.030 Y44.673 Z3.984 E1443.40255 ; infill
G1 X126.993 Y44.673 Z3.964 E1443.48086 ; infill
G1 X124.974 Y44.673 Z3.986 E1443.55851 ; infill
G1 X122.945 Y44.673 Z4.047 E1443.63652 ; infill
G1 X120.880 Y44.673 Z4.144 E1443.71594 ; infill
G1 X118.749 Y44.673 Z4.273 E1443.79787 ; infill
G1 X116.522 Y44.673 Z4.431 E1443.88351 ; infill
G1 X108.147 Y44.673 Z5.094 E1444.20553 ; infill
G1 X104.410 Y44.673 Z5.360 E1444.34921 ; infill
G1 X102.113 Y44.673 Z5.503 E1444.43755 ; infill
G1 X98.860 Y44.673 Z5.676 E1444.56261 ; infill
G1 X95.826 Y44.673 Z5.807 E1444.67929 ; infill
G1 X89.998 Y44.673 Z5.981 E1444.90336 ; infill
G1 X84.171 Y44.673 Z5.807 E1445.12743 ; infill
G1 X81.136 Y44.673 Z5.676 E1445.24412 ; infill
G1 X77.884 Y44.673 Z5.503 E1445.36918 ; infill
G1 X75.024 Y44.673 Z5.322 E1445.47914 ; infill
G1 X71.850 Y44.673 Z5.094 E1445.60120 ; infill
G1 X63.475 Y44.673 Z4.431 E1445.92319 ; infill
G1 X61.248 Y44.673 Z4.273 E1446.00883 ; infill
G1 X59.117 Y44.673 Z4.144 E1446.09077 ; infill
G1 X57.052 Y44.673 Z4.047 E1446.17019 ; infill
G1 X55.023 Y44.673 Z3.986 E1446.24820 ; infill
G1 X53.004 Y44.673 Z3.964 E1446.32585 ; infill
G1 X50.967 Y44.673 Z3.984 E1446.40416 ; infill
G1 X48.899 Y44.673 Z4.050 E1446.48366 ; infill
G1 X47.636 Y44.673 Z4.118 E1446.53223 ; infill
G1 X47.943 Y44.215 Z4.118 E1446.55343 ; infill
G1 X49.212 Y44.215 Z4.050 E1446.60221 ; infill
G1 X51.295 Y44.215 Z3.984 E1446.68232 ; infill
G1 X53.347 Y44.215 Z3.964 E1446.76121 ; infill
G1 X55.401 Y44.215 Z3.987 E1446.84018 ; infill
G1 X57.466 Y44.215 Z4.048 E1446.91959 ; infill
G1 X59.569 Y44.215 Z4.146 E1447.00047 ; infill
G1 X61.740 Y44.215 Z4.275 E1447.08394 ; infill
G1 X72.859 Y44.215 Z5.111 E1447.51148 ; infill
G1 X77.676 Y44.215 Z5.426 E1447.69671 ; infill
G1 X80.981 Y44.215 Z5.600 E1447.82378 ; infill
G1 X84.066 Y44.215 Z5.732 E1447.94241 ; infill
G1 X89.998 Y44.215 Z5.907 E1448.17050 ; infill
G1 X95.930 Y44.215 Z5.732 E1448.39859 ; infill
G1 X99.015 Y44.215 Z5.600 E1448.51721 ; infill
G1 X102.320 Y44.215 Z5.426 E1448.64429 ; infill
G1 X107.137 Y44.215 Z5.111 E1448.82951 ; infill
G1 X118.257 Y44.215 Z4.275 E1449.25707 ; infill
G1 X120.428 Y44.215 Z4.146 E1449.34054 ; infill
G1 X122.531 Y44.215 Z4.048 E1449.42143 ; infill
G1 X124.596 Y44.215 Z3.987 E1449.50083 ; infill
G1 X126.650 Y44.215 Z3.964 E1449.57980 ; infill
G1 X128.702 Y44.215 Z3.984 E1449.65868 ; infill
G1 X130.785 Y44.215 Z4.050 E1449.73880 ; infill
G1 X132.046 Y44.215 Z4.118 E1449.78727 ; infill
G1 X131.739 Y43.757 Z4.118 E1449.80847 ; infill
G1 X130.473 Y43.757 Z4.050 E1449.85715 ; infill
G1 X128.358 Y43.757 Z3.985 E1449.93847 ; infill
G1 X126.277 Y43.757 Z3.965 E1450.01850 ; infill
G1 X124.202 Y43.757 Z3.988 E1450.09827 ; infill
G1 X122.108 Y43.757 Z4.050 E1450.17881 ; infill
G1 X119.965 Y43.757 Z4.147 E1450.26121 ; infill
G1 X117.743 Y43.757 Z4.277 E1450.34664 ; infill
G1 X107.420 Y43.757 Z5.033 E1450.74356 ; infill
G1 X101.386 Y43.757 Z5.413 E1450.97556 ; infill
G1 X96.035 Y43.757 Z5.657 E1451.18134 ; infill
G1 X89.998 Y43.757 Z5.833 E1451.41344 ; infill
G1 X87.807 Y43.757 Z5.782 E1451.49770 ; infill
G1 X83.962 Y43.757 Z5.657 E1451.64555 ; infill
G1 X78.292 Y43.757 Z5.395 E1451.86357 ; infill
G1 X72.577 Y43.757 Z5.033 E1452.08332 ; infill
G1 X62.254 Y43.757 Z4.278 E1452.48022 ; infill
G1 X60.032 Y43.757 Z4.147 E1452.56566 ; infill
G1 X57.889 Y43.757 Z4.050 E1452.64806 ; infill
G1 X55.795 Y43.757 Z3.988 E1452.72861 ; infill
G1 X53.720 Y43.757 Z3.965 E1452.80837 ; infill
G1 X51.639 Y43.757 Z3.985 E1452.88841 ; infill
G1 X49.524 Y43.757 Z4.050 E1452.96973 ; infill
G1 X48.262 Y43.757 Z4.118 E1453.01825 ; infill
G1 X48.581 Y43.300 Z4.118 E1453.03970 ; infill
G1 X49.855 Y43.300 Z4.051 E1453.08871 ; infill
G1 X51.982 Y43.300 Z3.985 E1453.17049 ; infill
G1 X54.097 Y43.300 Z3.966 E1453.25182 ; infill
G1 X56.208 Y43.300 Z3.989 E1453.33296 ; infill
G1 X58.340 Y43.300 Z4.051 E1453.41494 ; infill
G1 X60.522 Y43.300 Z4.149 E1453.49887 ; infill
G1 X62.786 Y43.300 Z4.280 E1453.58592 ; infill
G1 X73.597 Y43.300 Z5.045 E1454.00159 ; infill
G1 X78.420 Y43.300 Z5.336 E1454.18707 ; infill
G1 X83.857 Y43.300 Z5.581 E1454.39612 ; infill
G1 X89.998 Y43.300 Z5.759 E1454.63225 ; infill
G1 X96.139 Y43.300 Z5.581 E1454.86837 ; infill
G1 X101.576 Y43.300 Z5.336 E1455.07742 ; infill
G1 X106.400 Y43.300 Z5.045 E1455.26290 ; infill
G1 X117.211 Y43.300 Z4.280 E1455.67859 ; infill
G1 X119.475 Y43.300 Z4.149 E1455.76564 ; infill
G1 X121.657 Y43.300 Z4.051 E1455.84957 ; infill
G1 X123.789 Y43.300 Z3.989 E1455.93155 ; infill
G1 X125.899 Y43.300 Z3.966 E1456.01268 ; infill
G1 X128.014 Y43.300 Z3.985 E1456.09401 ; infill
G1 X130.141 Y43.300 Z4.051 E1456.17579 ; infill
G1 X131.432 Y43.300 Z4.118 E1456.22542 ; infill
G1 X131.089 Y42.842 Z4.118 E1456.24742 ; infill
G1 X129.797 Y42.842 Z4.051 E1456.29713 ; infill
G1 X127.641 Y42.842 Z3.985 E1456.38003 ; infill
G1 X125.508 Y42.842 Z3.966 E1456.46203 ; infill
G1 X123.372 Y42.842 Z3.990 E1456.54418 ; infill
G1 X121.203 Y42.842 Z4.052 E1456.62754 ; infill
G1 X118.974 Y42.842 Z4.151 E1456.71328 ; infill
G1 X116.649 Y42.842 Z4.282 E1456.80267 ; infill
G1 X105.385 Y42.842 Z5.051 E1457.23576 ; infill
G1 X100.613 Y42.842 Z5.318 E1457.41925 ; infill
G1 X96.244 Y42.842 Z5.506 E1457.58727 ; infill
G1 X89.998 Y42.842 Z5.683 E1457.82741 ; infill
G1 X83.753 Y42.842 Z5.506 E1458.06756 ; infill
G1 X78.533 Y42.842 Z5.275 E1458.26826 ; infill
G1 X73.334 Y42.842 Z4.968 E1458.46818 ; infill
G1 X63.348 Y42.842 Z4.282 E1458.85214 ; infill
G1 X61.023 Y42.842 Z4.151 E1458.94152 ; infill
G1 X58.793 Y42.842 Z4.052 E1459.02727 ; infill
G1 X56.625 Y42.842 Z3.990 E1459.11064 ; infill
G1 X54.489 Y42.842 Z3.966 E1459.19278 ; infill
G1 X52.356 Y42.842 Z3.985 E1459.27479 ; infill
G1 X50.200 Y42.842 Z4.051 E1459.35769 ; infill
G1 X48.900 Y42.842 Z4.117 E1459.40769 ; infill
G1 X49.250 Y42.384 Z4.117 E1459.42985 ; infill
G1 X50.545 Y42.384 Z4.051 E1459.47965 ; infill
G1 X52.734 Y42.384 Z3.986 E1459.56381 ; infill
G1 X54.901 Y42.384 Z3.967 E1459.64716 ; infill
G1 X57.075 Y42.384 Z3.991 E1459.73073 ; infill
G1 X59.282 Y42.384 Z4.054 E1459.81560 ; infill
G1 X61.554 Y42.384 Z4.153 E1459.90295 ; infill
G1 X63.923 Y42.384 Z4.285 E1459.99406 ; infill
G1 X74.367 Y42.384 Z4.974 E1460.39563 ; infill
G1 X79.214 Y42.384 Z5.242 E1460.58199 ; infill
G1 X83.648 Y42.384 Z5.429 E1460.75248 ; infill
G1 X89.998 Y42.384 Z5.605 E1460.99667 ; infill
G1 X96.349 Y42.384 Z5.429 E1461.24085 ; infill
G1 X101.956 Y42.384 Z5.183 E1461.45644 ; infill
G1 X106.926 Y42.384 Z4.892 E1461.64757 ; infill
G1 X116.074 Y42.384 Z4.285 E1461.99929 ; infill
G1 X118.443 Y42.384 Z4.153 E1462.09039 ; infill
G1 X120.715 Y42.384 Z4.054 E1462.17774 ; infill
G1 X122.922 Y42.384 Z3.991 E1462.26262 ; infill
G1 X125.095 Y42.384 Z3.967 E1462.34618 ; infill
G1 X127.263 Y42.384 Z3.986 E1462.42953 ; infill
G1 X129.452 Y42.384 Z4.051 E1462.51369 ; infill
G1 X130.739 Y42.384 Z4.118 E1462.56319 ; infill
G1 X130.389 Y41.926 Z4.118 E1462.58536 ; infill
G1 X129.077 Y41.926 Z4.051 E1462.63579 ; infill
G1 X126.874 Y41.926 Z3.986 E1462.72052 ; infill
G1 X124.683 Y41.926 Z3.968 E1462.80477 ; infill
G1 X122.472 Y41.926 Z3.992 E1462.88976 ; infill
G1 X120.226 Y41.926 Z4.055 E1462.97614 ; infill
G1 X117.898 Y41.926 Z4.155 E1463.06565 ; infill
G1 X115.456 Y41.926 Z4.287 E1463.15955 ; infill
G1 X107.191 Y41.926 Z4.820 E1463.47733 ; infill
G1 X100.959 Y41.926 Z5.166 E1463.71698 ; infill
G1 X96.454 Y41.926 Z5.353 E1463.89020 ; infill
G1 X89.998 Y41.926 Z5.528 E1464.13842 ; infill
G1 X84.741 Y41.926 Z5.393 E1464.34055 ; infill
G1 X78.799 Y41.926 Z5.155 E1464.56905 ; infill
G1 X72.805 Y41.926 Z4.820 E1464.79951 ; infill
G1 X64.541 Y41.926 Z4.287 E1465.11727 ; infill
G1 X62.099 Y41.926 Z4.155 E1465.21117 ; infill
G1 X59.771 Y41.926 Z4.055 E1465.30069 ; infill
G1 X57.524 Y41.926 Z3.992 E1465.38707 ; infill
G1 X55.314 Y41.926 Z3.968 E1465.47206 ; infill
G1 X53.123 Y41.926 Z3.986 E1465.55632 ; infill
G1 X50.919 Y41.926 Z4.051 E1465.64104 ; infill
G1 X49.616 Y41.926 Z4.117 E1465.69115 ; infill
G1 X49.982 Y41.468 Z4.117 E1465.71369 ; infill
G1 X51.298 Y41.468 Z4.051 E1465.76429 ; infill
G1 X53.536 Y41.468 Z3.987 E1465.85033 ; infill
G1 X55.763 Y41.468 Z3.968 E1465.93597 ; infill
G1 X58.008 Y41.468 Z3.993 E1466.02228 ; infill
G1 X60.300 Y41.468 Z4.057 E1466.11043 ; infill
G1 X62.673 Y41.468 Z4.157 E1466.20167 ; infill
G1 X65.174 Y41.468 Z4.290 E1466.29784 ; infill
G1 X73.876 Y41.468 Z4.827 E1466.63243 ; infill
G1 X79.655 Y41.468 Z5.128 E1466.85465 ; infill
G1 X85.630 Y41.468 Z5.347 E1467.08436 ; infill
G1 X89.998 Y41.468 Z5.450 E1467.25234 ; infill
G1 X96.559 Y41.468 Z5.277 E1467.50460 ; infill
G1 X101.132 Y41.468 Z5.092 E1467.68045 ; infill
G1 X106.120 Y41.468 Z4.827 E1467.87225 ; infill
G1 X114.823 Y41.468 Z4.290 E1468.20687 ; infill
G1 X117.324 Y41.468 Z4.157 E1468.30303 ; infill
G1 X119.697 Y41.468 Z4.057 E1468.39427 ; infill
G1 X121.989 Y41.468 Z3.993 E1468.48241 ; infill
G1 X124.234 Y41.468 Z3.968 E1468.56873 ; infill
G1 X126.461 Y41.468 Z3.987 E1468.65436 ; infill
G1 X128.698 Y41.468 Z4.051 E1468.74040 ; infill
G1 X130.028 Y41.468 Z4.117 E1468.79154 ; infill
G1 X129.626 Y41.010 Z4.117 E1468.81497 ; infill
G1 X128.312 Y41.010 Z4.051 E1468.86551 ; infill
G1 X126.048 Y41.010 Z3.987 E1468.95257 ; infill
G1 X123.784 Y41.010 Z3.969 E1469.03960 ; infill
G1 X121.501 Y41.010 Z3.994 E1469.12740 ; infill
G1 X119.167 Y41.010 Z4.058 E1469.21714 ; infill
G1 X116.726 Y41.010 Z4.159 E1469.31098 ; infill
G1 X114.148 Y41.010 Z4.293 E1469.41013 ; infill
G1 X105.053 Y41.010 Z4.829 E1469.75983 ; infill
G1 X100.104 Y41.010 Z5.070 E1469.95014 ; infill
G1 X94.438 Y41.010 Z5.270 E1470.16798 ; infill
G1 X89.998 Y41.010 Z5.372 E1470.33870 ; infill
G1 X83.332 Y41.010 Z5.201 E1470.59501 ; infill
G1 X79.070 Y41.010 Z5.034 E1470.75889 ; infill
G1 X74.147 Y41.010 Z4.785 E1470.94821 ; infill
G1 X65.849 Y41.010 Z4.293 E1471.26725 ; infill
G1 X63.271 Y41.010 Z4.159 E1471.36641 ; infill
G1 X60.830 Y41.010 Z4.058 E1471.46025 ; infill
G1 X58.496 Y41.010 Z3.994 E1471.54999 ; infill
G1 X56.213 Y41.010 Z3.969 E1471.63779 ; infill
G1 X53.949 Y41.010 Z3.987 E1471.72483 ; infill
G1 X51.685 Y41.010 Z4.051 E1471.81189 ; infill
G1 X50.349 Y41.010 Z4.117 E1471.86326 ; infill
G1 X50.755 Y40.553 Z4.117 E1471.88679 ; infill
G1 X52.099 Y40.553 Z4.052 E1471.93849 ; infill
G1 X54.393 Y40.553 Z3.987 E1472.02668 ; infill
G1 X56.688 Y40.553 Z3.970 E1472.11492 ; infill
G1 X59.013 Y40.553 Z3.995 E1472.20435 ; infill
G1 X61.403 Y40.553 Z4.060 E1472.29623 ; infill
G1 X63.893 Y40.553 Z4.161 E1472.39197 ; infill
G1 X75.181 Y40.553 Z4.782 E1472.82602 ; infill
G1 X79.737 Y40.553 Z4.996 E1473.00118 ; infill
G1 X84.920 Y40.553 Z5.178 E1473.20050 ; infill
G1 X89.998 Y40.553 Z5.295 E1473.39575 ; infill
G1 X94.510 Y40.553 Z5.194 E1473.56922 ; infill
G1 X100.260 Y40.553 Z4.996 E1473.79031 ; infill
G1 X105.281 Y40.553 Z4.758 E1473.98337 ; infill
G1 X113.438 Y40.553 Z4.295 E1474.29702 ; infill
G1 X116.104 Y40.553 Z4.161 E1474.39955 ; infill
G1 X118.594 Y40.553 Z4.060 E1474.49527 ; infill
G1 X120.983 Y40.553 Z3.995 E1474.58715 ; infill
G1 X123.309 Y40.553 Z3.970 E1474.67658 ; infill
G1 X125.604 Y40.553 Z3.987 E1474.76482 ; infill
G1 X127.897 Y40.553 Z4.052 E1474.85301 ; infill
G1 X129.224 Y40.553 Z4.117 E1474.90402 ; infill
G1 X128.822 Y40.095 Z4.117 E1474.92745 ; infill
G1 X127.483 Y40.095 Z4.052 E1474.97894 ; infill
G1 X125.154 Y40.095 Z3.988 E1475.06850 ; infill
G1 X122.821 Y40.095 Z3.970 E1475.15821 ; infill
G1 X120.454 Y40.095 Z3.996 E1475.24922 ; infill
G1 X118.017 Y40.095 Z4.061 E1475.34291 ; infill
G1 X115.444 Y40.095 Z4.163 E1475.44185 ; infill
G1 X104.195 Y40.095 Z4.754 E1475.87440 ; infill
G1 X100.417 Y40.095 Z4.923 E1476.01967 ; infill
G1 X94.582 Y40.095 Z5.119 E1476.24403 ; infill
G1 X89.998 Y40.095 Z5.218 E1476.42027 ; infill
G1 X85.415 Y40.095 Z5.119 E1476.59650 ; infill
G1 X79.371 Y40.095 Z4.915 E1476.82889 ; infill
G1 X75.802 Y40.095 Z4.754 E1476.96614 ; infill
G1 X64.553 Y40.095 Z4.163 E1477.39866 ; infill
G1 X61.980 Y40.095 Z4.061 E1477.49760 ; infill
G1 X59.543 Y40.095 Z3.996 E1477.59130 ; infill
G1 X57.176 Y40.095 Z3.970 E1477.68232 ; infill
G1 X54.843 Y40.095 Z3.988 E1477.77202 ; infill
G1 X52.514 Y40.095 Z4.052 E1477.86158 ; infill
G1 X51.171 Y40.095 Z4.117 E1477.91320 ; infill
G1 X51.588 Y39.637 Z4.117 E1477.93700 ; infill
G1 X52.952 Y39.637 Z4.052 E1477.98945 ; infill
G1 X55.309 Y39.637 Z3.988 E1478.08009 ; infill
G1 X57.681 Y39.637 Z3.971 E1478.17130 ; infill
G1 X60.100 Y39.637 Z3.997 E1478.26431 ; infill
G1 X62.602 Y39.637 Z4.063 E1478.36050 ; infill
G1 X65.231 Y39.637 Z4.165 E1478.46160 ; infill
G1 X74.257 Y39.637 Z4.622 E1478.80865 ; infill
G1 X79.422 Y39.637 Z4.852 E1479.00726 ; infill
G1 X85.343 Y39.637 Z5.043 E1479.23491 ; infill
G1 X89.998 Y39.637 Z5.141 E1479.41391 ; infill
G1 X94.653 Y39.637 Z5.043 E1479.59291 ; infill
G1 X100.574 Y39.637 Z4.852 E1479.82057 ; infill
G1 X105.739 Y39.637 Z4.622 E1480.01917 ; infill
G1 X114.766 Y39.637 Z4.165 E1480.36625 ; infill
G1 X117.395 Y39.637 Z4.063 E1480.46734 ; infill
G1 X119.897 Y39.637 Z3.997 E1480.56353 ; infill
G1 X122.316 Y39.637 Z3.971 E1480.65654 ; infill
G1 X124.687 Y39.637 Z3.988 E1480.74774 ; infill
G1 X127.045 Y39.637 Z4.052 E1480.83838 ; infill
G1 X128.420 Y39.637 Z4.117 E1480.89127 ; infill
G1 X127.963 Y39.179 Z4.116 E1480.91613 ; infill
G1 X126.593 Y39.179 Z4.052 E1480.96883 ; infill
G1 X124.198 Y39.179 Z3.989 E1481.06091 ; infill
G1 X121.786 Y39.179 Z3.972 E1481.15368 ; infill
G1 X119.323 Y39.179 Z3.998 E1481.24838 ; infill
G1 X116.760 Y39.179 Z4.064 E1481.34691 ; infill
G1 X114.031 Y39.179 Z4.168 E1481.45186 ; infill
G1 X104.618 Y39.179 Z4.619 E1481.81380 ; infill
G1 X99.477 Y39.179 Z4.828 E1482.01146 ; infill
G1 X94.726 Y39.179 Z4.968 E1482.19416 ; infill
G1 X89.998 Y39.179 Z5.064 E1482.37593 ; infill
G1 X85.271 Y39.179 Z4.968 E1482.55770 ; infill
G1 X80.519 Y39.179 Z4.828 E1482.74040 ; infill
G1 X75.379 Y39.179 Z4.619 E1482.93806 ; infill
G1 X65.966 Y39.179 Z4.168 E1483.29998 ; infill
G1 X63.237 Y39.179 Z4.064 E1483.40493 ; infill
G1 X60.674 Y39.179 Z3.998 E1483.50347 ; infill
G1 X58.211 Y39.179 Z3.972 E1483.59817 ; infill
G1 X55.799 Y39.179 Z3.989 E1483.69094 ; infill
G1 X53.404 Y39.179 Z4.052 E1483.78303 ; infill
G1 X52.009 Y39.179 Z4.117 E1483.83664 ; infill
G1 X52.482 Y38.721 Z4.116 E1483.86195 ; infill
G1 X53.861 Y38.721 Z4.052 E1483.91497 ; infill
G1 X56.292 Y38.721 Z3.989 E1484.00843 ; infill
G1 X58.753 Y38.721 Z3.973 E1484.10305 ; infill
G1 X61.279 Y38.721 Z3.999 E1484.20021 ; infill
G1 X63.913 Y38.721 Z4.066 E1484.30147 ; infill
G1 X66.734 Y38.721 Z4.170 E1484.40996 ; infill
G1 X76.505 Y38.721 Z4.612 E1484.78564 ; infill
G1 X80.885 Y38.721 Z4.774 E1484.95407 ; infill
G1 X85.198 Y38.721 Z4.897 E1485.11992 ; infill
G1 X89.998 Y38.721 Z4.986 E1485.30448 ; infill
G1 X94.798 Y38.721 Z4.897 E1485.48904 ; infill
G1 X99.617 Y38.721 Z4.757 E1485.67434 ; infill
G1 X104.830 Y38.721 Z4.555 E1485.87478 ; infill
G1 X113.263 Y38.721 Z4.170 E1486.19902 ; infill
G1 X116.084 Y38.721 Z4.066 E1486.30750 ; infill
G1 X118.718 Y38.721 Z3.999 E1486.40877 ; infill
G1 X121.244 Y38.721 Z3.973 E1486.50592 ; infill
G1 X123.705 Y38.721 Z3.989 E1486.60054 ; infill
G1 X126.136 Y38.721 Z4.052 E1486.69399 ; infill
G1 X127.497 Y38.721 Z4.116 E1486.74635 ; infill
G1 X127.031 Y38.263 Z4.116 E1486.77147 ; infill
G1 X125.645 Y38.263 Z4.053 E1486.82478 ; infill
G1 X123.174 Y38.263 Z3.990 E1486.91978 ; infill
G1 X120.670 Y38.263 Z3.973 E1487.01609 ; infill
G1 X118.095 Y38.263 Z4.000 E1487.11508 ; infill
G1 X115.377 Y38.263 Z4.068 E1487.21957 ; infill
G1 X112.458 Y38.263 Z4.172 E1487.33182 ; infill
G1 X103.687 Y38.263 Z4.547 E1487.66909 ; infill
G1 X99.759 Y38.263 Z4.689 E1487.82012 ; infill
G1 X94.871 Y38.263 Z4.825 E1488.00807 ; infill
G1 X89.998 Y38.263 Z4.913 E1488.19542 ; infill
G1 X85.126 Y38.263 Z4.825 E1488.38278 ; infill
G1 X80.013 Y38.263 Z4.682 E1488.57936 ; infill
G1 X76.310 Y38.263 Z4.547 E1488.72175 ; infill
G1 X67.539 Y38.263 Z4.172 E1489.05900 ; infill
G1 X64.620 Y38.263 Z4.068 E1489.17125 ; infill
G1 X61.902 Y38.263 Z4.000 E1489.27574 ; infill
G1 X59.327 Y38.263 Z3.973 E1489.37475 ; infill
G1 X56.823 Y38.263 Z3.990 E1489.47105 ; infill
G1 X54.352 Y38.263 Z4.053 E1489.56605 ; infill
G1 X52.955 Y38.263 Z4.116 E1489.61977 ; infill
G1 X53.428 Y37.805 Z4.116 E1489.64508 ; infill
G1 X54.843 Y37.805 Z4.053 E1489.69948 ; infill
G1 X57.354 Y37.805 Z3.990 E1489.79603 ; infill
G1 X59.912 Y37.805 Z3.974 E1489.89439 ; infill
G1 X62.565 Y37.805 Z4.002 E1489.99642 ; infill
G1 X65.356 Y37.805 Z4.070 E1490.10373 ; infill
G1 X80.095 Y37.805 Z4.625 E1490.67047 ; infill
G1 X85.053 Y37.805 Z4.753 E1490.86108 ; infill
G1 X89.998 Y37.805 Z4.841 E1491.05124 ; infill
G1 X94.944 Y37.805 Z4.753 E1491.24139 ; infill
G1 X99.901 Y37.805 Z4.625 E1491.43201 ; infill
G1 X105.258 Y37.805 Z4.432 E1491.63800 ; infill
G1 X111.577 Y37.805 Z4.175 E1491.88095 ; infill
G1 X114.641 Y37.805 Z4.070 E1491.99876 ; infill
G1 X117.432 Y37.805 Z4.002 E1492.10607 ; infill
G1 X120.085 Y37.805 Z3.974 E1492.20810 ; infill
G1 X122.643 Y37.805 Z3.990 E1492.30646 ; infill
G1 X125.154 Y37.805 Z4.053 E1492.40300 ; infill
G1 X126.565 Y37.805 Z4.116 E1492.45726 ; infill
G1 X126.069 Y37.348 Z4.116 E1492.48320 ; infill
G1 X124.631 Y37.348 Z4.053 E1492.53849 ; infill
G1 X122.073 Y37.348 Z3.991 E1492.63687 ; infill
G1 X119.461 Y37.348 Z3.975 E1492.73730 ; infill
G1 X116.754 Y37.348 Z4.003 E1492.84138 ; infill
G1 X113.843 Y37.348 Z4.072 E1492.95332 ; infill
G1 X104.080 Y37.348 Z4.427 E1493.32873 ; infill
G1 X97.518 Y37.348 Z4.630 E1493.58102 ; infill
G1 X89.998 Y37.348 Z4.770 E1493.87017 ; infill
G1 X84.979 Y37.348 Z4.686 E1494.06315 ; infill
G1 X79.953 Y37.348 Z4.560 E1494.25641 ; infill
G1 X75.917 Y37.348 Z4.427 E1494.41161 ; infill
G1 X69.362 Y37.348 Z4.178 E1494.66367 ; infill
G1 X66.154 Y37.348 Z4.072 E1494.78700 ; infill
G1 X63.243 Y37.348 Z4.003 E1494.89895 ; infill
G1 X60.536 Y37.348 Z3.975 E1495.00303 ; infill
G1 X57.924 Y37.348 Z3.991 E1495.10346 ; infill
G1 X55.365 Y37.348 Z4.053 E1495.20184 ; infill
G1 X53.919 Y37.348 Z4.116 E1495.25746 ; infill
G1 X54.455 Y36.890 Z4.116 E1495.28458 ; infill
G1 X55.898 Y36.890 Z4.053 E1495.34005 ; infill
G1 X58.500 Y36.890 Z3.991 E1495.44010 ; infill
G1 X61.173 Y36.890 Z3.976 E1495.54289 ; infill
G1 X63.979 Y36.890 Z4.004 E1495.65076 ; infill
G1 X66.990 Y36.890 Z4.074 E1495.76654 ; infill
G1 X77.109 Y36.890 Z4.417 E1496.15562 ; infill
G1 X82.370 Y36.890 Z4.565 E1496.35792 ; infill
G1 X89.998 Y36.890 Z4.698 E1496.65123 ; infill
G1 X97.627 Y36.890 Z4.565 E1496.94455 ; infill
G1 X102.893 Y36.890 Z4.417 E1497.14703 ; infill
G1 X113.007 Y36.890 Z4.074 E1497.53595 ; infill
G1 X116.018 Y36.890 Z4.004 E1497.65173 ; infill
G1 X118.824 Y36.890 Z3.976 E1497.75959 ; infill
G1 X121.497 Y36.890 Z3.991 E1497.86238 ; infill
G1 X124.099 Y36.890 Z4.053 E1497.96242 ; infill
G1 X125.536 Y36.890 Z4.116 E1498.01771 ; infill
G1 X125.003 Y36.432 Z4.115 E1498.04472 ; infill
G1 X123.545 Y36.432 Z4.053 E1498.10079 ; infill
G1 X120.884 Y36.432 Z3.992 E1498.20312 ; infill
G1 X118.145 Y36.432 Z3.977 E1498.30844 ; infill
G1 X115.260 Y36.432 Z4.006 E1498.41938 ; infill
G1 X112.122 Y36.432 Z4.076 E1498.54002 ; infill
G1 X100.330 Y36.432 Z4.440 E1498.99342 ; infill
G1 X95.164 Y36.432 Z4.555 E1499.19206 ; infill
G1 X89.998 Y36.432 Z4.626 E1499.39070 ; infill
G1 X84.832 Y36.432 Z4.555 E1499.58934 ; infill
G1 X79.666 Y36.432 Z4.440 E1499.78798 ; infill
G1 X67.875 Y36.432 Z4.076 E1500.24136 ; infill
G1 X64.737 Y36.432 Z4.006 E1500.36201 ; infill
G1 X61.852 Y36.432 Z3.977 E1500.47295 ; infill
G1 X59.113 Y36.432 Z3.991 E1500.57827 ; infill
G1 X56.451 Y36.432 Z4.053 E1500.68060 ; infill
G1 X54.992 Y36.432 Z4.116 E1500.73673 ; infill
G1 X55.528 Y35.974 Z4.116 E1500.76385 ; infill
G1 X57.030 Y35.974 Z4.054 E1500.82158 ; infill
G1 X59.739 Y35.974 Z3.992 E1500.92574 ; infill
G1 X62.556 Y35.974 Z3.978 E1501.03406 ; infill
G1 X65.545 Y35.974 Z4.007 E1501.14902 ; infill
G1 X68.850 Y35.974 Z4.078 E1501.27608 ; infill
G1 X76.403 Y35.974 Z4.299 E1501.56650 ; infill
G1 X82.151 Y35.974 Z4.444 E1501.78752 ; infill
G1 X89.998 Y35.974 Z4.565 E1502.08925 ; infill
G1 X97.845 Y35.974 Z4.444 E1502.39098 ; infill
G1 X103.254 Y35.974 Z4.308 E1502.59895 ; infill
G1 X111.147 Y35.974 Z4.078 E1502.90244 ; infill
G1 X114.451 Y35.974 Z4.007 E1503.02950 ; infill
G1 X117.441 Y35.974 Z3.978 E1503.14445 ; infill
G1 X120.258 Y35.974 Z3.992 E1503.25277 ; infill
G1 X122.967 Y35.974 Z4.054 E1503.35693 ; infill
G1 X124.470 Y35.974 Z4.116 E1503.41473 ; infill
G1 X123.873 Y35.516 Z4.115 E1503.44368 ; infill
G1 X122.376 Y35.516 Z4.054 E1503.50122 ; infill
G1 X119.592 Y35.516 Z3.993 E1503.60825 ; infill
G1 X116.701 Y35.516 Z3.978 E1503.71945 ; infill
G1 X113.584 Y35.516 Z4.009 E1503.83927 ; infill
G1 X110.097 Y35.516 Z4.080 E1503.97337 ; infill
G1 X97.955 Y35.516 Z4.387 E1504.44022 ; infill
G1 X89.998 Y35.516 Z4.505 E1504.74618 ; infill
G1 X82.041 Y35.516 Z4.387 E1505.05214 ; infill
G1 X69.900 Y35.516 Z4.080 E1505.51896 ; infill
G1 X66.412 Y35.516 Z4.009 E1505.65307 ; infill
G1 X63.296 Y35.516 Z3.978 E1505.77289 ; infill
G1 X60.404 Y35.516 Z3.993 E1505.88409 ; infill
G1 X57.621 Y35.516 Z4.054 E1505.99112 ; infill
G1 X56.117 Y35.516 Z4.115 E1506.04895 ; infill
G1 X56.725 Y35.058 Z4.115 E1506.07821 ; infill
G1 X58.249 Y35.058 Z4.054 E1506.13681 ; infill
G1 X61.085 Y35.058 Z3.993 E1506.24587 ; infill
G1 X64.084 Y35.058 Z3.979 E1506.36119 ; infill
G1 X67.328 Y35.058 Z4.010 E1506.48590 ; infill
G1 X81.505 Y35.058 Z4.325 E1507.03103 ; infill
G1 X89.998 Y35.058 Z4.444 E1507.35760 ; infill
G1 X98.066 Y35.058 Z4.333 E1507.66781 ; infill
G1 X112.669 Y35.058 Z4.010 E1508.22932 ; infill
G1 X115.912 Y35.058 Z3.979 E1508.35403 ; infill
G1 X118.912 Y35.058 Z3.993 E1508.46935 ; infill
G1 X121.748 Y35.058 Z4.054 E1508.57841 ; infill
G1 X123.266 Y35.058 Z4.115 E1508.63678 ; infill
G1 X122.660 Y34.601 Z4.114 E1508.66600 ; infill
G1 X121.110 Y34.601 Z4.054 E1508.72558 ; infill
G1 X118.180 Y34.601 Z3.994 E1508.83827 ; infill
G1 X115.096 Y34.601 Z3.980 E1508.95682 ; infill
G1 X111.687 Y34.601 Z4.012 E1509.08792 ; infill
G1 X98.178 Y34.601 Z4.285 E1509.60735 ; infill
G1 X89.998 Y34.601 Z4.383 E1509.92186 ; infill
G1 X81.819 Y34.601 Z4.285 E1510.23637 ; infill
G1 X68.310 Y34.601 Z4.012 E1510.75579 ; infill
G1 X64.901 Y34.601 Z3.980 E1510.88689 ; infill
G1 X61.817 Y34.601 Z3.994 E1511.00545 ; infill
G1 X58.886 Y34.601 Z4.054 E1511.11814 ; infill
G1 X57.333 Y34.601 Z4.115 E1511.17789 ; infill
G1 X57.977 Y34.143 Z4.114 E1511.20827 ; infill
G1 X59.570 Y34.143 Z4.055 E1511.26954 ; infill
G1 X62.563 Y34.143 Z3.994 E1511.38462 ; infill
G1 X65.793 Y34.143 Z3.981 E1511.50883 ; infill
G1 X69.396 Y34.143 Z4.014 E1511.64736 ; infill
G1 X82.414 Y34.143 Z4.248 E1512.14789 ; infill
G1 X89.998 Y34.143 Z4.328 E1512.43953 ; infill
G1 X95.540 Y34.143 Z4.277 E1512.65260 ; infill
G1 X110.601 Y34.143 Z4.014 E1513.23173 ; infill
G1 X114.204 Y34.143 Z3.981 E1513.37024 ; infill
G1 X117.434 Y34.143 Z3.994 E1513.49445 ; infill
G1 X120.427 Y34.143 Z4.055 E1513.60953 ; infill
G1 X122.006 Y34.143 Z4.114 E1513.67027 ; infill
G1 X121.319 Y33.685 Z4.114 E1513.70203 ; infill
G1 X119.730 Y33.685 Z4.055 E1513.76313 ; infill
G1 X116.620 Y33.685 Z3.995 E1513.88273 ; infill
G1 X113.257 Y33.685 Z3.983 E1514.01202 ; infill
G1 X109.416 Y33.685 Z4.016 E1514.15972 ; infill
G1 X98.402 Y33.685 Z4.194 E1514.58320 ; infill
G1 X89.998 Y33.685 Z4.283 E1514.90634 ; infill
G1 X81.594 Y33.685 Z4.194 E1515.22949 ; infill
G1 X70.581 Y33.685 Z4.016 E1515.65293 ; infill
G1 X66.740 Y33.685 Z3.983 E1515.80064 ; infill
G1 X63.377 Y33.685 Z3.995 E1515.92994 ; infill
G1 X60.267 Y33.685 Z4.055 E1516.04955 ; infill
G1 X58.668 Y33.685 Z4.114 E1516.11101 ; infill
G1 X59.360 Y33.227 Z4.114 E1516.14290 ; infill
G1 X61.013 Y33.227 Z4.055 E1516.20645 ; infill
G1 X64.222 Y33.227 Z3.995 E1516.32985 ; infill
G1 X67.749 Y33.227 Z3.984 E1516.46546 ; infill
G1 X71.897 Y33.227 Z4.018 E1516.62496 ; infill
G1 X81.480 Y33.227 Z4.157 E1516.99345 ; infill
G1 X89.998 Y33.227 Z4.238 E1517.32097 ; infill
G1 X98.516 Y33.227 Z4.157 E1517.64849 ; infill
G1 X108.100 Y33.227 Z4.018 E1518.01701 ; infill
G1 X112.248 Y33.227 Z3.984 E1518.17650 ; infill
G1 X115.775 Y33.227 Z3.995 E1518.31210 ; infill
G1 X118.984 Y33.227 Z4.055 E1518.43550 ; infill
G1 X120.632 Y33.227 Z4.114 E1518.49886 ; infill
G1 X119.906 Y32.769 Z4.114 E1518.53186 ; infill
G1 X118.212 Y32.769 Z4.055 E1518.59700 ; infill
G1 X114.878 Y32.769 Z3.996 E1518.72517 ; infill
G1 X111.150 Y32.769 Z3.985 E1518.86852 ; infill
G1 X106.614 Y32.769 Z4.020 E1519.04294 ; infill
G1 X95.770 Y32.769 Z4.151 E1519.45991 ; infill
G1 X89.998 Y32.769 Z4.194 E1519.68183 ; infill
G1 X84.227 Y32.769 Z4.151 E1519.90375 ; infill
G1 X73.383 Y32.769 Z4.020 E1520.32069 ; infill
G1 X68.847 Y32.769 Z3.985 E1520.49512 ; infill
G1 X65.119 Y32.769 Z3.996 E1520.63848 ; infill
G1 X61.785 Y32.769 Z4.055 E1520.76665 ; infill
G1 X60.094 Y32.769 Z4.114 E1520.83169 ; infill
G1 X60.892 Y32.311 Z4.113 E1520.86706 ; infill
G1 X62.603 Y32.311 Z4.056 E1520.93285 ; infill
G1 X66.094 Y32.311 Z3.997 E1521.06711 ; infill
G1 X70.068 Y32.311 Z3.986 E1521.21989 ; infill
G1 X89.998 Y32.311 Z4.149 E1521.98623 ; infill
G1 X109.929 Y32.311 Z3.986 E1522.75260 ; infill
G1 X113.902 Y32.311 Z3.997 E1522.90537 ; infill
G1 X117.394 Y32.311 Z4.056 E1523.03963 ; infill
G1 X119.115 Y32.311 Z4.113 E1523.10579 ; infill
G1 X118.324 Y31.853 Z4.113 E1523.14093 ; infill
G1 X116.523 Y31.853 Z4.056 E1523.21017 ; infill
G1 X112.865 Y31.853 Z3.997 E1523.35084 ; infill
G1 X108.576 Y31.853 Z3.988 E1523.51572 ; infill
G1 X89.998 Y31.853 Z4.118 E1524.23007 ; infill
G1 X71.421 Y31.853 Z3.988 E1524.94439 ; infill
G1 X68.365 Y31.853 Z3.994 E1525.06187 ; infill
G1 X63.474 Y31.853 Z4.056 E1525.24996 ; infill
G1 X61.689 Y31.853 Z4.113 E1525.31857 ; infill
G1 X62.144 Y31.593 Z4.113 E1525.33871 ; infill
G1 X62.547 Y31.396 Z4.113 E1525.35596 ; infill
G1 X64.380 Y31.396 Z4.056 E1525.42643 ; infill
G1 X68.251 Y31.396 Z3.998 E1525.57530 ; infill
G1 X72.948 Y31.396 Z3.989 E1525.75590 ; infill
G1 X89.998 Y31.396 Z4.094 E1526.41150 ; infill
G1 X107.049 Y31.396 Z3.989 E1527.06712 ; infill
G1 X111.746 Y31.396 Z3.998 E1527.24771 ; infill
G1 X115.617 Y31.396 Z4.056 E1527.39657 ; infill
G1 X117.442 Y31.396 Z4.113 E1527.46673 ; infill
G1 X116.534 Y30.938 Z4.113 E1527.50582 ; infill
G1 X114.621 Y30.938 Z4.057 E1527.57939 ; infill
G1 X110.509 Y30.938 Z3.999 E1527.73749 ; infill
G1 X105.283 Y30.938 Z3.991 E1527.93844 ; infill
G1 X89.998 Y30.938 Z4.069 E1528.52615 ; infill
G1 X74.714 Y30.938 Z3.991 E1529.11385 ; infill
G1 X69.488 Y30.938 Z3.999 E1529.31480 ; infill
G1 X65.376 Y30.938 Z4.057 E1529.47290 ; infill
G1 X63.483 Y30.938 Z4.112 E1529.54570 ; infill
G1 X64.418 Y30.480 Z4.112 E1529.58576 ; infill
G1 X66.439 Y30.480 Z4.057 E1529.66344 ; infill
G1 X70.872 Y30.480 Z4.000 E1529.83392 ; infill
G1 X76.885 Y30.480 Z3.993 E1530.06512 ; infill
G1 X89.998 Y30.480 Z4.045 E1530.56933 ; infill
G1 X103.112 Y30.480 Z3.993 E1531.07358 ; infill
G1 X109.125 Y30.480 Z4.000 E1531.30476 ; infill
G1 X113.558 Y30.480 Z4.057 E1531.47523 ; infill
G1 X115.569 Y30.480 Z4.112 E1531.55254 ; infill
G1 X114.512 Y30.022 Z4.112 E1531.59680 ; infill
G1 X112.416 Y30.022 Z4.057 E1531.67741 ; infill
G1 X107.565 Y30.022 Z4.001 E1531.86393 ; infill
G1 X101.890 Y30.022 Z3.996 E1532.08214 ; infill
G1 X89.998 Y30.022 Z4.020 E1532.53940 ; infill
G1 X79.743 Y30.022 Z3.996 E1532.93372 ; infill
G1 X72.432 Y30.022 Z4.001 E1533.21484 ; infill
G1 X67.581 Y30.022 Z4.057 E1533.40137 ; infill
G1 X65.499 Y30.022 Z4.111 E1533.48141 ; infill
G1 X66.611 Y29.564 Z4.111 E1533.52766 ; infill
G1 X68.829 Y29.564 Z4.058 E1533.61292 ; infill
G1 X74.062 Y29.564 Z4.004 E1533.81416 ; infill
G1 X80.545 Y29.564 Z3.999 E1534.06342 ; infill
G1 X89.998 Y29.564 Z4.019 E1534.42691 ; infill
G1 X105.748 Y29.564 Z4.002 E1535.03249 ; infill
G1 X111.168 Y29.564 Z4.058 E1535.24092 ; infill
G1 X113.397 Y29.564 Z4.111 E1535.32660 ; infill
G1 X112.137 Y29.106 Z4.111 E1535.37814 ; infill
G1 X109.767 Y29.106 Z4.058 E1535.46928 ; infill
G1 X105.639 Y29.106 Z4.019 E1535.62799 ; infill
G1 X98.062 Y29.106 Z4.002 E1535.91934 ; infill
G1 X89.998 Y29.106 Z4.018 E1536.22939 ; infill
G1 X76.460 Y29.106 Z4.003 E1536.74995 ; infill
G1 X70.230 Y29.106 Z4.058 E1536.98949 ; infill
G1 X67.856 Y29.106 Z4.110 E1537.08079 ; infill
G1 X69.198 Y28.649 Z4.110 E1537.13532 ; infill
G1 X71.883 Y28.649 Z4.058 E1537.23858 ; infill
G1 X79.384 Y28.649 Z4.005 E1537.52698 ; infill
G1 X97.299 Y28.649 Z4.005 E1538.21585 ; infill
G1 X105.376 Y28.649 Z4.034 E1538.52639 ; infill
G1 X108.186 Y28.649 Z4.059 E1538.63446 ; infill
G1 X110.802 Y28.649 Z4.111 E1538.73504 ; infill
G1 X109.261 Y28.191 Z4.110 E1538.79688 ; infill
G1 X106.348 Y28.191 Z4.059 E1538.90889 ; infill
G1 X99.816 Y28.191 Z4.019 E1539.16003 ; infill
G1 X83.716 Y28.191 Z4.008 E1539.77910 ; infill
G1 X75.184 Y28.191 Z4.047 E1540.10714 ; infill
G1 X70.707 Y28.191 Z4.111 E1540.27929 ; infill
G1 X71.318 Y28.015 Z4.111 E1540.30376 ; infill
G1 X72.448 Y27.733 Z4.110 E1540.34852 ; infill
G1 X76.742 Y27.733 Z4.054 E1540.51362 ; infill
G1 X89.865 Y27.733 Z4.017 E1541.01821 ; infill
G1 X101.004 Y27.733 Z4.042 E1541.44652 ; infill
G1 X104.126 Y27.733 Z4.060 E1541.56655 ; infill
G1 X107.503 Y27.733 Z4.110 E1541.69643 ; infill
G1 X105.895 Y27.353 Z4.110 E1541.76000 ; infill
G1 X105.474 Y27.275 Z4.109 E1541.77643 ; infill
G1 X100.063 Y27.275 Z4.055 E1541.98451 ; infill
G1 X88.507 Y27.275 Z4.036 E1542.42884 ; infill
G1 X78.805 Y27.275 Z4.061 E1542.80189 ; infill
G1 X74.491 Y27.275 Z4.110 E1542.96775 ; infill
G1 X76.500 Y26.902 Z4.110 E1543.04628 ; infill
G1 X77.061 Y26.817 Z4.110 E1543.06812 ; infill
G1 X83.012 Y26.817 Z4.062 E1543.29692 ; infill
G1 X92.847 Y26.817 Z4.054 E1543.67509 ; infill
G1 X96.986 Y26.817 Z4.062 E1543.83426 ; infill
G1 X102.925 Y26.817 Z4.110 E1544.06261 ; infill
G1 X99.929 Y26.411 Z4.110 E1544.17888 ; infill
G1 X99.349 Y26.359 Z4.110 E1544.20126 ; infill
G1 X93.429 Y26.359 Z4.081 E1544.42887 ; infill
G1 X87.293 Y26.359 Z4.079 E1544.66484 ; infill
G1 X80.588 Y26.359 Z4.110 E1544.92265 ; infill
G1 X82.209 Y26.205 Z4.110 E1544.98526 ; infill
G1 X84.266 Y26.061 Z4.110 E1545.06456 ; infill
G1 X87.064 Y25.941 Z4.109 E1545.17223 ; infill
G1 X90.004 Y25.901 Z4.114 E1545.28527 ; infill
G1 Z7.800 F7800.000 ; move to next layer (38)
G1 E1543.28527 F2400.00000 ; retract extruder 0
G92 E0 ; reset extrusion distance
G1 Z7.800 F7800.000 ; Move up before moving
G1 X84.152 Y154.556 F7800.000 ; move to first perimeter point
G1 Z4.414 F7800.000 ; Move down after moving
G1 E2.00000 F2400.00000 ; unretract extruder 0

G1 F1800
G1 X84.152 Y154.175 Z4.443 E2.02011 ; perimeter
G1 X81.740 Y154.175 Z4.443 E2.14741 ; perimeter
G1 X79.945 Y154.131 Z4.439 E2.24213 ; perimeter
G1 X78.151 Y154.000 Z4.435 E2.33706 ; perimeter
G1 X76.199 Y153.768 Z4.431 E2.44076 ; perimeter
G1 X74.427 Y153.489 Z4.428 E2.53541 ; perimeter
G1 X72.560 Y153.124 Z4.426 E2.63580 ; perimeter
G1 X70.470 Y152.611 Z4.422 E2.74935 ; perimeter
G1 X68.385 Y151.935 Z4.419 E2.86504 ; perimeter
G1 X67.366 Y151.527 Z4.417 E2.92293 ; perimeter
G1 X66.376 Y151.068 Z4.415 E2.98053 ; perimeter
G1 X65.250 Y150.460 Z4.414 E3.04806 ; perimeter
G1 X64.149 Y149.765 Z4.412 E3.11677 ; perimeter
G1 X63.103 Y149.005 Z4.410 E3.18498 ; perimeter
G1 X62.117 Y148.182 Z4.408 E3.25276 ; perimeter
G1 X61.388 Y147.497 Z4.406 E3.30552 ; perimeter
G1 X60.629 Y146.697 Z4.403 E3.36373 ; perimeter
G1 X59.519 Y145.347 Z4.401 E3.45596 ; perimeter
G1 X59.039 Y144.682 Z4.400 E3.49924 ; perimeter
G1 X58.627 Y144.051 Z4.398 E3.53903 ; perimeter
G1 X58.117 Y143.171 Z4.396 E3.59269 ; perimeter
G1 X57.824 Y142.601 Z4.395 E3.62649 ; perimeter
G1 X57.525 Y141.954 Z4.394 E3.66410 ; perimeter
G1 X57.211 Y141.184 Z4.393 E3.70795 ; perimeter
G1 X56.915 Y140.340 Z4.391 E3.75517 ; perimeter
G1 X56.641 Y139.402 Z4.389 E3.80674 ; perimeter
G1 X56.404 Y138.389 Z4.387 E3.86161 ; perimeter
G1 X56.208 Y137.248 Z4.385 E3.92270 ; perimeter
G1 X56.080 Y136.093 Z4.383 E3.98405 ; perimeter
G1 X56.021 Y134.918 Z4.382 E4.04612 ; perimeter
G1 X56.032 Y133.742 Z4.380 E4.10819 ; perimeter
G1 X56.189 Y131.971 Z4.377 E4.20198 ; perimeter
G1 X56.470 Y130.380 Z4.374 E4.28727 ; perimeter
G1 X56.718 Y129.344 Z4.369 E4.34348 ; perimeter
G1 X57.236 Y127.700 Z4.368 E4.43440 ; perimeter
G1 X57.942 Y125.907 Z4.367 E4.53610 ; perimeter
G1 X58.988 Y123.646 Z4.366 E4.66754 ; perimeter
G1 X60.769 Y119.979 Z4.365 E4.88264 ; perimeter
G1 X61.937 Y117.481 Z4.365 E5.02818 ; perimeter
G1 X62.713 Y115.712 Z4.364 E5.13011 ; perimeter
G1 X62.896 Y115.252 Z4.364 E5.15624 ; perimeter
G1 X63.223 Y114.314 Z4.364 E5.20866 ; perimeter
G1 X63.488 Y113.283 Z4.365 E5.26481 ; perimeter
G1 X63.663 Y112.193 Z4.365 E5.32308 ; perimeter
G1 X63.780 Y110.762 Z4.364 E5.39882 ; perimeter
G1 X63.761 Y109.301 Z4.364 E5.47593 ; perimeter
G1 X63.713 Y108.800 Z4.364 E5.50251 ; perimeter
G1 X63.603 Y108.102 Z4.364 E5.53978 ; perimeter
G1 X63.440 Y107.437 Z4.363 E5.57590 ; perimeter
G1 X63.218 Y106.791 Z4.362 E5.61195 ; perimeter
G1 X62.906 Y106.107 Z4.360 E5.65160 ; perimeter
G1 X62.510 Y105.415 Z4.359 E5.69366 ; perimeter
G1 X62.024 Y104.695 Z4.358 E5.73953 ; perimeter
G1 X61.442 Y103.924 Z4.358 E5.79049 ; perimeter
G1 X60.427 Y102.686 Z4.358 E5.87498 ; perimeter
G1 X54.665 Y95.982 Z4.357 E6.34144 ; perimeter
G1 X52.767 Y93.739 Z4.355 E6.49649 ; perimeter
G1 X51.400 Y92.072 Z4.353 E6.61021 ; perimeter
G1 X49.604 Y89.748 Z4.352 E6.76524 ; perimeter
G1 X48.594 Y88.332 Z4.352 E6.85700 ; perimeter
G1 X47.650 Y86.887 Z4.352 E6.94805 ; perimeter
G1 X46.923 Y85.688 Z4.352 E7.02208 ; perimeter
G1 X46.169 Y84.325 Z4.352 E7.10425 ; perimeter
G1 X45.459 Y82.911 Z4.351 E7.18772 ; perimeter
G1 X44.821 Y81.498 Z4.351 E7.26957 ; perimeter
G1 X44.155 Y79.834 Z4.351 E7.36414 ; perimeter
G1 X43.577 Y78.175 Z4.351 E7.45683 ; perimeter
G1 X43.094 Y76.569 Z4.350 E7.54532 ; perimeter
G1 X42.693 Y75.014 Z4.350 E7.63006 ; perimeter
G1 X42.367 Y73.514 Z4.349 E7.71106 ; perimeter
G1 X42.119 Y72.142 Z4.349 E7.78462 ; perimeter
G1 X41.919 Y70.777 Z4.348 E7.85743 ; perimeter
G1 X41.777 Y69.532 Z4.347 E7.92353 ; perimeter
G1 X41.690 Y68.512 Z4.347 E7.97756 ; perimeter
G1 X41.587 Y66.214 Z4.347 E8.09896 ; perimeter
G1 X41.610 Y63.996 Z4.348 E8.21600 ; perimeter
G1 X41.737 Y61.902 Z4.348 E8.32668 ; perimeter
G1 X41.952 Y59.903 Z4.348 E8.43278 ; perimeter
G1 X42.220 Y58.116 Z4.349 E8.52814 ; perimeter
G1 X42.573 Y56.277 Z4.349 E8.62693 ; perimeter
G1 X42.898 Y54.836 Z4.349 E8.70486 ; perimeter
G1 X43.315 Y53.261 Z4.348 E8.79088 ; perimeter
G1 X43.878 Y51.455 Z4.348 E8.89069 ; perimeter
G1 X44.535 Y49.686 Z4.348 E8.99027 ; perimeter
G1 X45.289 Y47.957 Z4.348 E9.08979 ; perimeter
G1 X46.145 Y46.278 Z4.348 E9.18925 ; perimeter
G1 X47.326 Y44.301 Z4.348 E9.31076 ; perimeter
G1 X48.644 Y42.410 Z4.348 E9.43240 ; perimeter
G1 X50.083 Y40.611 Z4.347 E9.55394 ; perimeter
G1 X51.642 Y38.898 Z4.347 E9.67618 ; perimeter
G1 X53.461 Y37.138 Z4.347 E9.80973 ; perimeter
G1 X55.387 Y35.494 Z4.346 E9.94336 ; perimeter
G1 X57.414 Y33.967 Z4.346 E10.07728 ; perimeter
G1 X59.537 Y32.561 Z4.345 E10.21162 ; perimeter
G1 X61.928 Y31.189 Z4.344 E10.35707 ; perimeter
G1 X64.404 Y29.978 Z4.344 E10.50252 ; perimeter
G1 X66.924 Y28.941 Z4.343 E10.64632 ; perimeter
G1 X69.500 Y28.063 Z4.343 E10.78995 ; perimeter
G1 X71.198 Y27.574 Z4.343 E10.88315 ; perimeter
G1 X72.910 Y27.146 Z4.342 E10.97629 ; perimeter
G1 X74.665 Y26.770 Z4.342 E11.07101 ; perimeter
G1 X76.419 Y26.452 Z4.342 E11.16507 ; perimeter
G1 X78.077 Y26.201 Z4.342 E11.25352 ; perimeter
G1 X80.172 Y25.940 Z4.342 E11.36492 ; perimeter
G1 X82.166 Y25.750 Z4.342 E11.47062 ; perimeter
G1 X84.241 Y25.604 Z4.342 E11.58037 ; perimeter
G1 X87.049 Y25.485 Z4.342 E11.72870 ; perimeter
G1 X89.997 Y25.444 Z4.339 E11.88429 ; perimeter
G1 X93.408 Y25.498 Z4.342 E12.06428 ; perimeter
G1 X96.702 Y25.663 Z4.342 E12.23834 ; perimeter
G1 X99.976 Y25.957 Z4.342 E12.41178 ; perimeter
G1 X103.260 Y26.401 Z4.342 E12.58663 ; perimeter
G1 X105.989 Y26.905 Z4.342 E12.73305 ; perimeter
G1 X108.427 Y27.482 Z4.342 E12.86530 ; perimeter
G1 X108.709 Y27.551 Z4.342 E12.88061 ; perimeter
G1 X111.347 Y28.333 Z4.343 E13.02577 ; perimeter
G1 X113.934 Y29.273 Z4.344 E13.17103 ; perimeter
G1 X116.171 Y30.242 Z4.344 E13.29965 ; perimeter
G1 X118.345 Y31.338 Z4.344 E13.42813 ; perimeter
G1 X120.243 Y32.437 Z4.345 E13.54387 ; perimeter
G1 X120.460 Y32.564 Z4.345 E13.55715 ; perimeter
G1 X122.611 Y33.992 Z4.345 E13.69337 ; perimeter
G1 X124.653 Y35.531 Z4.346 E13.82829 ; perimeter
G1 X126.645 Y37.241 Z4.346 E13.96680 ; perimeter
G1 X128.685 Y39.246 Z4.347 E14.11776 ; perimeter
G1 X130.464 Y41.271 Z4.347 E14.25997 ; perimeter
G1 X131.746 Y42.947 Z4.347 E14.37131 ; perimeter
G1 X132.923 Y44.702 Z4.348 E14.48281 ; perimeter
G1 X133.983 Y46.526 Z4.348 E14.59418 ; perimeter
G1 X134.920 Y48.416 Z4.348 E14.70544 ; perimeter
G1 X135.699 Y50.289 Z4.348 E14.81248 ; perimeter
G1 X136.356 Y52.175 Z4.348 E14.91791 ; perimeter
G1 X136.886 Y54.001 Z4.348 E15.01822 ; perimeter
G1 X137.312 Y55.756 Z4.348 E15.11352 ; perimeter
G1 X137.731 Y57.866 Z4.349 E15.22703 ; perimeter
G1 X138.043 Y59.898 Z4.348 E15.33552 ; perimeter
G1 X138.260 Y61.932 Z4.348 E15.44345 ; perimeter
G1 X138.384 Y63.967 Z4.348 E15.55104 ; perimeter
G1 X138.392 Y66.844 Z4.347 E15.70282 ; perimeter
G1 X138.220 Y69.511 Z4.346 E15.84385 ; perimeter
G1 X138.087 Y70.703 Z4.348 E15.90713 ; perimeter
G1 X137.834 Y72.406 Z4.349 E15.99799 ; perimeter
G1 X137.543 Y73.925 Z4.349 E16.07961 ; perimeter
G1 X137.113 Y75.782 Z4.350 E16.18018 ; perimeter
G1 X136.654 Y77.421 Z4.350 E16.27001 ; perimeter
G1 X136.144 Y78.989 Z4.351 E16.35699 ; perimeter
G1 X135.601 Y80.450 Z4.351 E16.43927 ; perimeter
G1 X134.945 Y82.022 Z4.351 E16.52915 ; perimeter
G1 X134.330 Y83.332 Z4.351 E16.60552 ; perimeter
G1 X133.491 Y84.949 Z4.352 E16.70165 ; perimeter
G1 X132.601 Y86.482 Z4.352 E16.79517 ; perimeter
G1 X131.675 Y87.926 Z4.352 E16.88566 ; perimeter
G1 X130.694 Y89.335 Z4.353 E16.97629 ; perimeter
G1 X129.241 Y91.263 Z4.353 E17.10368 ; perimeter
G1 X127.731 Y93.136 Z4.354 E17.23061 ; perimeter
G1 X126.766 Y94.294 Z4.355 E17.31015 ; perimeter
G1 X119.650 Y102.591 Z4.358 E17.88695 ; perimeter
G1 X118.796 Y103.622 Z4.357 E17.95759 ; perimeter
G1 X117.992 Y104.664 Z4.358 E18.02701 ; perimeter
G1 X117.237 Y105.832 Z4.360 E18.10044 ; perimeter
G1 X116.945 Y106.411 Z4.361 E18.13465 ; perimeter
G1 X116.733 Y106.910 Z4.362 E18.16324 ; perimeter
G1 X116.531 Y107.521 Z4.363 E18.19722 ; perimeter
G1 X116.374 Y108.185 Z4.363 E18.23321 ; perimeter
G1 X116.247 Y109.129 Z4.364 E18.28346 ; perimeter
G1 X116.205 Y110.040 Z4.364 E18.33160 ; perimeter
G1 X116.221 Y110.868 Z4.364 E18.37531 ; perimeter
G1 X116.268 Y111.572 Z4.364 E18.41250 ; perimeter
G1 X116.383 Y112.576 Z4.364 E18.46584 ; perimeter
G1 X116.545 Y113.455 Z4.364 E18.51301 ; perimeter
G1 X116.838 Y114.520 Z4.364 E18.57127 ; perimeter
G1 X117.242 Y115.613 Z4.364 E18.63278 ; perimeter
G1 X118.109 Y117.593 Z4.365 E18.74685 ; perimeter
G1 X119.251 Y120.032 Z4.365 E18.88895 ; perimeter
G1 X121.584 Y124.858 Z4.367 E19.17177 ; perimeter
G1 X122.156 Y126.150 Z4.367 E19.24638 ; perimeter
G1 X122.670 Y127.455 Z4.368 E19.32035 ; perimeter
G1 X123.112 Y128.777 Z4.368 E19.39391 ; perimeter
G1 X123.505 Y130.273 Z4.376 E19.47555 ; perimeter
G1 X123.761 Y131.635 Z4.376 E19.54868 ; perimeter
G1 X123.904 Y132.849 Z4.378 E19.61315 ; perimeter
G1 X123.971 Y134.054 Z4.380 E19.67685 ; perimeter
G1 X123.957 Y135.384 Z4.382 E19.74702 ; perimeter
G1 X123.843 Y136.822 Z4.384 E19.82316 ; perimeter
G1 X123.627 Y138.032 Z4.386 E19.88799 ; perimeter
G1 X123.458 Y138.609 Z4.386 E19.91973 ; perimeter
G1 X123.332 Y138.941 Z4.386 E19.93848 ; perimeter
G1 X123.186 Y139.260 Z4.386 E19.95700 ; perimeter
G1 X122.876 Y139.772 Z4.387 E19.98857 ; perimeter
G1 X122.612 Y140.102 Z4.388 E20.01089 ; perimeter
G1 X122.397 Y140.310 Z4.389 E20.02666 ; perimeter
G1 X121.995 Y140.592 Z4.394 E20.05256 ; perimeter
G1 X121.614 Y140.758 Z4.399 E20.07451 ; perimeter
G1 X121.234 Y140.843 Z4.406 E20.09502 ; perimeter
G1 X120.875 Y140.854 Z4.416 E20.11400 ; perimeter
G1 X120.560 Y140.806 Z4.428 E20.13080 ; perimeter
G1 X120.205 Y140.679 Z4.445 E20.15070 ; perimeter
G1 X119.873 Y140.484 Z4.463 E20.17102 ; perimeter
G1 X119.539 Y140.207 Z4.481 E20.19390 ; perimeter
G1 X119.015 Y139.621 Z4.512 E20.23542 ; perimeter
G1 X117.810 Y137.978 Z4.617 E20.34291 ; perimeter
G1 X116.981 Y136.946 Z4.696 E20.41277 ; perimeter
G1 X116.693 Y136.625 Z4.726 E20.43550 ; perimeter
G1 X115.920 Y135.849 Z4.811 E20.49332 ; perimeter
G1 X115.382 Y135.382 Z4.867 E20.53091 ; perimeter
G1 X114.757 Y134.910 Z4.935 E20.57224 ; perimeter
G1 X113.946 Y134.411 Z5.026 E20.62249 ; perimeter
G1 X113.085 Y133.978 Z5.125 E20.67333 ; perimeter
G1 X112.226 Y133.638 Z5.223 E20.72211 ; perimeter
G1 X111.265 Y133.375 Z5.331 E20.77470 ; perimeter
G1 X110.386 Y133.228 Z5.426 E20.82172 ; perimeter
G1 X109.576 Y133.165 Z5.514 E20.86460 ; perimeter
G1 X108.466 Y133.169 Z5.625 E20.92316 ; perimeter
G1 X107.340 Y133.300 Z5.725 E20.98299 ; perimeter
G1 X106.289 Y133.522 Z5.798 E21.03963 ; perimeter
G1 X105.262 Y133.842 Z5.854 E21.09641 ; perimeter
G1 X104.263 Y134.261 Z5.886 E21.15359 ; perimeter
G1 X103.234 Y134.824 Z5.892 E21.21545 ; perimeter
G1 X102.536 Y135.299 Z5.878 E21.26000 ; perimeter
G1 X101.862 Y135.848 Z5.849 E21.30587 ; perimeter
G1 X101.171 Y136.530 Z5.801 E21.35712 ; perimeter
G1 X100.806 Y136.955 Z5.769 E21.38666 ; perimeter
G1 X100.453 Y137.420 Z5.733 E21.41749 ; perimeter
G1 X99.975 Y138.162 Z5.675 E21.46406 ; perimeter
G1 X99.536 Y139.002 Z5.609 E21.51410 ; perimeter
G1 X99.097 Y140.065 Z5.527 E21.57473 ; perimeter
G1 X98.863 Y140.773 Z5.471 E21.61412 ; perimeter
G1 X98.593 Y141.830 Z5.391 E21.67169 ; perimeter
G1 X98.511 Y142.242 Z5.360 E21.69384 ; perimeter
G1 X98.395 Y142.855 Z5.314 E21.72675 ; perimeter
G1 X98.108 Y145.067 Z5.144 E21.84444 ; perimeter
G1 X97.982 Y146.530 Z5.031 E21.92195 ; perimeter
G1 X97.840 Y149.049 Z4.837 E22.05509 ; perimeter
G1 X97.632 Y154.556 Z4.414 E22.34587 ; perimeter
G1 X84.212 Y154.556 Z4.414 E23.05399 ; perimeter

G1 E21.05399 F2400.00000 ; retract extruder 0
G92 E0 ; reset extrusion distance
G1 Z7.800 F7800.000 ; Move up before moving
G1 X79.215 Y76.233 F7800.000 ; move to first infill point
G1 X64.067 Y149.141 F7800.000 ; move to first infill point
G1 Z4.426 F7800.000 ; Move down after moving
G1 E2.00000 F2400.00000 ; unretract extruder 0
G1 F900
G1 X64.067 Y147.113 Z4.476 E2.07814 ; infill
G1 X64.067 Y141.788 Z4.662 E2.28332 ; infill
G1 X64.067 Y138.297 Z4.763 E2.41783 ; infill
G1 X64.067 Y136.066 Z4.808 E2.50379 ; infill
G1 X64.067 Y133.560 Z4.823 E2.60036 ; infill
G1 X64.067 Y131.020 Z4.793 E2.69821 ; infill
G1 X64.067 Y127.116 Z4.694 E2.84867 ; infill
G1 X64.067 Y121.416 Z4.464 E3.06828 ; infill
G1 X64.067 Y118.757 Z4.384 E3.17072 ; infill
G1 X64.067 Y115.811 Z4.340 E3.28424 ; infill
G1 X64.067 Y112.556 Z4.348 E3.40967 ; infill
G1 X63.936 Y113.376 Z4.348 E3.44169 ; infill
G1 X63.608 Y114.597 Z4.348 E3.49038 ; infill
G1 X63.608 Y116.883 Z4.342 E3.57848 ; infill
G1 X63.608 Y118.730 Z4.362 E3.64965 ; infill
G1 X63.608 Y122.483 Z4.467 E3.79425 ; infill
G1 X63.608 Y127.878 Z4.670 E4.00213 ; infill
G1 X63.608 Y131.514 Z4.755 E4.14222 ; infill
G1 X63.608 Y133.658 Z4.777 E4.22484 ; infill
G1 X63.608 Y136.237 Z4.762 E4.32418 ; infill
G1 X63.608 Y139.515 Z4.695 E4.45052 ; infill
G1 X63.608 Y146.726 Z4.473 E4.72836 ; infill
G1 X63.608 Y148.808 Z4.426 E4.80855 ; infill
G1 X63.150 Y148.449 Z4.423 E4.83099 ; infill
G1 X63.150 Y138.944 Z4.675 E5.19723 ; infill
G1 X63.150 Y136.290 Z4.718 E5.29950 ; infill
G1 X63.150 Y133.757 Z4.732 E5.39709 ; infill
G1 X63.150 Y131.963 Z4.715 E5.46621 ; infill
G1 X63.150 Y128.481 Z4.641 E5.60039 ; infill
G1 X63.150 Y121.595 Z4.407 E5.86571 ; infill
G1 X63.150 Y119.745 Z4.363 E5.93699 ; infill
G1 X63.150 Y117.905 Z4.343 E6.00790 ; infill
G1 X63.150 Y115.850 Z4.348 E6.08705 ; infill
G1 X62.691 Y116.901 Z4.349 E6.13121 ; infill
G1 X62.691 Y118.919 Z4.344 E6.20897 ; infill
G1 X62.691 Y120.748 Z4.365 E6.27946 ; infill
G1 X62.691 Y128.705 Z4.601 E6.58604 ; infill
G1 X62.691 Y132.012 Z4.669 E6.71346 ; infill
G1 X62.691 Y133.855 Z4.686 E6.78449 ; infill
G1 X62.691 Y136.578 Z4.674 E6.88940 ; infill
G1 X62.691 Y139.183 Z4.637 E6.98980 ; infill
G1 X62.691 Y148.066 Z4.423 E7.33205 ; infill
G1 X62.232 Y147.663 Z4.420 E7.35558 ; infill
G1 X62.232 Y138.545 Z4.616 E7.70692 ; infill
G1 X62.232 Y133.954 Z4.644 E7.88381 ; infill
G1 X62.232 Y130.186 Z4.594 E8.02902 ; infill
G1 X62.232 Y121.741 Z4.367 E8.35441 ; infill
G1 X62.232 Y119.909 Z4.345 E8.42498 ; infill
G1 X62.232 Y117.930 Z4.349 E8.50124 ; infill
G1 X61.773 Y118.911 Z4.350 E8.54296 ; infill
G1 X61.773 Y120.887 Z4.346 E8.61912 ; infill
G1 X61.773 Y122.726 Z4.369 E8.68996 ; infill
G1 X61.773 Y131.143 Z4.574 E9.01428 ; infill
G1 X61.773 Y134.054 Z4.609 E9.12644 ; infill
G1 X61.773 Y137.851 Z4.592 E9.27275 ; infill
G1 X61.773 Y147.232 Z4.420 E9.63421 ; infill
G1 X61.314 Y146.755 Z4.417 E9.65969 ; infill
G1 X61.314 Y138.046 Z4.555 E9.99528 ; infill
G1 X61.314 Y134.153 Z4.573 E10.14527 ; infill
G1 X61.314 Y131.168 Z4.538 E10.26031 ; infill
G1 X61.314 Y123.717 Z4.370 E10.54739 ; infill
G1 X61.314 Y121.856 Z4.347 E10.61911 ; infill
G1 X61.314 Y119.891 Z4.350 E10.69479 ; infill
G1 X60.856 Y120.847 Z4.351 E10.73562 ; infill
G1 X60.856 Y122.814 Z4.348 E10.81142 ; infill
G1 X60.856 Y124.726 Z4.371 E10.88509 ; infill
G1 X60.856 Y131.192 Z4.502 E11.13426 ; infill
G1 X60.856 Y134.253 Z4.537 E11.25218 ; infill
G1 X60.856 Y140.144 Z4.504 E11.47917 ; infill
G1 X60.856 Y146.253 Z4.415 E11.71456 ; infill
G1 X60.397 Y145.695 Z4.414 E11.74239 ; infill
G1 X60.397 Y139.416 Z4.488 E11.98433 ; infill
G1 X60.397 Y134.352 Z4.502 E12.17945 ; infill
G1 X60.397 Y130.186 Z4.455 E12.34000 ; infill
G1 X60.397 Y125.789 Z4.372 E12.50942 ; infill
G1 X60.397 Y123.782 Z4.349 E12.58674 ; infill
G1 X60.397 Y121.791 Z4.351 E12.66344 ; infill
G1 X59.938 Y122.736 Z4.352 E12.70391 ; infill
G1 X59.938 Y124.770 Z4.350 E12.78229 ; infill
G1 X59.938 Y130.186 Z4.431 E12.99095 ; infill
G1 X59.938 Y135.516 Z4.477 E13.19634 ; infill
G1 X59.938 Y138.632 Z4.472 E13.31638 ; infill
G1 X59.938 Y145.138 Z4.413 E13.56707 ; infill
G1 X59.479 Y144.511 Z4.410 E13.59699 ; infill
G1 X59.479 Y135.641 Z4.456 E13.93877 ; infill
G1 X59.479 Y132.361 Z4.434 E14.06512 ; infill
G1 X59.479 Y125.819 Z4.351 E14.31721 ; infill
G1 X59.479 Y123.681 Z4.352 E14.39960 ; infill
G1 X59.020 Y124.664 Z4.353 E14.44142 ; infill
G1 X59.020 Y129.455 Z4.369 E14.62603 ; infill
G1 X59.020 Y132.412 Z4.415 E14.73996 ; infill
G1 X59.020 Y135.765 Z4.435 E14.86914 ; infill
G1 X59.020 Y143.818 Z4.407 E15.17942 ; infill
G1 X58.562 Y143.027 Z4.405 E15.21464 ; infill
G1 X58.562 Y134.753 Z4.411 E15.53346 ; infill
G1 X58.562 Y130.351 Z4.363 E15.70308 ; infill
G1 X58.562 Y125.656 Z4.351 E15.88396 ; infill
G1 X58.362 Y126.087 Z4.351 E15.90225 ; infill
G1 X58.103 Y126.746 Z4.354 E15.92956 ; infill
G1 X58.103 Y142.114 Z4.400 E16.52170 ; infill
G1 X57.644 Y141.035 Z4.398 E16.56690 ; infill
G1 X57.644 Y127.927 Z4.355 E17.07196 ; infill
G1 X57.185 Y129.382 Z4.360 E17.13075 ; infill
G1 X57.185 Y139.635 Z4.394 E17.52581 ; infill
G1 X57.083 Y139.286 Z4.393 E17.53984 ; infill
G1 X56.852 Y138.299 Z4.390 E17.57890 ; infill
G1 X56.726 Y137.567 Z4.388 E17.60752 ; infill
G1 X56.726 Y131.555 Z4.372 E17.83915 ; infill
G1 E15.83915 F2400.00000 ; retract extruder 0
G92 E0 ; reset extrusion distance
G1 Z7.800 F7800.000 ; Move up before moving
G1 X100.781 Y76.233 F7800.000 ; move to first infill point
G1 X115.912 Y112.477 F7800.000 ; move to first infill point
G1 Z4.348 F7800.000 ; Move down after moving
G1 E2.00000 F2400.00000 ; unretract extruder 0
G1 F900
G1 X115.912 Y115.773 Z4.340 E2.12701 ; infill
G1 X115.912 Y117.652 Z4.360 E2.19940 ; infill
G1 X115.912 Y121.379 Z4.464 E2.34301 ; infill
G1 X115.912 Y127.891 Z4.718 E2.59393 ; infill
G1 X115.912 Y131.863 Z4.810 E2.74698 ; infill
G1 X115.912 Y135.237 Z4.819 E2.87700 ; infill
G1 X116.371 Y135.655 Z4.769 E2.90089 ; infill
G1 X116.371 Y133.655 Z4.779 E2.97795 ; infill
G1 X116.371 Y131.044 Z4.747 E3.07856 ; infill
G1 X116.371 Y126.818 Z4.639 E3.24138 ; infill
G1 X116.371 Y120.531 Z4.404 E3.48361 ; infill
G1 X116.371 Y116.848 Z4.342 E3.62554 ; infill
G1 X116.371 Y114.545 Z4.348 E3.71429 ; infill
G1 X116.830 Y115.811 Z4.348 E3.76620 ; infill
G1 X116.830 Y117.869 Z4.343 E3.84548 ; infill
G1 X116.830 Y119.709 Z4.363 E3.91640 ; infill
G1 X116.830 Y121.559 Z4.407 E3.98767 ; infill
G1 X116.830 Y127.867 Z4.626 E4.23070 ; infill
G1 X116.830 Y131.961 Z4.717 E4.38847 ; infill
G1 X116.830 Y133.753 Z4.733 E4.45752 ; infill
G1 X116.830 Y136.115 Z4.721 E4.54851 ; infill
G1 X117.288 Y136.603 Z4.675 E4.57434 ; infill
G1 X117.288 Y133.851 Z4.688 E4.68037 ; infill
G1 X117.288 Y132.010 Z4.670 E4.75133 ; infill
G1 X117.288 Y127.854 Z4.580 E4.91145 ; infill
G1 X117.288 Y120.713 Z4.365 E5.18660 ; infill
G1 X117.288 Y118.884 Z4.344 E5.25709 ; infill
G1 X117.288 Y116.859 Z4.349 E5.33511 ; infill
G1 X117.747 Y117.899 Z4.349 E5.37890 ; infill
G1 X117.747 Y119.875 Z4.345 E5.45505 ; infill
G1 X117.747 Y121.706 Z4.367 E5.52560 ; infill
G1 X117.747 Y127.842 Z4.537 E5.76203 ; infill
G1 X117.747 Y132.059 Z4.628 E5.92452 ; infill
G1 X117.747 Y134.771 Z4.648 E6.02902 ; infill
G1 X117.747 Y137.170 Z4.636 E6.12143 ; infill
G1 X118.206 Y137.745 Z4.596 E6.14980 ; infill
G1 X118.206 Y135.015 Z4.612 E6.25501 ; infill
G1 X118.206 Y132.109 Z4.592 E6.36698 ; infill
G1 X118.206 Y122.692 Z4.369 E6.72984 ; infill
G1 X118.206 Y120.854 Z4.346 E6.80067 ; infill
G1 X118.206 Y118.878 Z4.349 E6.87677 ; infill
G1 X118.665 Y119.858 Z4.350 E6.91846 ; infill
G1 X118.665 Y121.822 Z4.347 E6.99412 ; infill
G1 X118.665 Y123.682 Z4.370 E7.06580 ; infill
G1 X118.665 Y131.167 Z4.539 E7.35418 ; infill
G1 X118.665 Y133.155 Z4.568 E7.43079 ; infill
G1 X118.665 Y136.119 Z4.574 E7.54501 ; infill
G1 X118.665 Y138.371 Z4.550 E7.63176 ; infill
G1 X119.124 Y138.996 Z4.515 E7.66165 ; infill
G1 X119.124 Y136.267 Z4.538 E7.76679 ; infill
G1 X119.124 Y133.230 Z4.532 E7.88383 ; infill
G1 X119.124 Y124.690 Z4.371 E8.21287 ; infill
G1 X119.124 Y122.781 Z4.348 E8.28645 ; infill
G1 X119.124 Y120.819 Z4.351 E8.36203 ; infill
G1 X119.582 Y121.768 Z4.351 E8.40264 ; infill
G1 X119.582 Y123.748 Z4.349 E8.47894 ; infill
G1 X119.582 Y125.749 Z4.372 E8.55605 ; infill
G1 X119.582 Y133.305 Z4.496 E8.84716 ; infill
G1 X119.582 Y139.570 Z4.487 E9.08856 ; infill
G1 X119.857 Y139.877 Z4.470 E9.10447 ; infill
G1 X120.041 Y140.030 Z4.460 E9.11367 ; infill
G1 X120.041 Y137.303 Z4.479 E9.21876 ; infill
G1 X120.041 Y134.349 Z4.473 E9.33255 ; infill
G1 X120.041 Y124.735 Z4.350 E9.70300 ; infill
G1 X120.041 Y122.717 Z4.351 E9.78078 ; infill
G1 X120.500 Y123.666 Z4.352 E9.82139 ; infill
G1 X120.500 Y128.257 Z4.373 E9.99829 ; infill
G1 X120.500 Y134.208 Z4.451 E10.22762 ; infill
G1 X120.500 Y137.260 Z4.457 E10.34518 ; infill
G1 X120.500 Y140.299 Z4.436 E10.46230 ; infill
G1 X120.672 Y140.361 Z4.427 E10.46935 ; infill
G1 X120.959 Y140.394 Z4.415 E10.48046 ; infill
G1 X120.959 Y135.153 Z4.434 E10.68241 ; infill
G1 X120.959 Y131.777 Z4.409 E10.81248 ; infill
G1 X120.959 Y129.425 Z4.370 E10.90311 ; infill
G1 X120.959 Y124.614 Z4.353 E11.08848 ; infill
G1 X121.418 Y125.611 Z4.353 E11.13075 ; infill
G1 X121.418 Y130.325 Z4.363 E11.31239 ; infill
G1 X121.418 Y135.045 Z4.413 E11.49427 ; infill
G1 X121.418 Y140.334 Z4.406 E11.69804 ; infill
G1 X121.770 Y140.191 Z4.401 E11.71268 ; infill
G1 X121.876 Y140.116 Z4.399 E11.71769 ; infill
G1 X121.876 Y126.687 Z4.354 E12.23514 ; infill
G1 X122.335 Y127.894 Z4.355 E12.28489 ; infill
G1 X122.335 Y139.716 Z4.394 E12.74041 ; infill
G1 X122.501 Y139.510 Z4.393 E12.75062 ; infill
G1 X122.794 Y139.019 Z4.390 E12.77262 ; infill
G1 X122.794 Y129.366 Z4.359 E13.14458 ; infill
G1 X123.059 Y130.374 Z4.371 E13.18474 ; infill
G1 X123.253 Y131.404 Z4.372 E13.22515 ; infill
G1 X123.253 Y137.528 Z4.388 E13.46112 ; infill
G1 E11.46112 F2400.00000 ; retract extruder 0
G92 E0 ; reset extrusion distance
G1 Z7.800 F7800.000 ; Move up before moving
G1 X100.781 Y76.233 F7800.000 ; move to first infill point
G1 X137.935 Y66.831 F7800.000 ; move to first infill point
G1 Z4.317 F7800.000 ; Move down after moving
G1 E2.00000 F2400.00000 ; unretract extruder 0
G1 F900
G1 X137.927 Y63.982 Z4.318 E2.10979 ; infill
G1 X137.805 Y61.970 Z4.318 E2.18744 ; infill
G1 X137.589 Y59.957 Z4.319 E2.26545 ; infill
G1 X137.476 Y59.217 Z4.318 E2.29429 ; infill
G1 X137.476 Y66.956 Z4.286 E2.59246 ; infill
G1 X137.476 Y71.705 Z4.318 E2.77544 ; infill
G1 X137.383 Y72.329 Z4.319 E2.79978 ; infill
G1 X137.017 Y74.171 Z4.320 E2.87215 ; infill
G1 X137.017 Y69.645 Z4.265 E3.04657 ; infill
G1 X137.017 Y67.029 Z4.256 E3.14733 ; infill
G1 X137.017 Y62.148 Z4.266 E3.33544 ; infill
G1 X137.017 Y56.615 Z4.318 E3.54861 ; infill
G1 X136.866 Y55.854 Z4.319 E3.57850 ; infill
G1 X136.558 Y54.586 Z4.319 E3.62877 ; infill
G1 X136.558 Y61.006 Z4.244 E3.87612 ; infill
G1 X136.558 Y67.076 Z4.231 E4.11001 ; infill
G1 X136.558 Y70.406 Z4.244 E4.23832 ; infill
G1 X136.558 Y76.070 Z4.322 E4.45656 ; infill
G1 X136.099 Y77.650 Z4.322 E4.51996 ; infill
G1 X136.099 Y72.290 Z4.238 E4.72649 ; infill
G1 X136.099 Y67.100 Z4.211 E4.92649 ; infill
G1 X136.099 Y57.862 Z4.245 E5.28244 ; infill
G1 X136.099 Y52.931 Z4.319 E5.47242 ; infill
G1 X135.920 Y52.314 Z4.319 E5.49716 ; infill
G1 X135.640 Y51.512 Z4.319 E5.52992 ; infill
G1 X135.640 Y57.128 Z4.232 E5.74635 ; infill
G1 X135.640 Y67.123 Z4.191 E6.13146 ; infill
G1 X135.640 Y69.825 Z4.195 E6.23557 ; infill
G1 X135.640 Y74.695 Z4.244 E6.42319 ; infill
G1 X135.640 Y79.033 Z4.323 E6.59033 ; infill
G1 X135.182 Y80.267 Z4.323 E6.64107 ; infill
G1 X135.182 Y75.321 Z4.234 E6.83164 ; infill
G1 X135.182 Y70.006 Z4.179 E7.03644 ; infill
G1 X135.182 Y67.147 Z4.171 E7.14658 ; infill
G1 X135.182 Y57.249 Z4.212 E7.52797 ; infill
G1 X135.182 Y53.780 Z4.247 E7.66164 ; infill
G1 X135.182 Y50.236 Z4.319 E7.79820 ; infill
G1 X134.723 Y49.133 Z4.318 E7.84423 ; infill
G1 X134.723 Y52.261 Z4.247 E7.96478 ; infill
G1 X134.723 Y57.369 Z4.193 E8.16161 ; infill
G1 X134.723 Y68.153 Z4.158 E8.57709 ; infill
G1 X134.723 Y76.746 Z4.234 E8.90822 ; infill
G1 X134.723 Y81.370 Z4.323 E9.08639 ; infill
G1 X134.264 Y82.397 Z4.324 E9.12972 ; infill
G1 X134.264 Y78.151 Z4.237 E9.29332 ; infill
G1 X134.264 Y69.321 Z4.148 E9.63357 ; infill
G1 X134.264 Y57.372 Z4.174 E10.09396 ; infill
G1 X134.264 Y50.943 Z4.248 E10.34170 ; infill
G1 X134.264 Y48.122 Z4.319 E10.45038 ; infill
G1 X133.805 Y47.196 Z4.318 E10.49020 ; infill
G1 X133.805 Y49.774 Z4.248 E10.58954 ; infill
G1 X133.805 Y55.379 Z4.176 E10.80551 ; infill
G1 X133.805 Y68.227 Z4.141 E11.30055 ; infill
G1 X133.805 Y75.274 Z4.184 E11.57209 ; infill
G1 X133.805 Y80.835 Z4.260 E11.78637 ; infill
G1 X133.805 Y83.351 Z4.324 E11.88329 ; infill
G1 X133.346 Y84.235 Z4.325 E11.92168 ; infill
G1 X133.346 Y81.964 Z4.263 E12.00918 ; infill
G1 X133.346 Y76.645 Z4.185 E12.21415 ; infill
G1 X133.346 Y67.955 Z4.136 E12.54898 ; infill
G1 X133.346 Y53.650 Z4.177 E13.10016 ; infill
G1 X133.346 Y48.716 Z4.249 E13.29027 ; infill
G1 X133.346 Y46.340 Z4.318 E13.38183 ; infill
G1 X132.888 Y45.551 Z4.318 E13.41701 ; infill
G1 X132.888 Y47.774 Z4.249 E13.50267 ; infill
G1 X132.888 Y52.215 Z4.178 E13.67380 ; infill
G1 X132.888 Y58.931 Z4.146 E13.93256 ; infill
G1 X132.888 Y69.576 Z4.134 E14.34274 ; infill
G1 X132.888 Y78.250 Z4.192 E14.67694 ; infill
G1 X132.888 Y83.005 Z4.266 E14.86016 ; infill
G1 X132.888 Y85.078 Z4.325 E14.94004 ; infill
G1 X132.429 Y85.868 Z4.325 E14.97523 ; infill
G1 X132.429 Y83.976 Z4.269 E15.04814 ; infill
G1 X132.429 Y79.662 Z4.198 E15.21436 ; infill
G1 X132.429 Y69.576 Z4.140 E15.60296 ; infill
G1 X132.429 Y56.675 Z4.149 E16.10004 ; infill
G1 X132.429 Y50.976 Z4.179 E16.31963 ; infill
G1 X132.429 Y46.903 Z4.249 E16.47658 ; infill
G1 X132.429 Y44.786 Z4.318 E16.55817 ; infill
G1 X131.970 Y44.102 Z4.318 E16.58990 ; infill
G1 X131.970 Y46.075 Z4.249 E16.66594 ; infill
G1 X131.970 Y49.882 Z4.180 E16.81263 ; infill
G1 X131.970 Y54.811 Z4.151 E17.00255 ; infill
G1 X131.970 Y69.576 Z4.146 E17.57146 ; infill
G1 X131.970 Y80.930 Z4.204 E18.00895 ; infill
G1 X131.970 Y84.888 Z4.272 E18.16146 ; infill
G1 X131.970 Y86.619 Z4.325 E18.22813 ; infill
G1 X131.511 Y87.335 Z4.325 E18.26090 ; infill
G1 X131.511 Y85.752 Z4.275 E18.32187 ; infill
G1 X131.511 Y82.086 Z4.209 E18.46314 ; infill
G1 X131.511 Y77.195 Z4.174 E18.65160 ; infill
G1 X131.511 Y53.303 Z4.153 E19.57218 ; infill
G1 X131.511 Y48.892 Z4.181 E19.74213 ; infill
G1 X131.511 Y45.328 Z4.250 E19.87946 ; infill
G1 X131.511 Y43.418 Z4.318 E19.95307 ; infill
G1 X131.052 Y42.793 Z4.318 E19.98294 ; infill
G1 X131.052 Y44.607 Z4.250 E20.05285 ; infill
G1 X131.052 Y47.977 Z4.181 E20.18269 ; infill
G1 X131.052 Y52.005 Z4.154 E20.33789 ; infill
G1 X131.052 Y63.117 Z4.183 E20.76604 ; infill
G1 X131.052 Y78.756 Z4.183 E21.36866 ; infill
G1 X131.052 Y83.139 Z4.214 E21.53754 ; infill
G1 X131.052 Y86.558 Z4.278 E21.66927 ; infill
G1 X131.052 Y88.020 Z4.325 E21.72561 ; infill
G1 X130.594 Y88.679 Z4.325 E21.75655 ; infill
G1 X130.594 Y87.329 Z4.281 E21.80858 ; infill
G1 X130.594 Y84.120 Z4.219 E21.93221 ; infill
G1 X130.594 Y80.137 Z4.190 E22.08568 ; infill
G1 X130.594 Y65.293 Z4.202 E22.65765 ; infill
G1 X130.594 Y50.865 Z4.156 E23.21356 ; infill
G1 X130.594 Y47.137 Z4.182 E23.35720 ; infill
G1 X130.594 Y43.935 Z4.250 E23.48061 ; infill
G1 X130.594 Y42.193 Z4.318 E23.54771 ; infill
G1 X130.135 Y41.594 Z4.318 E23.57680 ; infill
G1 X130.135 Y43.291 Z4.251 E23.64220 ; infill
G1 X130.135 Y46.367 Z4.183 E23.76073 ; infill
G1 X130.135 Y49.842 Z4.157 E23.89463 ; infill
G1 X130.135 Y65.350 Z4.230 E24.49217 ; infill
G1 X130.135 Y81.379 Z4.198 E25.10979 ; infill
G1 X130.135 Y85.043 Z4.224 E25.25095 ; infill
G1 X130.135 Y88.063 Z4.283 E25.36733 ; infill
G1 X130.135 Y89.317 Z4.326 E25.41566 ; infill
G1 X129.676 Y89.926 Z4.326 E25.44502 ; infill
G1 X129.676 Y85.916 Z4.229 E25.59952 ; infill
G1 X129.676 Y82.514 Z4.204 E25.73060 ; infill
G1 X129.676 Y65.407 Z4.258 E26.38976 ; infill
G1 X129.676 Y48.904 Z4.158 E27.02563 ; infill
G1 X129.676 Y45.624 Z4.183 E27.15202 ; infill
G1 X129.676 Y42.682 Z4.251 E27.26539 ; infill
G1 X129.676 Y41.067 Z4.317 E27.32761 ; infill
G1 X129.217 Y40.545 Z4.317 E27.35439 ; infill
G1 X129.217 Y42.095 Z4.251 E27.41413 ; infill
G1 X129.217 Y44.949 Z4.184 E27.52409 ; infill
G1 X129.217 Y48.065 Z4.159 E27.64414 ; infill
G1 X129.217 Y51.678 Z4.172 E27.78336 ; infill
G1 X129.217 Y61.425 Z4.270 E28.15894 ; infill
G1 X129.217 Y65.465 Z4.289 E28.31458 ; infill
G1 X129.217 Y69.576 Z4.288 E28.47301 ; infill
G1 X129.217 Y83.565 Z4.211 E29.01202 ; infill
G1 X129.217 Y86.747 Z4.233 E29.13462 ; infill
G1 X129.217 Y90.534 Z4.326 E29.28055 ; infill
G1 X128.758 Y91.133 Z4.327 E29.30960 ; infill
G1 X128.758 Y87.533 Z4.238 E29.44830 ; infill
G1 X128.758 Y84.548 Z4.217 E29.56331 ; infill
G1 X128.758 Y80.937 Z4.230 E29.70243 ; infill
G1 X128.758 Y72.289 Z4.308 E30.03565 ; infill
G1 X128.758 Y65.524 Z4.329 E30.29634 ; infill
G1 X128.758 Y59.080 Z4.278 E30.54463 ; infill
G1 X128.758 Y50.646 Z4.174 E30.86959 ; infill
G1 X128.758 Y47.279 Z4.160 E30.99931 ; infill
G1 X128.758 Y44.291 Z4.184 E31.11445 ; infill
G1 X128.758 Y41.541 Z4.251 E31.22043 ; infill
G1 X128.758 Y40.022 Z4.317 E31.27893 ; infill
G1 X128.300 Y39.508 Z4.317 E31.30548 ; infill
G1 X128.300 Y40.997 Z4.251 E31.36283 ; infill
G1 X128.300 Y43.680 Z4.185 E31.46620 ; infill
G1 X128.300 Y46.529 Z4.161 E31.57599 ; infill
G1 X128.300 Y49.705 Z4.176 E31.69836 ; infill
G1 X128.300 Y61.649 Z4.342 E32.15856 ; infill
G1 X128.300 Y65.583 Z4.369 E32.31015 ; infill
G1 X128.300 Y73.652 Z4.334 E32.62106 ; infill
G1 X128.300 Y82.129 Z4.238 E32.94770 ; infill
G1 X128.300 Y85.474 Z4.224 E33.07658 ; infill
G1 X128.300 Y88.272 Z4.243 E33.18439 ; infill
G1 X128.300 Y91.702 Z4.328 E33.31655 ; infill
G1 X127.841 Y92.271 Z4.329 E33.34472 ; infill
G1 X127.841 Y89.000 Z4.247 E33.47074 ; infill
G1 X127.841 Y86.341 Z4.230 E33.57322 ; infill
G1 X127.841 Y83.229 Z4.245 E33.69313 ; infill
G1 X127.841 Y70.913 Z4.407 E34.16768 ; infill
G1 X127.841 Y65.643 Z4.415 E34.37074 ; infill
G1 X127.841 Y59.366 Z4.351 E34.61260 ; infill
G1 X127.841 Y48.868 Z4.178 E35.01708 ; infill
G1 X127.841 Y45.853 Z4.162 E35.13326 ; infill
G1 X127.841 Y43.085 Z4.185 E35.23993 ; infill
G1 X127.841 Y40.490 Z4.252 E35.33990 ; infill
G1 X127.841 Y39.057 Z4.316 E35.39510 ; infill
G1 X127.382 Y38.606 Z4.316 E35.41989 ; infill
G1 X127.382 Y39.983 Z4.252 E35.47294 ; infill
G1 X127.382 Y42.528 Z4.186 E35.57101 ; infill
G1 X127.382 Y45.192 Z4.163 E35.67364 ; infill
G1 X127.382 Y48.083 Z4.179 E35.78506 ; infill
G1 X127.382 Y59.510 Z4.391 E36.22533 ; infill
G1 X127.382 Y65.703 Z4.466 E36.46397 ; infill
G1 X127.382 Y70.907 Z4.462 E36.66446 ; infill
G1 X127.382 Y84.254 Z4.253 E37.17876 ; infill
G1 X127.382 Y87.167 Z4.236 E37.29101 ; infill
G1 X127.382 Y89.717 Z4.252 E37.38924 ; infill
G1 X127.382 Y92.840 Z4.330 E37.50959 ; infill
G1 X126.923 Y93.391 Z4.330 E37.53720 ; infill
G1 X126.923 Y90.394 Z4.257 E37.65266 ; infill
G1 X126.923 Y87.953 Z4.242 E37.74675 ; infill
G1 X126.923 Y85.212 Z4.260 E37.85233 ; infill
G1 X126.923 Y73.596 Z4.481 E38.29991 ; infill
G1 X126.923 Y70.901 Z4.517 E38.40378 ; infill
G1 X126.923 Y67.656 Z4.521 E38.52881 ; infill
G1 X126.923 Y61.991 Z4.478 E38.74707 ; infill
G1 X126.923 Y47.337 Z4.181 E39.31173 ; infill
G1 X126.923 Y44.580 Z4.164 E39.41795 ; infill
G1 X126.923 Y41.981 Z4.186 E39.51810 ; infill
G1 X126.923 Y39.514 Z4.252 E39.61316 ; infill
G1 X126.923 Y38.155 Z4.316 E39.66550 ; infill
G1 X126.464 Y37.704 Z4.316 E39.69029 ; infill
G1 X126.464 Y39.049 Z4.252 E39.74209 ; infill
G1 X126.464 Y41.472 Z4.187 E39.83547 ; infill
G1 X126.464 Y43.986 Z4.165 E39.93231 ; infill
G1 X126.464 Y46.663 Z4.182 E40.03546 ; infill
G1 X126.464 Y49.571 Z4.234 E40.14752 ; infill
G1 X126.464 Y59.803 Z4.487 E40.54179 ; infill
G1 X126.464 Y63.973 Z4.556 E40.70244 ; infill
G1 X126.464 Y67.688 Z4.583 E40.84559 ; infill
G1 X126.464 Y70.895 Z4.572 E40.96915 ; infill
G1 X126.464 Y73.577 Z4.536 E41.07252 ; infill
G1 X126.464 Y83.087 Z4.318 E41.43892 ; infill
G1 X126.464 Y86.116 Z4.267 E41.55564 ; infill
G1 X126.464 Y88.712 Z4.248 E41.65568 ; infill
G1 X126.464 Y91.072 Z4.261 E41.74661 ; infill
G1 X126.464 Y93.941 Z4.331 E41.85717 ; infill
G1 X126.006 Y94.478 Z4.332 E41.88437 ; infill
G1 X126.006 Y91.721 Z4.266 E41.99058 ; infill
G1 X126.006 Y89.468 Z4.254 E42.07740 ; infill
G1 X126.006 Y86.978 Z4.274 E42.17337 ; infill
G1 X126.006 Y84.141 Z4.326 E42.28268 ; infill
G1 X126.006 Y74.909 Z4.566 E42.63838 ; infill
G1 X126.006 Y70.889 Z4.627 E42.79330 ; infill
G1 X126.006 Y67.720 Z4.645 E42.91539 ; infill
G1 X126.006 Y64.063 Z4.617 E43.05629 ; infill
G1 X126.006 Y59.951 Z4.538 E43.21474 ; infill
G1 X126.006 Y48.799 Z4.236 E43.64444 ; infill
G1 X126.006 Y46.008 Z4.183 E43.75197 ; infill
G1 X126.006 Y43.429 Z4.165 E43.85136 ; infill
G1 X126.006 Y40.964 Z4.187 E43.94633 ; infill
G1 X126.006 Y38.600 Z4.253 E44.03741 ; infill
G1 X126.006 Y37.294 Z4.316 E44.08772 ; infill
G1 X125.547 Y36.900 Z4.316 E44.11102 ; infill
G1 X125.547 Y38.172 Z4.253 E44.16002 ; infill
G1 X125.547 Y40.494 Z4.187 E44.24951 ; infill
G1 X125.547 Y42.885 Z4.166 E44.34162 ; infill
G1 X125.547 Y45.397 Z4.184 E44.43842 ; infill
G1 X125.547 Y48.066 Z4.238 E44.54127 ; infill
G1 X125.547 Y56.551 Z4.499 E44.86817 ; infill
G1 X125.547 Y62.341 Z4.647 E45.09129 ; infill
G1 X125.547 Y65.950 Z4.699 E45.23033 ; infill
G1 X125.547 Y69.576 Z4.709 E45.37007 ; infill
G1 X125.547 Y76.230 Z4.591 E45.62645 ; infill
G1 X125.547 Y81.959 Z4.419 E45.84720 ; infill
G1 X125.547 Y87.796 Z4.281 E46.07209 ; infill
G1 X125.547 Y90.178 Z4.260 E46.16388 ; infill
G1 X125.547 Y92.369 Z4.271 E46.24828 ; infill
G1 X125.547 Y95.013 Z4.333 E46.35017 ; infill
G1 X125.088 Y95.548 Z4.334 E46.37732 ; infill
G1 X125.088 Y93.006 Z4.276 E46.47527 ; infill
G1 X125.088 Y90.888 Z4.266 E46.55689 ; infill
G1 X125.088 Y88.587 Z4.288 E46.64553 ; infill
G1 X125.088 Y83.108 Z4.427 E46.85663 ; infill
G1 X125.088 Y80.168 Z4.535 E46.96991 ; infill
G1 X125.088 Y76.198 Z4.645 E47.12291 ; infill
G1 X125.088 Y69.576 Z4.778 E47.37804 ; infill
G1 X125.088 Y67.784 Z4.778 E47.44709 ; infill
G1 X125.088 Y64.244 Z4.740 E47.58351 ; infill
G1 X125.088 Y60.250 Z4.655 E47.73739 ; infill
G1 X125.088 Y55.508 Z4.512 E47.92009 ; infill
G1 X125.088 Y50.196 Z4.325 E48.12478 ; infill
G1 X125.088 Y47.396 Z4.240 E48.23268 ; infill
G1 X125.088 Y44.812 Z4.186 E48.33225 ; infill
G1 X125.088 Y42.376 Z4.167 E48.42610 ; infill
G1 X125.088 Y40.028 Z4.188 E48.51658 ; infill
G1 X125.088 Y37.744 Z4.253 E48.60457 ; infill
G1 X125.088 Y36.506 Z4.315 E48.65226 ; infill
G1 X124.629 Y36.112 Z4.315 E48.67556 ; infill
G1 X124.629 Y37.346 Z4.253 E48.72308 ; infill
G1 X124.629 Y39.582 Z4.188 E48.80926 ; infill
G1 X124.629 Y41.871 Z4.168 E48.89745 ; infill
G1 X124.629 Y44.255 Z4.187 E48.98932 ; infill
G1 X124.629 Y46.756 Z4.241 E49.08567 ; infill
G1 X124.629 Y49.447 Z4.327 E49.18935 ; infill
G1 X124.629 Y56.944 Z4.608 E49.47824 ; infill
G1 X124.629 Y60.400 Z4.716 E49.61138 ; infill
G1 X124.629 Y66.075 Z4.836 E49.83003 ; infill
G1 X124.629 Y69.576 Z4.847 E49.96496 ; infill
G1 X124.629 Y72.179 Z4.809 E50.06524 ; infill
G1 X124.629 Y74.831 Z4.743 E50.16744 ; infill
G1 X124.629 Y80.117 Z4.590 E50.37112 ; infill
G1 X124.629 Y86.948 Z4.349 E50.63431 ; infill
G1 X124.629 Y89.372 Z4.295 E50.72773 ; infill
G1 X124.629 Y91.574 Z4.272 E50.81254 ; infill
G1 X124.629 Y93.638 Z4.281 E50.89210 ; infill
G1 X124.629 Y96.083 Z4.335 E50.98628 ; infill
G1 X124.170 Y96.618 Z4.337 E51.01344 ; infill
G1 X124.170 Y94.266 Z4.286 E51.10404 ; infill
G1 X124.170 Y92.255 Z4.279 E51.18155 ; infill
G1 X124.170 Y90.115 Z4.302 E51.26398 ; infill
G1 X124.170 Y85.190 Z4.442 E51.45378 ; infill
G1 X124.170 Y81.339 Z4.601 E51.60214 ; infill
G1 X124.170 Y74.804 Z4.815 E51.85393 ; infill
G1 X124.170 Y69.576 Z4.923 E52.05538 ; infill
G1 X124.170 Y67.849 Z4.921 E52.12194 ; infill
G1 X124.170 Y64.426 Z4.879 E52.25383 ; infill
G1 X124.170 Y60.979 Z4.793 E52.38666 ; infill
G1 X124.170 Y57.143 Z4.669 E52.53443 ; infill
G1 X124.170 Y48.737 Z4.329 E52.85835 ; infill
G1 X124.170 Y46.148 Z4.243 E52.95810 ; infill
G1 X124.170 Y43.722 Z4.188 E53.05156 ; infill
G1 X124.170 Y41.404 Z4.168 E53.14090 ; infill
G1 X124.170 Y39.153 Z4.189 E53.22762 ; infill
G1 X124.170 Y36.951 Z4.253 E53.31245 ; infill
G1 X124.170 Y35.739 Z4.315 E53.35916 ; infill
G1 X123.712 Y35.394 Z4.315 E53.38129 ; infill
G1 X123.712 Y36.564 Z4.253 E53.42637 ; infill
G1 X123.712 Y38.727 Z4.189 E53.50972 ; infill
G1 X123.712 Y40.936 Z4.169 E53.59486 ; infill
G1 X123.712 Y43.213 Z4.189 E53.68260 ; infill
G1 X123.712 Y45.578 Z4.244 E53.77369 ; infill
G1 X123.712 Y48.072 Z4.332 E53.86978 ; infill
G1 X123.712 Y56.152 Z4.685 E54.18114 ; infill
G1 X123.712 Y60.701 Z4.849 E54.35643 ; infill
G1 X123.712 Y66.200 Z4.980 E54.56828 ; infill
G1 X123.712 Y69.576 Z5.001 E54.69839 ; infill
G1 X123.712 Y72.153 Z4.954 E54.79769 ; infill
G1 X123.712 Y76.097 Z4.846 E54.94964 ; infill
G1 X123.712 Y82.524 Z4.609 E55.19727 ; infill
G1 X123.712 Y86.146 Z4.450 E55.33685 ; infill
G1 X123.712 Y90.858 Z4.309 E55.51841 ; infill
G1 X123.712 Y92.927 Z4.285 E55.59813 ; infill
G1 X123.712 Y94.890 Z4.292 E55.67377 ; infill
G1 X123.712 Y97.153 Z4.337 E55.76094 ; infill
G1 X123.253 Y97.688 Z4.343 E55.78809 ; infill
G1 X123.253 Y95.511 Z4.297 E55.87197 ; infill
G1 X123.253 Y93.596 Z4.292 E55.94574 ; infill
G1 X123.253 Y91.575 Z4.316 E56.02361 ; infill
G1 X123.253 Y87.059 Z4.457 E56.19763 ; infill
G1 X123.253 Y83.669 Z4.616 E56.32824 ; infill
G1 X123.253 Y76.063 Z4.918 E56.62131 ; infill
G1 X123.253 Y72.141 Z5.027 E56.77245 ; infill
G1 X123.253 Y69.576 Z5.079 E56.87126 ; infill
G1 X123.253 Y68.800 Z5.078 E56.90116 ; infill
G1 X123.253 Y65.208 Z5.036 E57.03957 ; infill
G1 X123.253 Y60.853 Z4.918 E57.20739 ; infill
G1 X123.253 Y55.149 Z4.694 E57.42714 ; infill
G1 X123.253 Y47.453 Z4.334 E57.72370 ; infill
G1 X123.253 Y45.023 Z4.246 E57.81731 ; infill
G1 X123.253 Y42.721 Z4.190 E57.90603 ; infill
G1 X123.253 Y40.500 Z4.170 E57.99161 ; infill
G1 X123.253 Y38.331 Z4.190 E58.07517 ; infill
G1 X123.253 Y36.200 Z4.254 E58.15727 ; infill
G1 X123.253 Y35.048 Z4.315 E58.20167 ; infill
G1 X122.794 Y34.702 Z4.315 E58.22380 ; infill
G1 X122.794 Y35.837 Z4.254 E58.26752 ; infill
G1 X122.794 Y37.936 Z4.190 E58.34838 ; infill
G1 X122.794 Y40.069 Z4.170 E58.43060 ; infill
G1 X122.794 Y42.254 Z4.191 E58.51475 ; infill
G1 X122.794 Y44.506 Z4.247 E58.60155 ; infill
G1 X122.794 Y46.850 Z4.336 E58.69186 ; infill
G1 X122.794 Y56.585 Z4.812 E59.06695 ; infill
G1 X122.794 Y61.004 Z4.987 E59.23722 ; infill
G1 X122.794 Y65.910 Z5.124 E59.42625 ; infill
G1 X122.794 Y69.576 Z5.157 E59.56753 ; infill
G1 X122.794 Y73.422 Z5.068 E59.71571 ; infill
G1 X122.794 Y77.332 Z4.944 E59.86637 ; infill
G1 X122.794 Y84.775 Z4.621 E60.15313 ; infill
G1 X122.794 Y87.918 Z4.465 E60.27425 ; infill
G1 X122.794 Y90.198 Z4.379 E60.36211 ; infill
G1 X122.794 Y92.291 Z4.324 E60.44277 ; infill
G1 X122.794 Y94.261 Z4.299 E60.51865 ; infill
G1 X122.794 Y96.128 Z4.302 E60.59058 ; infill
G1 X122.794 Y98.223 Z4.348 E60.67130 ; infill
G1 X122.335 Y98.758 Z4.347 E60.69846 ; infill
G1 X122.335 Y96.744 Z4.308 E60.77604 ; infill
G1 X122.335 Y94.923 Z4.306 E60.84622 ; infill
G1 X122.335 Y92.999 Z4.332 E60.92036 ; infill
G1 X122.335 Y90.968 Z4.387 E60.99860 ; infill
G1 X122.335 Y88.776 Z4.472 E61.08305 ; infill
G1 X122.335 Y78.580 Z4.965 E61.47594 ; infill
G1 X122.335 Y73.403 Z5.144 E61.67541 ; infill
G1 X122.335 Y69.576 Z5.237 E61.82285 ; infill
G1 X122.335 Y66.386 Z5.208 E61.94577 ; infill
G1 X122.335 Y61.155 Z5.062 E62.14735 ; infill
G1 X122.335 Y56.802 Z4.881 E62.31505 ; infill
G1 X122.335 Y46.299 Z4.338 E62.71976 ; infill
G1 X122.335 Y43.999 Z4.249 E62.80839 ; infill
G1 X122.335 Y41.793 Z4.192 E62.89337 ; infill
G1 X122.335 Y39.654 Z4.171 E62.97579 ; infill
G1 X122.335 Y37.556 Z4.190 E63.05663 ; infill
G1 X122.335 Y35.486 Z4.254 E63.13637 ; infill
G1 X122.335 Y34.358 Z4.315 E63.17985 ; infill
G1 X121.876 Y34.053 Z4.314 E63.20107 ; infill
G1 X121.876 Y35.152 Z4.254 E63.24341 ; infill
G1 X121.876 Y37.191 Z4.191 E63.32200 ; infill
G1 X121.876 Y39.257 Z4.172 E63.40160 ; infill
G1 X121.876 Y41.363 Z4.193 E63.48272 ; infill
G1 X121.876 Y43.522 Z4.250 E63.56594 ; infill
G1 X121.876 Y48.115 Z4.457 E63.74290 ; infill
G1 X121.876 Y55.852 Z4.893 E64.04100 ; infill
G1 X121.876 Y60.186 Z5.091 E64.20801 ; infill
G1 X121.876 Y65.317 Z5.261 E64.40572 ; infill
G1 X121.876 Y69.576 Z5.317 E64.56982 ; infill
G1 X121.876 Y73.383 Z5.222 E64.71652 ; infill
G1 X121.876 Y78.532 Z5.037 E64.91489 ; infill
G1 X121.876 Y82.275 Z4.864 E65.05911 ; infill
G1 X121.876 Y89.600 Z4.480 E65.34137 ; infill
G1 X121.876 Y91.721 Z4.395 E65.42307 ; infill
G1 X121.876 Y93.705 Z4.339 E65.49953 ; infill
G1 X121.876 Y95.580 Z4.313 E65.57178 ; infill
G1 X121.876 Y97.238 Z4.312 E65.63566 ; infill
G1 X121.876 Y99.293 Z4.342 E65.71482 ; infill
G1 X121.418 Y99.827 Z4.339 E65.74198 ; infill
G1 X121.418 Y96.235 Z4.320 E65.88040 ; infill
G1 X121.418 Y94.406 Z4.347 E65.95086 ; infill
G1 X121.418 Y92.471 Z4.403 E66.02543 ; infill
G1 X121.418 Y90.414 Z4.487 E66.10469 ; infill
G1 X121.418 Y82.770 Z4.907 E66.39924 ; infill
G1 X121.418 Y79.746 Z5.055 E66.51572 ; infill
G1 X121.418 Y74.645 Z5.260 E66.71230 ; infill
G1 X121.418 Y69.576 Z5.398 E66.90759 ; infill
G1 X121.418 Y67.775 Z5.385 E66.97698 ; infill
G1 X121.418 Y64.969 Z5.328 E67.08512 ; infill
G1 X121.418 Y59.412 Z5.126 E67.29923 ; infill
G1 X121.418 Y54.886 Z4.897 E67.47363 ; infill
G1 X121.418 Y47.538 Z4.460 E67.75677 ; infill
G1 X121.418 Y45.250 Z4.342 E67.84491 ; infill
G1 X121.418 Y43.056 Z4.252 E67.92945 ; infill
G1 X121.418 Y40.932 Z4.194 E68.01128 ; infill
G1 X121.418 Y38.861 Z4.172 E68.09109 ; infill
G1 X121.418 Y36.827 Z4.191 E68.16947 ; infill
G1 X121.418 Y34.818 Z4.254 E68.24689 ; infill
G1 X121.418 Y33.748 Z4.314 E68.28808 ; infill
G1 X120.959 Y33.444 Z4.314 E68.30931 ; infill
G1 X120.959 Y34.499 Z4.254 E68.34997 ; infill
G1 X120.959 Y36.487 Z4.191 E68.42656 ; infill
G1 X120.959 Y38.494 Z4.173 E68.50389 ; infill
G1 X120.959 Y40.531 Z4.195 E68.58240 ; infill
G1 X120.959 Y42.613 Z4.253 E68.66260 ; infill
G1 X120.959 Y46.990 Z4.462 E68.83127 ; infill
G1 X120.959 Y54.789 Z4.947 E69.13175 ; infill
G1 X120.959 Y59.442 Z5.193 E69.31105 ; infill
G1 X120.959 Y65.058 Z5.405 E69.52746 ; infill
G1 X120.959 Y68.072 Z5.467 E69.64356 ; infill
G1 X120.959 Y69.576 Z5.479 E69.70154 ; infill
G1 X120.959 Y74.619 Z5.338 E69.89583 ; infill
G1 X120.959 Y78.437 Z5.187 E70.04296 ; infill
G1 X120.959 Y83.338 Z4.945 E70.23178 ; infill
G1 X120.959 Y91.210 Z4.495 E70.53510 ; infill
G1 X120.959 Y93.216 Z4.411 E70.61240 ; infill
G1 X120.959 Y96.887 Z4.327 E70.75385 ; infill
G1 X120.959 Y100.362 Z4.339 E70.88777 ; infill
G1 X120.500 Y100.897 Z4.338 E70.91492 ; infill
G1 X120.500 Y99.680 Z4.322 E70.96183 ; infill
G1 X120.500 Y97.523 Z4.333 E71.04493 ; infill
G1 X120.500 Y93.959 Z4.420 E71.18226 ; infill
G1 X120.500 Y92.000 Z4.503 E71.25773 ; infill
G1 X120.500 Y84.009 Z4.976 E71.56563 ; infill
G1 X120.500 Y79.639 Z5.206 E71.73401 ; infill
G1 X120.500 Y74.594 Z5.416 E71.92844 ; infill
G1 X120.500 Y69.576 Z5.559 E72.12176 ; infill
G1 X120.500 Y67.156 Z5.530 E72.21502 ; infill
G1 X120.500 Y65.147 Z5.482 E72.29243 ; infill
G1 X120.500 Y59.778 Z5.276 E72.49929 ; infill
G1 X120.500 Y55.392 Z5.040 E72.66830 ; infill
G1 X120.500 Y46.471 Z4.464 E73.01205 ; infill
G1 X120.500 Y42.183 Z4.254 E73.17727 ; infill
G1 X120.500 Y40.135 Z4.196 E73.25619 ; infill
G1 X120.500 Y38.128 Z4.174 E73.33349 ; infill
G1 X120.500 Y36.151 Z4.192 E73.40968 ; infill
G1 X120.500 Y34.192 Z4.255 E73.48517 ; infill
G1 X120.500 Y33.139 Z4.314 E73.52574 ; infill
G1 X120.041 Y32.848 Z4.314 E73.54667 ; infill
G1 X120.041 Y33.884 Z4.255 E73.58660 ; infill
G1 X120.041 Y35.818 Z4.192 E73.66110 ; infill
G1 X120.041 Y37.773 Z4.174 E73.73645 ; infill
G1 X120.041 Y39.752 Z4.197 E73.81269 ; infill
G1 X120.041 Y41.766 Z4.256 E73.89029 ; infill
G1 X120.041 Y45.968 Z4.467 E74.05222 ; infill
G1 X120.041 Y55.645 Z5.116 E74.42507 ; infill
G1 X120.041 Y59.279 Z5.319 E74.56511 ; infill
G1 X120.041 Y61.904 Z5.439 E74.66623 ; infill
G1 X120.041 Y65.234 Z5.559 E74.79456 ; infill
G1 X120.041 Y67.700 Z5.617 E74.88956 ; infill
G1 X120.041 Y69.576 Z5.638 E74.96185 ; infill
G1 X120.041 Y74.568 Z5.494 E75.15421 ; infill
G1 X120.041 Y79.586 Z5.284 E75.34755 ; infill
G1 X120.041 Y84.358 Z5.025 E75.53141 ; infill
G1 X120.041 Y88.491 Z4.760 E75.69067 ; infill
G1 X120.041 Y92.786 Z4.511 E75.85616 ; infill
G1 X120.041 Y94.700 Z4.428 E75.92992 ; infill
G1 X120.041 Y98.159 Z4.340 E76.06319 ; infill
G1 X120.041 Y100.262 Z4.323 E76.14423 ; infill
G1 X120.041 Y101.432 Z4.337 E76.18931 ; infill
G1 X119.582 Y101.967 Z4.337 E76.21646 ; infill
G1 X119.582 Y99.684 Z4.328 E76.30443 ; infill
G1 X119.582 Y95.438 Z4.437 E76.46805 ; infill
G1 X119.582 Y93.571 Z4.520 E76.53998 ; infill
G1 X119.582 Y89.390 Z4.766 E76.70108 ; infill
G1 X119.582 Y85.197 Z5.045 E76.86266 ; infill
G1 X119.582 Y79.534 Z5.361 E77.08085 ; infill
G1 X119.582 Y74.543 Z5.572 E77.27314 ; infill
G1 X119.582 Y69.576 Z5.716 E77.46453 ; infill
G1 X119.582 Y65.322 Z5.636 E77.62846 ; infill
G1 X119.582 Y59.855 Z5.415 E77.83911 ; infill
G1 X119.582 Y54.716 Z5.115 E78.03711 ; infill
G1 X119.582 Y45.495 Z4.469 E78.39242 ; infill
G1 X119.582 Y43.400 Z4.349 E78.47312 ; infill
G1 X119.582 Y41.370 Z4.257 E78.55137 ; infill
G1 X119.582 Y39.386 Z4.198 E78.62779 ; infill
G1 X119.582 Y37.437 Z4.175 E78.70291 ; infill
G1 X119.582 Y35.509 Z4.193 E78.77717 ; infill
G1 X119.582 Y33.594 Z4.255 E78.85097 ; infill
G1 X119.582 Y32.582 Z4.313 E78.88995 ; infill
G1 X119.124 Y32.317 Z4.313 E78.91038 ; infill
G1 X119.124 Y33.313 Z4.255 E78.94874 ; infill
G1 X119.124 Y35.201 Z4.193 E79.02150 ; infill
G1 X119.124 Y37.100 Z4.175 E79.09468 ; infill
G1 X119.124 Y39.020 Z4.199 E79.16866 ; infill
G1 X119.124 Y40.975 Z4.258 E79.24399 ; infill
G1 X119.124 Y42.972 Z4.350 E79.32092 ; infill
G1 X119.124 Y45.032 Z4.471 E79.40031 ; infill
G1 X119.124 Y54.988 Z5.192 E79.78394 ; infill
G1 X119.124 Y59.143 Z5.445 E79.94401 ; infill
G1 X119.124 Y62.198 Z5.592 E80.06173 ; infill
G1 X119.124 Y65.392 Z5.712 E80.18481 ; infill
G1 X119.124 Y69.576 Z5.793 E80.34603 ; infill
G1 X119.124 Y75.767 Z5.602 E80.58457 ; infill
G1 X119.124 Y80.696 Z5.378 E80.77450 ; infill
G1 X119.124 Y86.228 Z5.050 E80.98766 ; infill
G1 X119.124 Y90.282 Z4.772 E81.14386 ; infill
G1 X119.124 Y94.354 Z4.528 E81.30074 ; infill
G1 X119.124 Y96.173 Z4.445 E81.37082 ; infill
G1 X119.124 Y100.287 Z4.328 E81.52935 ; infill
G1 X119.124 Y102.510 Z4.336 E81.61500 ; infill
G1 X118.665 Y103.064 Z4.336 E81.64273 ; infill
G1 X118.665 Y100.888 Z4.328 E81.72657 ; infill
G1 X118.665 Y99.758 Z4.351 E81.77010 ; infill
G1 X118.665 Y96.823 Z4.458 E81.88323 ; infill
G1 X118.665 Y95.135 Z4.537 E81.94826 ; infill
G1 X118.665 Y91.156 Z4.779 E82.10159 ; infill
G1 X118.665 Y85.266 Z5.184 E82.32852 ; infill
G1 X118.665 Y80.640 Z5.456 E82.50677 ; infill
G1 X118.665 Y75.737 Z5.677 E82.69569 ; infill
G1 X118.665 Y69.576 Z5.869 E82.93307 ; infill
G1 X118.665 Y66.865 Z5.824 E83.03753 ; infill
G1 X118.665 Y64.195 Z5.743 E83.14040 ; infill
G1 X118.665 Y59.537 Z5.532 E83.31990 ; infill
G1 X118.665 Y56.938 Z5.380 E83.42003 ; infill
G1 X118.665 Y54.057 Z5.184 E83.53103 ; infill
G1 X118.665 Y44.595 Z4.473 E83.89562 ; infill
G1 X118.665 Y42.575 Z4.352 E83.97345 ; infill
G1 X118.665 Y40.609 Z4.259 E84.04921 ; infill
G1 X118.665 Y38.682 Z4.199 E84.12345 ; infill
G1 X118.665 Y36.783 Z4.176 E84.19665 ; infill
G1 X118.665 Y34.899 Z4.193 E84.26921 ; infill
G1 X118.665 Y33.031 Z4.255 E84.34120 ; infill
G1 X118.665 Y32.051 Z4.313 E84.37895 ; infill
G1 X118.206 Y31.786 Z4.313 E84.39937 ; infill
G1 X118.206 Y32.766 Z4.255 E84.43713 ; infill
G1 X118.206 Y34.617 Z4.194 E84.50845 ; infill
G1 X118.206 Y36.473 Z4.177 E84.57998 ; infill
G1 X118.206 Y38.345 Z4.200 E84.65210 ; infill
G1 X118.206 Y40.243 Z4.261 E84.72524 ; infill
G1 X118.206 Y42.179 Z4.354 E84.79985 ; infill
G1 X118.206 Y44.168 Z4.475 E84.87647 ; infill
G1 X118.206 Y46.225 Z4.622 E84.95574 ; infill
G1 X118.206 Y54.349 Z5.261 E85.26876 ; infill
G1 X118.206 Y58.749 Z5.554 E85.43830 ; infill
G1 X118.206 Y62.375 Z5.739 E85.57803 ; infill
G1 X118.206 Y64.206 Z5.813 E85.64856 ; infill
G1 X118.206 Y66.923 Z5.898 E85.75324 ; infill
G1 X118.206 Y69.576 Z5.944 E85.85549 ; infill
G1 X118.206 Y74.472 Z5.799 E86.04413 ; infill
G1 X118.206 Y80.583 Z5.534 E86.27960 ; infill
G1 X118.206 Y85.194 Z5.263 E86.45726 ; infill
G1 X118.206 Y92.028 Z4.785 E86.72058 ; infill
G1 X118.206 Y95.911 Z4.546 E86.87020 ; infill
G1 X118.206 Y97.219 Z4.483 E86.92059 ; infill
G1 X118.206 Y100.381 Z4.351 E87.04244 ; infill
G1 X118.206 Y101.488 Z4.329 E87.08507 ; infill
G1 X118.206 Y103.639 Z4.336 E87.16797 ; infill
G1 X117.747 Y104.233 Z4.337 E87.19690 ; infill
G1 X117.747 Y102.087 Z4.329 E87.27960 ; infill
G1 X117.747 Y99.900 Z4.391 E87.36386 ; infill
G1 X117.747 Y96.687 Z4.554 E87.48764 ; infill
G1 X117.747 Y92.899 Z4.792 E87.63363 ; infill
G1 X117.747 Y86.210 Z5.271 E87.89135 ; infill
G1 X117.747 Y81.703 Z5.548 E88.06502 ; infill
G1 X117.747 Y75.677 Z5.826 E88.29721 ; infill
G1 X117.747 Y69.576 Z6.015 E88.53228 ; infill
G1 X117.747 Y66.980 Z5.972 E88.63230 ; infill
G1 X117.747 Y64.317 Z5.886 E88.73493 ; infill
G1 X117.747 Y60.859 Z5.734 E88.86815 ; infill
G1 X117.747 Y58.961 Z5.630 E88.94128 ; infill
G1 X117.747 Y54.639 Z5.341 E89.10781 ; infill
G1 X117.747 Y45.777 Z4.624 E89.44929 ; infill
G1 X117.747 Y43.761 Z4.477 E89.52696 ; infill
G1 X117.747 Y41.806 Z4.355 E89.60231 ; infill
G1 X117.747 Y39.896 Z4.262 E89.67590 ; infill
G1 X117.747 Y38.019 Z4.201 E89.74823 ; infill
G1 X117.747 Y36.164 Z4.177 E89.81971 ; infill
G1 X117.747 Y34.334 Z4.194 E89.89021 ; infill
G1 X117.747 Y32.509 Z4.256 E89.96053 ; infill
G1 X117.747 Y31.549 Z4.313 E89.99753 ; infill
G1 X117.288 Y31.318 Z4.313 E90.01732 ; infill
G1 X117.288 Y32.252 Z4.256 E90.05333 ; infill
G1 X117.288 Y34.061 Z4.194 E90.12303 ; infill
G1 X117.288 Y35.880 Z4.178 E90.19310 ; infill
G1 X117.288 Y37.709 Z4.202 E90.26358 ; infill
G1 X117.288 Y39.558 Z4.263 E90.33485 ; infill
G1 X117.288 Y41.440 Z4.357 E90.40736 ; infill
G1 X117.288 Y43.367 Z4.479 E90.48158 ; infill
G1 X117.288 Y45.352 Z4.627 E90.55810 ; infill
G1 X117.288 Y54.110 Z5.358 E90.89557 ; infill
G1 X117.288 Y58.868 Z5.689 E91.07890 ; infill
G1 X117.288 Y61.035 Z5.809 E91.16238 ; infill
G1 X117.288 Y64.428 Z5.960 E91.29311 ; infill
G1 X117.288 Y67.035 Z6.041 E91.39359 ; infill
G1 X117.288 Y69.576 Z6.086 E91.49148 ; infill
G1 X117.288 Y75.649 Z5.898 E91.72547 ; infill
G1 X117.288 Y78.304 Z5.790 E91.82778 ; infill
G1 X117.288 Y81.650 Z5.624 E91.95670 ; infill
G1 X117.288 Y86.282 Z5.341 E92.13517 ; infill
G1 X117.288 Y93.769 Z4.799 E92.42368 ; infill
G1 X117.288 Y97.495 Z4.559 E92.56722 ; infill
G1 X117.288 Y100.543 Z4.391 E92.68467 ; infill
G1 X117.288 Y102.686 Z4.329 E92.76724 ; infill
G1 X117.288 Y104.911 Z4.338 E92.85298 ; infill
G1 X116.830 Y105.626 Z4.339 E92.88570 ; infill
G1 X116.830 Y103.291 Z4.330 E92.97565 ; infill
G1 X116.830 Y101.181 Z4.392 E93.05696 ; infill
G1 X116.830 Y100.105 Z4.447 E93.09839 ; infill
G1 X116.830 Y94.640 Z4.806 E93.30899 ; infill
G1 X116.830 Y87.910 Z5.303 E93.56831 ; infill
G1 X116.830 Y82.744 Z5.635 E93.76736 ; infill
G1 X116.830 Y79.956 Z5.784 E93.87480 ; infill
G1 X116.830 Y76.833 Z5.921 E93.99510 ; infill
G1 X116.830 Y73.191 Z6.055 E94.13544 ; infill
G1 X116.830 Y69.576 Z6.156 E94.27473 ; infill
G1 X116.830 Y67.091 Z6.110 E94.37050 ; infill
G1 X116.830 Y64.537 Z6.031 E94.46891 ; infill
G1 X116.830 Y61.210 Z5.882 E94.59711 ; infill
G1 X116.830 Y58.416 Z5.725 E94.70476 ; infill
G1 X116.830 Y54.036 Z5.409 E94.87351 ; infill
G1 X116.830 Y44.937 Z4.629 E95.22411 ; infill
G1 X116.830 Y41.086 Z4.358 E95.37249 ; infill
G1 X116.830 Y39.226 Z4.264 E95.44417 ; infill
G1 X116.830 Y37.398 Z4.203 E95.51459 ; infill
G1 X116.830 Y35.596 Z4.178 E95.58404 ; infill
G1 X116.830 Y33.803 Z4.195 E95.65313 ; infill
G1 X116.830 Y32.009 Z4.256 E95.72224 ; infill
G1 X116.830 Y31.086 Z4.313 E95.75780 ; infill
G1 X116.371 Y30.855 Z4.313 E95.77760 ; infill
G1 X116.371 Y31.776 Z4.256 E95.81309 ; infill
G1 X116.371 Y33.545 Z4.195 E95.88124 ; infill
G1 X116.371 Y35.317 Z4.179 E95.94953 ; infill
G1 X116.371 Y37.108 Z4.204 E96.01855 ; infill
G1 X116.371 Y38.915 Z4.265 E96.08817 ; infill
G1 X116.371 Y40.749 Z4.360 E96.15881 ; infill
G1 X116.371 Y44.544 Z4.632 E96.30505 ; infill
G1 X116.371 Y53.964 Z5.458 E96.66803 ; infill
G1 X116.371 Y58.644 Z5.801 E96.84836 ; infill
G1 X116.371 Y61.384 Z5.956 E96.95394 ; infill
G1 X116.371 Y64.644 Z6.099 E97.07953 ; infill
G1 X116.371 Y67.146 Z6.179 E97.17594 ; infill
G1 X116.371 Y69.576 Z6.223 E97.26959 ; infill
G1 X116.371 Y75.592 Z6.040 E97.50140 ; infill
G1 X116.371 Y79.193 Z5.889 E97.64012 ; infill
G1 X116.371 Y82.683 Z5.711 E97.77459 ; infill
G1 X116.371 Y88.085 Z5.366 E97.98275 ; infill
G1 X116.371 Y95.506 Z4.813 E98.26869 ; infill
G1 X116.371 Y100.768 Z4.447 E98.47144 ; infill
G1 X116.371 Y102.854 Z4.353 E98.55183 ; infill
G1 X116.371 Y105.041 Z4.326 E98.63611 ; infill
G1 X116.371 Y106.595 Z4.343 E98.69596 ; infill
G1 X116.091 Y107.397 Z4.344 E98.72870 ; infill
G1 X115.912 Y108.193 Z4.346 E98.76014 ; infill
G1 X115.912 Y104.547 Z4.332 E98.90063 ; infill
G1 X115.912 Y102.453 Z4.393 E98.98130 ; infill
G1 X115.912 Y99.372 Z4.593 E99.10002 ; infill
G1 X115.912 Y98.509 Z4.683 E99.13329 ; infill
G1 X115.912 Y96.370 Z4.820 E99.21568 ; infill
G1 X115.912 Y88.016 Z5.447 E99.53758 ; infill
G1 X115.912 Y82.878 Z5.773 E99.73555 ; infill
G1 X115.912 Y76.766 Z6.061 E99.97105 ; infill
G1 X115.912 Y69.576 Z6.289 E100.24810 ; infill
G1 X115.912 Y67.024 Z6.242 E100.34643 ; infill
G1 X115.912 Y63.948 Z6.136 E100.46497 ; infill
G1 X115.912 Y61.470 Z6.025 E100.56045 ; infill
G1 X115.912 Y58.037 Z5.823 E100.69271 ; infill
G1 X115.912 Y53.449 Z5.471 E100.86948 ; infill
G1 X115.912 Y44.157 Z4.634 E101.22754 ; infill
G1 X115.912 Y40.412 Z4.362 E101.37185 ; infill
G1 X115.912 Y38.605 Z4.267 E101.44149 ; infill
G1 X115.912 Y36.824 Z4.205 E101.51010 ; infill
G1 X115.912 Y35.058 Z4.179 E101.57814 ; infill
G1 X115.912 Y33.297 Z4.195 E101.64599 ; infill
G1 X115.912 Y31.543 Z4.256 E101.71359 ; infill
G1 X115.912 Y30.628 Z4.313 E101.74882 ; infill
G1 X115.453 Y30.430 Z4.312 E101.76808 ; infill
G1 X115.453 Y31.320 Z4.256 E101.80240 ; infill
G1 X115.453 Y33.063 Z4.196 E101.86954 ; infill
G1 X115.453 Y34.799 Z4.180 E101.93645 ; infill
G1 X115.453 Y36.541 Z4.205 E102.00358 ; infill
G1 X115.453 Y38.310 Z4.268 E102.07174 ; infill
G1 X115.453 Y40.101 Z4.363 E102.14073 ; infill
G1 X115.453 Y43.793 Z4.636 E102.28299 ; infill
G1 X115.453 Y53.782 Z5.554 E102.66789 ; infill
G1 X115.453 Y58.140 Z5.889 E102.83580 ; infill
G1 X115.453 Y60.972 Z6.060 E102.94494 ; infill
G1 X115.453 Y64.625 Z6.227 E103.08570 ; infill
G1 X115.453 Y67.253 Z6.309 E103.18696 ; infill
G1 X115.453 Y69.576 Z6.353 E103.27647 ; infill
G1 X115.453 Y73.146 Z6.252 E103.41403 ; infill
G1 X115.453 Y77.924 Z6.079 E103.59810 ; infill
G1 X115.453 Y80.272 Z5.975 E103.68858 ; infill
G1 X115.453 Y84.205 Z5.767 E103.84014 ; infill
G1 X115.453 Y90.132 Z5.370 E104.06849 ; infill
G1 X115.453 Y96.960 Z4.848 E104.33161 ; infill
G1 X115.453 Y98.509 Z4.750 E104.39127 ; infill
G1 X115.453 Y99.984 Z4.600 E104.44812 ; infill
G1 X115.453 Y102.078 Z4.448 E104.52881 ; infill
G1 X115.453 Y104.126 Z4.355 E104.60772 ; infill
G1 X115.453 Y106.655 Z4.328 E104.70518 ; infill
G1 X115.453 Y114.520 Z4.338 E105.00823 ; infill
G1 X115.453 Y116.604 Z4.358 E105.08850 ; infill
G1 X115.453 Y120.307 Z4.460 E105.23121 ; infill
G1 X115.453 Y125.167 Z4.672 E105.41844 ; infill
G1 X115.453 Y127.903 Z4.768 E105.52388 ; infill
G1 X115.453 Y131.814 Z4.857 E105.67458 ; infill
G1 X115.453 Y134.863 Z4.866 E105.79205 ; infill
G1 X114.994 Y134.519 Z4.913 E105.81415 ; infill
G1 X114.994 Y131.766 Z4.907 E105.92023 ; infill
G1 X114.994 Y127.915 Z4.822 E106.06861 ; infill
G1 X114.994 Y124.524 Z4.694 E106.19929 ; infill
G1 X114.994 Y119.230 Z4.457 E106.40326 ; infill
G1 X114.994 Y115.459 Z4.355 E106.54856 ; infill
G1 X114.994 Y108.144 Z4.329 E106.83039 ; infill
G1 X114.994 Y106.020 Z4.334 E106.91225 ; infill
G1 X114.994 Y104.802 Z4.356 E106.95917 ; infill
G1 X114.994 Y102.733 Z4.449 E107.03890 ; infill
G1 X114.994 Y100.688 Z4.599 E107.11771 ; infill
G1 X114.994 Y98.509 Z4.817 E107.20168 ; infill
G1 X114.994 Y89.404 Z5.500 E107.55249 ; infill
G1 X114.994 Y84.880 Z5.797 E107.72679 ; infill
G1 X114.994 Y80.910 Z6.012 E107.87980 ; infill
G1 X114.994 Y77.887 Z6.144 E107.99626 ; infill
G1 X114.994 Y73.652 Z6.300 E108.15946 ; infill
G1 X114.994 Y69.576 Z6.414 E108.31648 ; infill
G1 X114.994 Y67.306 Z6.371 E108.40396 ; infill
G1 X114.994 Y64.193 Z6.272 E108.52392 ; infill
G1 X114.994 Y61.071 Z6.125 E108.64419 ; infill
G1 X114.994 Y58.383 Z5.964 E108.74777 ; infill
G1 X114.994 Y56.102 Z5.800 E108.83566 ; infill
G1 X114.994 Y52.879 Z5.528 E108.95985 ; infill
G1 X114.994 Y43.430 Z4.639 E109.32393 ; infill
G1 X114.994 Y39.790 Z4.364 E109.46421 ; infill
G1 X114.994 Y38.025 Z4.269 E109.53220 ; infill
G1 X114.994 Y36.282 Z4.206 E109.59939 ; infill
G1 X114.994 Y34.548 Z4.181 E109.66617 ; infill
G1 X114.994 Y32.828 Z4.196 E109.73244 ; infill
G1 X114.994 Y31.109 Z4.257 E109.79868 ; infill
G1 X114.994 Y30.231 Z4.312 E109.83253 ; infill
G1 X114.536 Y30.032 Z4.312 E109.85180 ; infill
G1 X114.536 Y30.898 Z4.257 E109.88519 ; infill
G1 X114.536 Y32.603 Z4.196 E109.95088 ; infill
G1 X114.536 Y34.313 Z4.181 E110.01675 ; infill
G1 X114.536 Y36.022 Z4.207 E110.08259 ; infill
G1 X114.536 Y37.741 Z4.270 E110.14885 ; infill
G1 X114.536 Y39.493 Z4.366 E110.21636 ; infill
G1 X114.536 Y43.093 Z4.641 E110.35507 ; infill
G1 X114.536 Y53.233 Z5.613 E110.74577 ; infill
G1 X114.536 Y55.579 Z5.815 E110.83619 ; infill
G1 X114.536 Y58.549 Z6.035 E110.95062 ; infill
G1 X114.536 Y61.257 Z6.195 E111.05497 ; infill
G1 X114.536 Y63.608 Z6.308 E111.14556 ; infill
G1 X114.536 Y66.975 Z6.423 E111.27529 ; infill
G1 X114.536 Y69.576 Z6.475 E111.37551 ; infill
G1 X114.536 Y74.304 Z6.338 E111.55768 ; infill
G1 X114.536 Y77.851 Z6.209 E111.69433 ; infill
G1 X114.536 Y82.425 Z6.002 E111.87057 ; infill
G1 X114.536 Y85.096 Z5.853 E111.97352 ; infill
G1 X114.536 Y89.773 Z5.549 E112.15371 ; infill
G1 X114.536 Y93.896 Z5.242 E112.31257 ; infill
G1 X114.536 Y98.509 Z4.884 E112.49031 ; infill
G1 X114.536 Y101.383 Z4.600 E112.60106 ; infill
G1 X114.536 Y103.396 Z4.450 E112.67864 ; infill
G1 X114.536 Y105.545 Z4.358 E112.76144 ; infill
G1 X114.536 Y107.068 Z4.336 E112.82014 ; infill
G1 X114.536 Y111.487 Z4.339 E112.99040 ; infill
G1 X114.536 Y114.056 Z4.351 E113.08937 ; infill
G1 X114.536 Y115.817 Z4.383 E113.15723 ; infill
G1 X114.536 Y118.131 Z4.453 E113.24638 ; infill
G1 X114.536 Y125.207 Z4.775 E113.51903 ; infill
G1 X114.536 Y127.927 Z4.876 E113.62383 ; infill
G1 X114.536 Y131.718 Z4.960 E113.76993 ; infill
G1 X114.536 Y134.237 Z4.965 E113.86696 ; infill
G1 X114.077 Y133.965 Z5.019 E113.88751 ; infill
G1 X114.077 Y131.671 Z5.013 E113.97591 ; infill
G1 X114.077 Y126.899 Z4.898 E114.15977 ; infill
G1 X114.077 Y124.562 Z4.804 E114.24981 ; infill
G1 X114.077 Y118.912 Z4.527 E114.46752 ; infill
G1 X114.077 Y115.037 Z4.388 E114.61684 ; infill
G1 X114.077 Y110.798 Z4.343 E114.78015 ; infill
G1 X114.077 Y106.430 Z4.360 E114.94847 ; infill
G1 X114.077 Y104.077 Z4.452 E115.03915 ; infill
G1 X114.077 Y102.077 Z4.601 E115.11619 ; infill
G1 X114.077 Y98.509 Z4.951 E115.25369 ; infill
G1 X114.077 Y94.272 Z5.292 E115.41693 ; infill
G1 X114.077 Y88.993 Z5.677 E115.62033 ; infill
G1 X114.077 Y85.312 Z5.909 E115.76217 ; infill
G1 X114.077 Y82.399 Z6.066 E115.87442 ; infill
G1 X114.077 Y78.039 Z6.264 E116.04241 ; infill
G1 X114.077 Y69.576 Z6.534 E116.36850 ; infill
G1 X114.077 Y67.364 Z6.495 E116.45372 ; infill
G1 X114.077 Y63.742 Z6.370 E116.59332 ; infill
G1 X114.077 Y61.291 Z6.256 E116.68775 ; infill
G1 X114.077 Y57.925 Z6.049 E116.81743 ; infill
G1 X114.077 Y54.897 Z5.813 E116.93412 ; infill
G1 X114.077 Y52.324 Z5.581 E117.03324 ; infill
G1 X114.077 Y42.756 Z4.643 E117.40192 ; infill
G1 X114.077 Y39.208 Z4.367 E117.53866 ; infill
G1 X114.077 Y37.481 Z4.271 E117.60521 ; infill
G1 X114.077 Y35.770 Z4.208 E117.67113 ; infill
G1 X114.077 Y34.078 Z4.182 E117.73632 ; infill
G1 X114.077 Y32.392 Z4.197 E117.80129 ; infill
G1 X114.077 Y30.694 Z4.257 E117.86670 ; infill
G1 X114.077 Y29.833 Z4.312 E117.89987 ; infill
G1 X113.618 Y29.645 Z4.312 E117.91898 ; infill
G1 X113.618 Y30.505 Z4.257 E117.95212 ; infill
G1 X113.618 Y32.180 Z4.197 E118.01667 ; infill
G1 X113.618 Y33.852 Z4.182 E118.08111 ; infill
G1 X113.618 Y35.533 Z4.209 E118.14589 ; infill
G1 X113.618 Y37.220 Z4.272 E118.21086 ; infill
G1 X113.618 Y38.924 Z4.369 E118.27652 ; infill
G1 X113.618 Y42.441 Z4.646 E118.41205 ; infill
G1 X113.618 Y52.702 Z5.668 E118.80743 ; infill
G1 X113.618 Y57.431 Z6.069 E118.98964 ; infill
G1 X113.618 Y60.822 Z6.288 E119.12032 ; infill
G1 X113.618 Y63.875 Z6.433 E119.23793 ; infill
G1 X113.618 Y66.381 Z6.525 E119.33451 ; infill
G1 X113.618 Y69.576 Z6.589 E119.45762 ; infill
G1 X113.618 Y74.267 Z6.454 E119.63837 ; infill
G1 X113.618 Y78.940 Z6.286 E119.81842 ; infill
G1 X113.618 Y85.611 Z5.960 E120.07547 ; infill
G1 X113.618 Y90.508 Z5.647 E120.26413 ; infill
G1 X113.618 Y95.752 Z5.256 E120.46621 ; infill
G1 X113.618 Y98.509 Z5.029 E120.57243 ; infill
G1 X113.618 Y102.772 Z4.602 E120.73670 ; infill
G1 X113.618 Y104.792 Z4.454 E120.81453 ; infill
G1 X113.618 Y106.729 Z4.381 E120.88919 ; infill
G1 X113.618 Y110.500 Z4.361 E121.03449 ; infill
G1 X113.618 Y113.221 Z4.381 E121.13934 ; infill
G1 X113.618 Y115.048 Z4.421 E121.20970 ; infill
G1 X113.618 Y117.755 Z4.522 E121.31404 ; infill
G1 X113.618 Y123.347 Z4.806 E121.52949 ; infill
G1 X113.618 Y126.915 Z4.954 E121.66697 ; infill
G1 X113.618 Y131.623 Z5.066 E121.84838 ; infill
G1 X113.618 Y133.734 Z5.072 E121.92973 ; infill
G1 X113.159 Y133.516 Z5.123 E121.94931 ; infill
G1 X113.159 Y131.576 Z5.119 E122.02408 ; infill
G1 X113.159 Y126.931 Z5.012 E122.20305 ; infill
G1 X113.159 Y123.362 Z4.867 E122.34056 ; infill
G1 X113.159 Y116.577 Z4.517 E122.60199 ; infill
G1 X113.159 Y114.392 Z4.437 E122.68619 ; infill
G1 X113.159 Y110.520 Z4.385 E122.83538 ; infill
G1 X113.159 Y107.015 Z4.405 E122.97044 ; infill
G1 X113.159 Y105.580 Z4.457 E123.02570 ; infill
G1 X113.159 Y103.476 Z4.603 E123.10678 ; infill
G1 X113.159 Y98.509 Z5.111 E123.29820 ; infill
G1 X113.159 Y96.202 Z5.301 E123.38708 ; infill
G1 X113.159 Y90.875 Z5.696 E123.59234 ; infill
G1 X113.159 Y86.495 Z5.975 E123.76111 ; infill
G1 X113.159 Y82.295 Z6.197 E123.92294 ; infill
G1 X113.159 Y78.903 Z6.344 E124.05365 ; infill
G1 X113.159 Y74.249 Z6.513 E124.23296 ; infill
G1 X113.159 Y69.576 Z6.644 E124.41300 ; infill
G1 X113.159 Y66.748 Z6.587 E124.52197 ; infill
G1 X113.159 Y64.008 Z6.495 E124.62756 ; infill
G1 X113.159 Y60.331 Z6.316 E124.76924 ; infill
G1 X113.159 Y57.491 Z6.127 E124.87868 ; infill
G1 X113.159 Y55.421 Z5.963 E124.95842 ; infill
G1 X113.159 Y52.365 Z5.686 E125.07619 ; infill
G1 X113.159 Y42.130 Z4.648 E125.47056 ; infill
G1 X113.159 Y38.662 Z4.370 E125.60419 ; infill
G1 X113.159 Y36.968 Z4.273 E125.66945 ; infill
G1 X113.159 Y35.297 Z4.209 E125.73384 ; infill
G1 X113.159 Y33.639 Z4.183 E125.79772 ; infill
G1 X113.159 Y31.976 Z4.197 E125.86183 ; infill
G1 X113.159 Y30.315 Z4.257 E125.92581 ; infill
G1 X113.159 Y29.478 Z4.311 E125.95807 ; infill
G1 X112.700 Y29.311 Z4.311 E125.97688 ; infill
G1 X112.700 Y30.127 Z4.257 E126.00830 ; infill
G1 X112.700 Y31.785 Z4.198 E126.07221 ; infill
G1 X112.700 Y33.427 Z4.183 E126.13545 ; infill
G1 X112.700 Y35.073 Z4.210 E126.19888 ; infill
G1 X112.700 Y36.731 Z4.274 E126.26277 ; infill
G1 X112.700 Y38.400 Z4.372 E126.32710 ; infill
G1 X112.700 Y41.833 Z4.650 E126.45934 ; infill
G1 X112.700 Y52.189 Z5.719 E126.85843 ; infill
G1 X112.700 Y54.637 Z5.947 E126.95272 ; infill
G1 X112.700 Y57.022 Z6.145 E127.04465 ; infill
G1 X112.700 Y59.581 Z6.325 E127.14324 ; infill
G1 X112.700 Y63.873 Z6.545 E127.30861 ; infill
G1 X112.700 Y66.530 Z6.634 E127.41098 ; infill
G1 X112.700 Y69.576 Z6.699 E127.52836 ; infill
G1 X112.700 Y75.396 Z6.530 E127.75261 ; infill
G1 X112.700 Y78.865 Z6.402 E127.88628 ; infill
G1 X112.700 Y83.079 Z6.221 E128.04863 ; infill
G1 X112.700 Y87.775 Z5.966 E128.22958 ; infill
G1 X112.700 Y92.352 Z5.667 E128.40595 ; infill
G1 X112.700 Y96.678 Z5.345 E128.57264 ; infill
G1 X112.700 Y98.509 Z5.192 E128.64317 ; infill
G1 X112.700 Y102.185 Z4.799 E128.78484 ; infill
G1 X112.700 Y104.203 Z4.606 E128.86260 ; infill
G1 X112.700 Y106.066 Z4.484 E128.93439 ; infill
G1 X112.700 Y107.452 Z4.434 E128.98777 ; infill
G1 X112.700 Y110.537 Z4.416 E129.10667 ; infill
G1 X112.700 Y114.340 Z4.479 E129.25319 ; infill
G1 X112.700 Y116.127 Z4.551 E129.32204 ; infill
G1 X112.700 Y122.161 Z4.870 E129.55454 ; infill
G1 X112.700 Y125.990 Z5.039 E129.70206 ; infill
G1 X112.700 Y127.973 Z5.102 E129.77849 ; infill
G1 X112.700 Y130.854 Z5.161 E129.88947 ; infill
G1 X112.700 Y133.335 Z5.174 E129.98507 ; infill
G1 X112.242 Y133.169 Z5.226 E130.00387 ; infill
G1 X112.242 Y130.830 Z5.214 E130.09398 ; infill
G1 X112.242 Y127.985 Z5.160 E130.20361 ; infill
G1 X112.242 Y126.007 Z5.100 E130.27981 ; infill
G1 X112.242 Y122.172 Z4.934 E130.42759 ; infill
G1 X112.242 Y116.544 Z4.629 E130.64445 ; infill
G1 X112.242 Y113.618 Z4.505 E130.75717 ; infill
G1 X112.242 Y110.552 Z4.458 E130.87532 ; infill
G1 X112.242 Y108.454 Z4.461 E130.95615 ; infill
G1 X112.242 Y107.464 Z4.481 E130.99432 ; infill
G1 X112.242 Y104.975 Z4.609 E131.09019 ; infill
G1 X112.242 Y102.922 Z4.800 E131.16930 ; infill
G1 X112.242 Y98.509 Z5.275 E131.33938 ; infill
G1 X112.242 Y97.219 Z5.383 E131.38907 ; infill
G1 X112.242 Y92.725 Z5.716 E131.56224 ; infill
G1 X112.242 Y89.026 Z5.957 E131.70476 ; infill
G1 X112.242 Y84.556 Z6.207 E131.87698 ; infill
G1 X112.242 Y78.828 Z6.460 E132.09770 ; infill
G1 X112.242 Y74.215 Z6.617 E132.27545 ; infill
G1 X112.242 Y69.576 Z6.748 E132.45418 ; infill
G1 X112.242 Y66.604 Z6.689 E132.56870 ; infill
G1 X112.242 Y62.908 Z6.557 E132.71113 ; infill
G1 X112.242 Y59.811 Z6.390 E132.83046 ; infill
G1 X112.242 Y57.683 Z6.246 E132.91245 ; infill
G1 X112.242 Y55.680 Z6.090 E132.98961 ; infill
G1 X112.242 Y52.593 Z5.808 E133.10856 ; infill
G1 X112.242 Y41.546 Z4.652 E133.53425 ; infill
G1 X112.242 Y38.151 Z4.373 E133.66507 ; infill
G1 X112.242 Y36.494 Z4.275 E133.72892 ; infill
G1 X112.242 Y34.859 Z4.211 E133.79191 ; infill
G1 X112.242 Y33.224 Z4.184 E133.85490 ; infill
G1 X112.242 Y31.595 Z4.198 E133.91767 ; infill
G1 X112.242 Y29.958 Z4.257 E133.98076 ; infill
G1 X112.242 Y29.145 Z4.311 E134.01209 ; infill
G1 X111.783 Y28.978 Z4.311 E134.03090 ; infill
G1 X111.783 Y29.789 Z4.258 E134.06215 ; infill
G1 X111.783 Y31.409 Z4.198 E134.12459 ; infill
G1 X111.783 Y33.033 Z4.184 E134.18715 ; infill
G1 X111.783 Y34.645 Z4.212 E134.24927 ; infill
G1 X111.783 Y36.272 Z4.276 E134.31195 ; infill
G1 X111.783 Y37.912 Z4.374 E134.37516 ; infill
G1 X111.783 Y39.571 Z4.502 E134.43907 ; infill
G1 X111.783 Y43.296 Z4.859 E134.58261 ; infill
G1 X111.783 Y52.432 Z5.841 E134.93465 ; infill
G1 X111.783 Y55.162 Z6.096 E135.03985 ; infill
G1 X111.783 Y57.380 Z6.275 E135.12530 ; infill
G1 X111.783 Y60.042 Z6.455 E135.22788 ; infill
G1 X111.783 Y63.051 Z6.612 E135.34384 ; infill
G1 X111.783 Y66.678 Z6.743 E135.48359 ; infill
G1 X111.783 Y69.576 Z6.797 E135.59524 ; infill
G1 X111.783 Y74.198 Z6.668 E135.77334 ; infill
G1 X111.783 Y79.947 Z6.471 E135.99485 ; infill
G1 X111.783 Y85.558 Z6.215 E136.21104 ; infill
G1 X111.783 Y89.608 Z5.988 E136.36709 ; infill
G1 X111.783 Y94.181 Z5.690 E136.54331 ; infill
G1 X111.783 Y98.509 Z5.359 E136.71004 ; infill
G1 X111.783 Y103.675 Z4.802 E136.90913 ; infill
G1 X111.783 Y105.841 Z4.613 E136.99259 ; infill
G1 X111.783 Y107.473 Z4.540 E137.05548 ; infill
G1 X111.783 Y108.465 Z4.517 E137.09371 ; infill
G1 X111.783 Y110.563 Z4.511 E137.17455 ; infill
G1 X111.783 Y113.633 Z4.566 E137.29284 ; infill
G1 X111.783 Y116.769 Z4.697 E137.41365 ; infill
G1 X111.783 Y122.181 Z5.000 E137.62218 ; infill
G1 X111.783 Y125.317 Z5.137 E137.74302 ; infill
G1 X111.783 Y129.071 Z5.240 E137.88767 ; infill
G1 X111.783 Y131.433 Z5.277 E137.97867 ; infill
G1 X111.783 Y133.043 Z5.278 E138.04071 ; infill
G1 X111.324 Y132.921 Z5.329 E138.05900 ; infill
G1 X111.324 Y131.386 Z5.329 E138.11815 ; infill
G1 X111.324 Y128.008 Z5.277 E138.24833 ; infill
G1 X111.324 Y124.667 Z5.175 E138.37705 ; infill
G1 X111.324 Y120.896 Z5.003 E138.52234 ; infill
G1 X111.324 Y115.256 Z4.685 E138.73967 ; infill
G1 X111.324 Y113.649 Z4.627 E138.80160 ; infill
G1 X111.324 Y110.572 Z4.572 E138.92013 ; infill
G1 X111.324 Y108.476 Z4.577 E139.00091 ; infill
G1 X111.324 Y107.483 Z4.600 E139.03917 ; infill
G1 X111.324 Y106.082 Z4.672 E139.09315 ; infill
G1 X111.324 Y104.459 Z4.805 E139.15568 ; infill
G1 X111.324 Y98.300 Z5.460 E139.39301 ; infill
G1 X111.324 Y94.847 Z5.719 E139.52608 ; infill
G1 X111.324 Y89.966 Z6.031 E139.71415 ; infill
G1 X111.324 Y87.354 Z6.181 E139.81479 ; infill
G1 X111.324 Y81.710 Z6.451 E140.03224 ; infill
G1 X111.324 Y75.333 Z6.682 E140.27797 ; infill
G1 X111.324 Y69.576 Z6.846 E140.49978 ; infill
G1 X111.324 Y66.068 Z6.776 E140.63494 ; infill
G1 X111.324 Y63.210 Z6.668 E140.74508 ; infill
G1 X111.324 Y61.058 Z6.567 E140.82801 ; infill
G1 X111.324 Y57.673 Z6.349 E140.95842 ; infill
G1 X111.324 Y54.673 Z6.102 E141.07402 ; infill
G1 X111.324 Y52.003 Z5.846 E141.17691 ; infill
G1 X111.324 Y41.002 Z4.656 E141.60082 ; infill
G1 X111.324 Y37.674 Z4.376 E141.72905 ; infill
G1 X111.324 Y36.057 Z4.277 E141.79136 ; infill
G1 X111.324 Y34.446 Z4.212 E141.85343 ; infill
G1 X111.324 Y32.842 Z4.185 E141.91525 ; infill
G1 X111.324 Y31.239 Z4.199 E141.97698 ; infill
G1 X111.324 Y29.620 Z4.258 E142.03939 ; infill
G1 X111.324 Y28.811 Z4.311 E142.07054 ; infill
G1 X110.865 Y28.667 Z4.311 E142.08907 ; infill
G1 X110.865 Y29.465 Z4.258 E142.11983 ; infill
G1 X110.865 Y31.070 Z4.199 E142.18165 ; infill
G1 X110.865 Y32.660 Z4.185 E142.24292 ; infill
G1 X110.865 Y34.253 Z4.213 E142.30433 ; infill
G1 X110.865 Y35.842 Z4.279 E142.36553 ; infill
G1 X110.865 Y37.456 Z4.377 E142.42772 ; infill
G1 X110.865 Y39.085 Z4.505 E142.49048 ; infill
G1 X110.865 Y42.723 Z4.864 E142.63068 ; infill
G1 X110.865 Y49.786 Z5.658 E142.90285 ; infill
G1 X110.865 Y52.553 Z5.947 E143.00948 ; infill
G1 X110.865 Y57.124 Z6.356 E143.18558 ; infill
G1 X110.865 Y60.505 Z6.585 E143.31588 ; infill
G1 X110.865 Y63.087 Z6.712 E143.41537 ; infill
G1 X110.865 Y65.862 Z6.817 E143.52228 ; infill
G1 X110.865 Y69.435 Z6.891 E143.65994 ; infill
G1 X110.865 Y74.781 Z6.750 E143.86593 ; infill
G1 X110.865 Y79.849 Z6.573 E144.06122 ; infill
G1 X110.865 Y83.370 Z6.432 E144.19687 ; infill
G1 X110.865 Y89.057 Z6.148 E144.41601 ; infill
G1 X110.865 Y92.747 Z5.930 E144.55818 ; infill
G1 X110.865 Y97.338 Z5.615 E144.73511 ; infill
G1 X110.865 Y98.776 Z5.498 E144.79051 ; infill
G1 X110.865 Y105.304 Z4.809 E145.04206 ; infill
G1 X110.865 Y106.781 Z4.707 E145.09897 ; infill
G1 X110.865 Y108.486 Z4.641 E145.16465 ; infill
G1 X110.865 Y110.582 Z4.633 E145.24540 ; infill
G1 X110.865 Y113.749 Z4.695 E145.36745 ; infill
G1 X110.865 Y115.518 Z4.773 E145.43562 ; infill
G1 X110.865 Y122.195 Z5.139 E145.69289 ; infill
G1 X110.865 Y126.059 Z5.285 E145.84176 ; infill
G1 X110.865 Y129.083 Z5.353 E145.95829 ; infill
G1 X110.865 Y132.845 Z5.379 E146.10323 ; infill
G1 X110.406 Y132.771 Z5.429 E146.12113 ; infill
G1 X110.406 Y129.089 Z5.410 E146.26301 ; infill
G1 X110.406 Y126.076 Z5.347 E146.37913 ; infill
G1 X110.406 Y123.439 Z5.259 E146.48072 ; infill
G1 X110.406 Y120.906 Z5.147 E146.57833 ; infill
G1 X110.406 Y115.879 Z4.865 E146.77202 ; infill
G1 X110.406 Y114.061 Z4.784 E146.84206 ; infill
G1 X110.406 Y110.915 Z4.713 E146.96328 ; infill
G1 X110.406 Y108.492 Z4.722 E147.05664 ; infill
G1 X110.406 Y106.786 Z4.786 E147.12238 ; infill
G1 X110.406 Y105.342 Z4.897 E147.17801 ; infill
G1 X110.406 Y99.212 Z5.536 E147.41422 ; infill
G1 X110.406 Y97.762 Z5.661 E147.47011 ; infill
G1 X110.406 Y93.990 Z5.920 E147.61542 ; infill
G1 X110.406 Y90.049 Z6.154 E147.76731 ; infill
G1 X110.406 Y84.947 Z6.414 E147.96386 ; infill
G1 X110.406 Y78.693 Z6.666 E148.20485 ; infill
G1 X110.406 Y71.862 Z6.878 E148.46806 ; infill
G1 X110.406 Y69.576 Z6.935 E148.55613 ; infill
G1 X110.406 Y69.121 Z6.931 E148.57368 ; infill
G1 X110.406 Y65.957 Z6.866 E148.69557 ; infill
G1 X110.406 Y62.869 Z6.750 E148.81458 ; infill
G1 X110.406 Y59.887 Z6.596 E148.92946 ; infill
G1 X110.406 Y56.607 Z6.363 E149.05586 ; infill
G1 X110.406 Y53.771 Z6.114 E149.16512 ; infill
G1 X110.406 Y51.208 Z5.856 E149.26387 ; infill
G1 X110.406 Y42.459 Z4.867 E149.60102 ; infill
G1 X110.406 Y40.495 Z4.661 E149.67670 ; infill
G1 X110.406 Y37.240 Z4.379 E149.80214 ; infill
G1 X110.406 Y35.647 Z4.280 E149.86351 ; infill
G1 X110.406 Y34.061 Z4.214 E149.92462 ; infill
G1 X110.406 Y32.489 Z4.186 E149.98519 ; infill
G1 X110.406 Y30.901 Z4.199 E150.04639 ; infill
G1 X110.406 Y29.315 Z4.258 E150.10747 ; infill
G1 X110.406 Y28.531 Z4.310 E150.13770 ; infill
G1 X109.948 Y28.395 Z4.310 E150.15614 ; infill
G1 X109.948 Y29.165 Z4.258 E150.18584 ; infill
G1 X109.948 Y30.750 Z4.199 E150.24689 ; infill
G1 X109.948 Y32.318 Z4.186 E150.30731 ; infill
G1 X109.948 Y33.884 Z4.215 E150.36766 ; infill
G1 X109.948 Y35.453 Z4.281 E150.42811 ; infill
G1 X109.948 Y37.029 Z4.380 E150.48882 ; infill
G1 X109.948 Y40.254 Z4.663 E150.61312 ; infill
G1 X109.948 Y42.195 Z4.869 E150.68790 ; infill
G1 X109.948 Y50.772 Z5.854 E151.01841 ; infill
G1 X109.948 Y53.346 Z6.119 E151.11760 ; infill
G1 X109.948 Y56.118 Z6.370 E151.22439 ; infill
G1 X109.948 Y59.280 Z6.605 E151.34623 ; infill
G1 X109.948 Y63.012 Z6.805 E151.49004 ; infill
G1 X109.948 Y66.052 Z6.913 E151.60716 ; infill
G1 X109.948 Y68.807 Z6.972 E151.71331 ; infill
G1 X109.948 Y69.576 Z6.978 E151.74296 ; infill
G1 X109.948 Y71.855 Z6.921 E151.83075 ; infill
G1 X109.948 Y79.360 Z6.690 E152.11996 ; infill
G1 X109.948 Y86.465 Z6.396 E152.39370 ; infill
G1 X109.948 Y91.387 Z6.141 E152.58336 ; infill
G1 X109.948 Y95.230 Z5.910 E152.73144 ; infill
G1 X109.948 Y98.509 Z5.683 E152.85776 ; infill
G1 X109.948 Y101.545 Z5.387 E152.97476 ; infill
G1 X109.948 Y105.340 Z4.988 E153.12101 ; infill
G1 X109.948 Y106.789 Z4.874 E153.17681 ; infill
G1 X109.948 Y108.498 Z4.803 E153.24268 ; infill
G1 X109.948 Y110.588 Z4.791 E153.32322 ; infill
G1 X109.948 Y113.679 Z4.849 E153.44231 ; infill
G1 X109.948 Y115.251 Z4.910 E153.50288 ; infill
G1 X109.948 Y120.910 Z5.219 E153.72092 ; infill
G1 X109.948 Y123.449 Z5.326 E153.81878 ; infill
G1 X109.948 Y126.092 Z5.409 E153.92060 ; infill
G1 X109.948 Y129.095 Z5.467 E154.03631 ; infill
G1 X109.948 Y132.736 Z5.478 E154.17658 ; infill
G1 X109.489 Y132.708 Z5.528 E154.19429 ; infill
G1 X109.489 Y129.101 Z5.522 E154.33328 ; infill
G1 X109.489 Y125.402 Z5.453 E154.47582 ; infill
G1 X109.489 Y120.912 Z5.292 E154.64882 ; infill
G1 X109.489 Y115.597 Z5.011 E154.85362 ; infill
G1 X109.489 Y113.848 Z4.938 E154.92100 ; infill
G1 X109.489 Y110.689 Z4.876 E155.04273 ; infill
G1 X109.489 Y108.502 Z4.893 E155.12700 ; infill
G1 X109.489 Y106.790 Z4.969 E155.19295 ; infill
G1 X109.489 Y105.761 Z5.045 E155.23259 ; infill
G1 X109.489 Y101.945 Z5.435 E155.37966 ; infill
G1 X109.489 Y98.509 Z5.760 E155.51206 ; infill
G1 X109.489 Y92.638 Z6.132 E155.73825 ; infill
G1 X109.489 Y87.957 Z6.377 E155.91862 ; infill
G1 X109.489 Y81.319 Z6.663 E156.17442 ; infill
G1 X109.489 Y75.254 Z6.867 E156.40810 ; infill
G1 X109.489 Y69.314 Z7.019 E156.63696 ; infill
G1 X109.489 Y66.145 Z6.958 E156.75907 ; infill
G1 X109.489 Y62.427 Z6.824 E156.90233 ; infill
G1 X109.489 Y58.714 Z6.612 E157.04540 ; infill
G1 X109.489 Y56.033 Z6.407 E157.14870 ; infill
G1 X109.489 Y52.947 Z6.125 E157.26762 ; infill
G1 X109.489 Y50.475 Z5.865 E157.36286 ; infill
G1 X109.489 Y41.948 Z4.872 E157.69145 ; infill
G1 X109.489 Y40.023 Z4.665 E157.76561 ; infill
G1 X109.489 Y36.833 Z4.381 E157.88853 ; infill
G1 X109.489 Y35.262 Z4.282 E157.94907 ; infill
G1 X109.489 Y33.712 Z4.215 E158.00879 ; infill
G1 X109.489 Y32.155 Z4.187 E158.06880 ; infill
G1 X109.489 Y30.599 Z4.200 E158.12873 ; infill
G1 X109.489 Y29.023 Z4.258 E158.18947 ; infill
G1 X109.489 Y28.259 Z4.310 E158.21893 ; infill
G1 X109.030 Y28.122 Z4.310 E158.23737 ; infill
G1 X109.030 Y28.891 Z4.258 E158.26699 ; infill
G1 X109.030 Y30.449 Z4.200 E158.32701 ; infill
G1 X109.030 Y32.003 Z4.187 E158.38691 ; infill
G1 X109.030 Y33.540 Z4.216 E158.44612 ; infill
G1 X109.030 Y35.089 Z4.283 E158.50580 ; infill
G1 X109.030 Y36.638 Z4.382 E158.56550 ; infill
G1 X109.030 Y38.209 Z4.512 E158.62600 ; infill
G1 X109.030 Y41.706 Z4.874 E158.76079 ; infill
G1 X109.030 Y48.812 Z5.720 E159.03461 ; infill
G1 X109.030 Y51.748 Z6.045 E159.14772 ; infill
G1 X109.030 Y54.243 Z6.293 E159.24389 ; infill
G1 X109.030 Y56.391 Z6.480 E159.32664 ; infill
G1 X109.030 Y59.116 Z6.681 E159.43165 ; infill
G1 X109.030 Y62.261 Z6.859 E159.55283 ; infill
G1 X109.030 Y66.238 Z7.003 E159.70607 ; infill
G1 X109.030 Y69.258 Z7.059 E159.82241 ; infill
G1 X109.030 Y74.106 Z6.942 E160.00921 ; infill
G1 X109.030 Y80.807 Z6.726 E160.26742 ; infill
G1 X109.030 Y86.239 Z6.505 E160.47671 ; infill
G1 X109.030 Y91.752 Z6.238 E160.68913 ; infill
G1 X109.030 Y95.591 Z6.022 E160.83708 ; infill
G1 X109.030 Y98.509 Z5.832 E160.94949 ; infill
G1 X109.030 Y101.517 Z5.561 E161.06542 ; infill
G1 X109.030 Y106.085 Z5.116 E161.24144 ; infill
G1 X109.030 Y107.506 Z5.024 E161.29620 ; infill
G1 X109.030 Y108.504 Z4.988 E161.33464 ; infill
G1 X109.030 Y110.588 Z4.969 E161.41493 ; infill
G1 X109.030 Y113.689 Z5.022 E161.53440 ; infill
G1 X109.030 Y115.943 Z5.113 E161.62125 ; infill
G1 X109.030 Y120.914 Z5.365 E161.81280 ; infill
G1 X109.030 Y125.418 Z5.515 E161.98636 ; infill
G1 X109.030 Y129.107 Z5.575 E162.12849 ; infill
G1 X109.030 Y132.710 Z5.576 E162.26733 ; infill
G1 X108.571 Y132.712 Z5.625 E162.28501 ; infill
G1 X108.571 Y129.113 Z5.628 E162.42368 ; infill
G1 X108.571 Y125.434 Z5.574 E162.56542 ; infill
G1 X108.571 Y120.916 Z5.438 E162.73952 ; infill
G1 X108.571 Y115.327 Z5.169 E162.95486 ; infill
G1 X108.571 Y113.692 Z5.111 E163.01786 ; infill
G1 X108.571 Y110.586 Z5.063 E163.13755 ; infill
G1 X108.571 Y108.506 Z5.085 E163.21768 ; infill
G1 X108.571 Y107.508 Z5.124 E163.25616 ; infill
G1 X108.571 Y106.083 Z5.216 E163.31104 ; infill
G1 X108.571 Y101.459 Z5.650 E163.48923 ; infill
G1 X108.571 Y98.509 Z5.904 E163.60291 ; infill
G1 X108.571 Y95.410 Z6.099 E163.72229 ; infill
G1 X108.571 Y90.890 Z6.340 E163.89647 ; infill
G1 X108.571 Y84.886 Z6.614 E164.12779 ; infill
G1 X108.571 Y79.675 Z6.808 E164.32858 ; infill
G1 X108.571 Y71.834 Z7.042 E164.63071 ; infill
G1 X108.571 Y69.576 Z7.098 E164.71771 ; infill
G1 X108.571 Y68.765 Z7.092 E164.74897 ; infill
G1 X108.571 Y65.268 Z7.016 E164.88370 ; infill
G1 X108.571 Y61.902 Z6.884 E165.01340 ; infill
G1 X108.571 Y58.571 Z6.687 E165.14177 ; infill
G1 X108.571 Y55.742 Z6.470 E165.25078 ; infill
G1 X108.571 Y52.235 Z6.140 E165.38591 ; infill
G1 X108.571 Y49.797 Z5.874 E165.47984 ; infill
G1 X108.571 Y41.474 Z4.876 E165.80057 ; infill
G1 X108.571 Y39.586 Z4.669 E165.87334 ; infill
G1 X108.571 Y36.454 Z4.384 E165.99399 ; infill
G1 X108.571 Y34.915 Z4.284 E166.05329 ; infill
G1 X108.571 Y33.384 Z4.217 E166.11230 ; infill
G1 X108.571 Y31.852 Z4.188 E166.17134 ; infill
G1 X108.571 Y30.313 Z4.200 E166.23063 ; infill
G1 X108.571 Y28.759 Z4.259 E166.29050 ; infill
G1 X108.571 Y27.987 Z4.311 E166.32024 ; infill
G1 X108.112 Y27.877 Z4.310 E166.33842 ; infill
G1 X108.112 Y28.628 Z4.259 E166.36734 ; infill
G1 X108.112 Y30.180 Z4.201 E166.42716 ; infill
G1 X108.112 Y31.705 Z4.188 E166.48593 ; infill
G1 X108.112 Y33.231 Z4.218 E166.54471 ; infill
G1 X108.112 Y34.748 Z4.285 E166.60315 ; infill
G1 X108.112 Y36.279 Z4.385 E166.66217 ; infill
G1 X108.112 Y39.387 Z4.671 E166.78190 ; infill
G1 X108.112 Y41.253 Z4.879 E166.85384 ; infill
G1 X108.112 Y49.936 Z5.931 E167.18843 ; infill
G1 X108.112 Y52.714 Z6.230 E167.29549 ; infill
G1 X108.112 Y55.074 Z6.455 E167.38642 ; infill
G1 X108.112 Y57.216 Z6.634 E167.46894 ; infill
G1 X108.112 Y61.162 Z6.888 E167.62098 ; infill
G1 X108.112 Y64.650 Z7.036 E167.75537 ; infill
G1 X108.112 Y68.182 Z7.121 E167.89148 ; infill
G1 X108.112 Y69.576 Z7.135 E167.94520 ; infill
G1 X108.112 Y78.542 Z6.886 E168.29067 ; infill
G1 X108.112 Y85.589 Z6.629 E168.56220 ; infill
G1 X108.112 Y92.353 Z6.322 E168.82282 ; infill
G1 X108.112 Y98.509 Z5.975 E169.05999 ; infill
G1 X108.112 Y101.852 Z5.697 E169.18883 ; infill
G1 X108.112 Y106.081 Z5.315 E169.35179 ; infill
G1 X108.112 Y107.508 Z5.225 E169.40677 ; infill
G1 X108.112 Y108.924 Z5.178 E169.46131 ; infill
G1 X108.112 Y110.853 Z5.162 E169.53563 ; infill
G1 X108.112 Y113.929 Z5.209 E169.65417 ; infill
G1 X108.112 Y115.653 Z5.270 E169.72060 ; infill
G1 X108.112 Y120.917 Z5.509 E169.92344 ; infill
G1 X108.112 Y125.450 Z5.634 E170.09810 ; infill
G1 X108.112 Y129.119 Z5.682 E170.23945 ; infill
G1 X108.112 Y131.505 Z5.689 E170.33141 ; infill
G1 X108.112 Y132.750 Z5.670 E170.37938 ; infill
G1 X107.654 Y132.804 Z5.714 E170.39718 ; infill
G1 X107.654 Y131.437 Z5.736 E170.44981 ; infill
G1 X107.654 Y129.125 Z5.735 E170.53892 ; infill
G1 X107.654 Y125.466 Z5.693 E170.67989 ; infill
G1 X107.654 Y120.918 Z5.578 E170.85513 ; infill
G1 X107.654 Y115.979 Z5.371 E171.04546 ; infill
G1 X107.654 Y113.693 Z5.297 E171.13351 ; infill
G1 X107.654 Y110.577 Z5.260 E171.25360 ; infill
G1 X107.654 Y108.506 Z5.288 E171.33337 ; infill
G1 X107.654 Y107.509 Z5.326 E171.37182 ; infill
G1 X107.654 Y106.079 Z5.413 E171.42690 ; infill
G1 X107.654 Y98.509 Z6.043 E171.71861 ; infill
G1 X107.654 Y93.819 Z6.302 E171.89929 ; infill
G1 X107.654 Y90.139 Z6.477 E172.04111 ; infill
G1 X107.654 Y84.617 Z6.712 E172.25388 ; infill
G1 X107.654 Y77.410 Z6.959 E172.53157 ; infill
G1 X107.654 Y69.576 Z7.172 E172.83341 ; infill
G1 X107.654 Y68.079 Z7.155 E172.89108 ; infill
G1 X107.654 Y64.444 Z7.067 E173.03117 ; infill
G1 X107.654 Y61.753 Z6.959 E173.13483 ; infill
G1 X107.654 Y58.903 Z6.792 E173.24467 ; infill
G1 X107.654 Y55.485 Z6.531 E173.37636 ; infill
G1 X107.654 Y51.903 Z6.188 E173.51440 ; infill
G1 X107.654 Y49.170 Z5.883 E173.61968 ; infill
G1 X107.654 Y41.035 Z4.881 E173.93319 ; infill
G1 X107.654 Y39.188 Z4.673 E174.00434 ; infill
G1 X107.654 Y36.104 Z4.386 E174.12318 ; infill
G1 X107.654 Y34.593 Z4.286 E174.18141 ; infill
G1 X107.654 Y33.078 Z4.218 E174.23978 ; infill
G1 X107.654 Y31.572 Z4.189 E174.29782 ; infill
G1 X107.654 Y30.048 Z4.201 E174.35655 ; infill
G1 X107.654 Y28.512 Z4.259 E174.41571 ; infill
G1 X107.654 Y27.769 Z4.310 E174.44437 ; infill
G1 X107.195 Y27.660 Z4.310 E174.46253 ; infill
G1 X107.195 Y28.397 Z4.259 E174.49093 ; infill
G1 X107.195 Y29.924 Z4.201 E174.54977 ; infill
G1 X107.195 Y31.438 Z4.189 E174.60810 ; infill
G1 X107.195 Y32.940 Z4.219 E174.66598 ; infill
G1 X107.195 Y34.439 Z4.287 E174.72372 ; infill
G1 X107.195 Y35.944 Z4.388 E174.78174 ; infill
G1 X107.195 Y38.345 Z4.608 E174.87422 ; infill
G1 X107.195 Y40.834 Z4.884 E174.97016 ; infill
G1 X107.195 Y47.917 Z5.772 E175.24311 ; infill
G1 X107.195 Y51.052 Z6.137 E175.36390 ; infill
G1 X107.195 Y53.640 Z6.406 E175.46363 ; infill
G1 X107.195 Y55.896 Z6.608 E175.55055 ; infill
G1 X107.195 Y59.412 Z6.868 E175.68603 ; infill
G1 X107.195 Y61.635 Z6.991 E175.77169 ; infill
G1 X107.195 Y64.592 Z7.109 E175.88564 ; infill
G1 X107.195 Y68.124 Z7.192 E176.02171 ; infill
G1 X107.195 Y69.576 Z7.206 E176.07768 ; infill
G1 X107.195 Y76.286 Z7.029 E176.33619 ; infill
G1 X107.195 Y82.820 Z6.818 E176.58797 ; infill
G1 X107.195 Y89.829 Z6.541 E176.85802 ; infill
G1 X107.195 Y95.282 Z6.283 E177.06817 ; infill
G1 X107.195 Y98.509 Z6.107 E177.19247 ; infill
G1 X107.195 Y106.077 Z5.511 E177.48409 ; infill
G1 X107.195 Y107.508 Z5.425 E177.53925 ; infill
G1 X107.195 Y109.532 Z5.367 E177.61722 ; infill
G1 X107.195 Y111.603 Z5.362 E177.69703 ; infill
G1 X107.195 Y114.515 Z5.409 E177.80924 ; infill
G1 X107.195 Y120.919 Z5.648 E178.05599 ; infill
G1 X107.195 Y125.406 Z5.751 E178.22886 ; infill
G1 X107.195 Y130.518 Z5.782 E178.42583 ; infill
G1 X107.195 Y132.864 Z5.749 E178.51622 ; infill
G1 X106.736 Y132.960 Z5.782 E178.53428 ; infill
G1 X106.736 Y130.447 Z5.826 E178.63112 ; infill
G1 X106.736 Y125.498 Z5.805 E178.82182 ; infill
G1 X106.736 Y120.920 Z5.717 E178.99821 ; infill
G1 X106.736 Y115.673 Z5.528 E179.20040 ; infill
G1 X106.736 Y113.973 Z5.483 E179.26589 ; infill
G1 X106.736 Y110.961 Z5.454 E179.38196 ; infill
G1 X106.736 Y109.058 Z5.474 E179.45529 ; infill
G1 X106.736 Y107.508 Z5.524 E179.51500 ; infill
G1 X106.736 Y106.074 Z5.605 E179.57023 ; infill
G1 X106.736 Y98.509 Z6.169 E179.86176 ; infill
G1 X106.736 Y93.537 Z6.418 E180.05331 ; infill
G1 X106.736 Y88.585 Z6.638 E180.24415 ; infill
G1 X106.736 Y81.716 Z6.893 E180.50879 ; infill
G1 X106.736 Y74.038 Z7.125 E180.80463 ; infill
G1 X106.736 Y69.576 Z7.237 E180.97656 ; infill
G1 X106.736 Y67.441 Z7.215 E181.05884 ; infill
G1 X106.736 Y64.677 Z7.149 E181.16532 ; infill
G1 X106.736 Y61.210 Z7.007 E181.29891 ; infill
G1 X106.736 Y58.928 Z6.875 E181.38686 ; infill
G1 X106.736 Y55.266 Z6.593 E181.52796 ; infill
G1 X106.736 Y53.292 Z6.411 E181.60400 ; infill
G1 X106.736 Y50.153 Z6.075 E181.72496 ; infill
G1 X106.736 Y46.807 Z5.671 E181.85392 ; infill
G1 X106.736 Y40.634 Z4.886 E182.09180 ; infill
G1 X106.736 Y38.820 Z4.676 E182.16167 ; infill
G1 X106.736 Y35.788 Z4.389 E182.27851 ; infill
G1 X106.736 Y34.292 Z4.287 E182.33618 ; infill
G1 X106.736 Y32.805 Z4.220 E182.39346 ; infill
G1 X106.736 Y31.307 Z4.190 E182.45119 ; infill
G1 X106.736 Y29.808 Z4.202 E182.50894 ; infill
G1 X106.736 Y28.282 Z4.259 E182.56775 ; infill
G1 X106.736 Y27.551 Z4.310 E182.59589 ; infill
G1 X106.277 Y27.443 Z4.310 E182.61405 ; infill
G1 X106.277 Y28.175 Z4.259 E182.64227 ; infill
G1 X106.277 Y29.692 Z4.202 E182.70071 ; infill
G1 X106.277 Y31.190 Z4.190 E182.75841 ; infill
G1 X106.277 Y32.670 Z4.220 E182.81545 ; infill
G1 X106.277 Y34.155 Z4.288 E182.87267 ; infill
G1 X106.277 Y35.633 Z4.390 E182.92961 ; infill
G1 X106.277 Y37.133 Z4.521 E182.98743 ; infill
G1 X106.277 Y40.447 Z4.888 E183.11512 ; infill
G1 X106.277 Y47.498 Z5.794 E183.38686 ; infill
G1 X106.277 Y50.557 Z6.160 E183.50473 ; infill
G1 X106.277 Y52.957 Z6.417 E183.59720 ; infill
G1 X106.277 Y55.564 Z6.660 E183.69765 ; infill
G1 X106.277 Y58.505 Z6.885 E183.81098 ; infill
G1 X106.277 Y61.887 Z7.077 E183.94128 ; infill
G1 X106.277 Y64.489 Z7.177 E184.04155 ; infill
G1 X106.277 Y67.793 Z7.252 E184.16886 ; infill
G1 X106.277 Y69.576 Z7.269 E184.23756 ; infill
G1 X106.277 Y75.134 Z7.128 E184.45171 ; infill
G1 X106.277 Y81.683 Z6.931 E184.70404 ; infill
G1 X106.277 Y89.857 Z6.629 E185.01900 ; infill
G1 X106.277 Y98.509 Z6.227 E185.35236 ; infill
G1 X106.277 Y106.072 Z5.694 E185.64381 ; infill
G1 X106.277 Y107.508 Z5.619 E185.69911 ; infill
G1 X106.277 Y109.526 Z5.562 E185.77687 ; infill
G1 X106.277 Y111.580 Z5.551 E185.85603 ; infill
G1 X106.277 Y114.250 Z5.577 E185.95891 ; infill
G1 X106.277 Y120.922 Z5.780 E186.21596 ; infill
G1 X106.277 Y125.514 Z5.857 E186.39290 ; infill
G1 X106.277 Y130.377 Z5.870 E186.58028 ; infill
G1 X106.277 Y133.057 Z5.814 E186.68357 ; infill
G1 X105.818 Y133.190 Z5.844 E186.70197 ; infill
G1 X105.818 Y130.306 Z5.914 E186.81308 ; infill
G1 X105.818 Y126.237 Z5.915 E186.96988 ; infill
G1 X105.818 Y120.923 Z5.841 E187.17464 ; infill
G1 X105.818 Y116.275 Z5.710 E187.35373 ; infill
G1 X105.818 Y113.710 Z5.658 E187.45255 ; infill
G1 X105.818 Y110.676 Z5.644 E187.56944 ; infill
G1 X105.818 Y108.800 Z5.668 E187.64173 ; infill
G1 X105.818 Y107.508 Z5.709 E187.69154 ; infill
G1 X105.818 Y106.070 Z5.783 E187.74691 ; infill
G1 X105.818 Y98.509 Z6.284 E188.03829 ; infill
G1 X105.818 Y94.372 Z6.480 E188.19769 ; infill
G1 X105.818 Y88.475 Z6.724 E188.42487 ; infill
G1 X105.818 Y81.651 Z6.965 E188.68783 ; infill
G1 X105.818 Y74.013 Z7.188 E188.98212 ; infill
G1 X105.818 Y69.576 Z7.300 E189.15308 ; infill
G1 X105.818 Y67.571 Z7.281 E189.23035 ; infill
G1 X105.818 Y64.536 Z7.211 E189.34731 ; infill
G1 X105.818 Y61.335 Z7.086 E189.47063 ; infill
G1 X105.818 Y58.040 Z6.890 E189.59758 ; infill
G1 X105.818 Y55.198 Z6.666 E189.70710 ; infill
G1 X105.818 Y52.632 Z6.422 E189.80596 ; infill
G1 X105.818 Y49.842 Z6.115 E189.91348 ; infill
G1 X105.818 Y46.355 Z5.684 E190.04787 ; infill
G1 X105.818 Y40.266 Z4.891 E190.28252 ; infill
G1 X105.818 Y38.480 Z4.680 E190.35132 ; infill
G1 X105.818 Y35.494 Z4.391 E190.46638 ; infill
G1 X105.818 Y34.018 Z4.289 E190.52325 ; infill
G1 X105.818 Y32.548 Z4.221 E190.57990 ; infill
G1 X105.818 Y31.073 Z4.191 E190.63675 ; infill
G1 X105.818 Y29.580 Z4.202 E190.69427 ; infill
G1 X105.818 Y28.076 Z4.259 E190.75223 ; infill
G1 X105.818 Y27.338 Z4.310 E190.78063 ; infill
G1 X105.359 Y27.254 Z4.309 E190.79861 ; infill
G1 X105.359 Y27.976 Z4.260 E190.82643 ; infill
G1 X105.359 Y29.479 Z4.202 E190.88436 ; infill
G1 X105.359 Y30.956 Z4.191 E190.94124 ; infill
G1 X105.359 Y32.430 Z4.222 E190.99804 ; infill
G1 X105.359 Y33.890 Z4.290 E191.05430 ; infill
G1 X105.359 Y35.356 Z4.393 E191.11078 ; infill
G1 X105.359 Y38.320 Z4.682 E191.22500 ; infill
G1 X105.359 Y40.090 Z4.893 E191.29320 ; infill
G1 X105.359 Y47.097 Z5.814 E191.56324 ; infill
G1 X105.359 Y49.995 Z6.170 E191.67490 ; infill
G1 X105.359 Y52.326 Z6.427 E191.76475 ; infill
G1 X105.359 Y54.850 Z6.672 E191.86202 ; infill
G1 X105.359 Y57.633 Z6.896 E191.96923 ; infill
G1 X105.359 Y60.821 Z7.094 E192.09208 ; infill
G1 X105.359 Y64.196 Z7.233 E192.22213 ; infill
G1 X105.359 Y67.574 Z7.312 E192.35228 ; infill
G1 X105.359 Y69.576 Z7.330 E192.42942 ; infill
G1 X105.359 Y74.001 Z7.218 E192.59992 ; infill
G1 X105.359 Y81.620 Z6.999 E192.89347 ; infill
G1 X105.359 Y89.036 Z6.741 E193.17924 ; infill
G1 X105.359 Y93.291 Z6.572 E193.34317 ; infill
G1 X105.359 Y98.509 Z6.336 E193.54422 ; infill
G1 X105.359 Y106.069 Z5.868 E193.83553 ; infill
G1 X105.359 Y107.508 Z5.799 E193.89096 ; infill
G1 X105.359 Y109.521 Z5.742 E193.96853 ; infill
G1 X105.359 Y111.987 Z5.727 E194.06354 ; infill
G1 X105.359 Y113.969 Z5.739 E194.13993 ; infill
G1 X105.359 Y120.924 Z5.902 E194.40792 ; infill
G1 X105.359 Y126.253 Z5.966 E194.61323 ; infill
G1 X105.359 Y130.236 Z5.958 E194.76670 ; infill
G1 X105.359 Y133.333 Z5.871 E194.88604 ; infill
G1 X104.901 Y133.498 Z5.894 E194.90483 ; infill
G1 X104.901 Y132.020 Z5.956 E194.96178 ; infill
G1 X104.901 Y130.209 Z5.999 E195.03158 ; infill
G1 X104.901 Y126.268 Z6.011 E195.18340 ; infill
G1 X104.901 Y121.800 Z5.977 E195.35556 ; infill
G1 X104.901 Y114.228 Z5.821 E195.64733 ; infill
G1 X104.901 Y111.306 Z5.812 E195.75991 ; infill
G1 X104.901 Y109.418 Z5.832 E195.83266 ; infill
G1 X104.901 Y107.508 Z5.883 E195.90625 ; infill
G1 X104.901 Y106.068 Z5.947 E195.96175 ; infill
G1 X104.901 Y98.509 Z6.389 E196.25301 ; infill
G1 X104.901 Y93.257 Z6.615 E196.45538 ; infill
G1 X104.901 Y87.434 Z6.837 E196.67974 ; infill
G1 X104.901 Y79.445 Z7.095 E196.98754 ; infill
G1 X104.901 Y70.681 Z7.331 E197.32523 ; infill
G1 X104.901 Y69.249 Z7.357 E197.38041 ; infill
G1 X104.901 Y67.039 Z7.332 E197.46557 ; infill
G1 X104.901 Y63.869 Z7.255 E197.58773 ; infill
G1 X104.901 Y60.341 Z7.102 E197.72364 ; infill
G1 X104.901 Y57.246 Z6.903 E197.84291 ; infill
G1 X104.901 Y54.517 Z6.678 E197.94808 ; infill
G1 X104.901 Y52.031 Z6.433 E198.04385 ; infill
G1 X104.901 Y49.561 Z6.154 E198.13903 ; infill
G1 X104.901 Y45.912 Z5.693 E198.27964 ; infill
G1 X104.901 Y39.926 Z4.895 E198.51032 ; infill
G1 X104.901 Y38.166 Z4.684 E198.57817 ; infill
G1 X104.901 Y35.220 Z4.394 E198.69166 ; infill
G1 X104.901 Y33.769 Z4.291 E198.74757 ; infill
G1 X104.901 Y32.311 Z4.223 E198.80376 ; infill
G1 X104.901 Y30.853 Z4.192 E198.85994 ; infill
G1 X104.901 Y29.379 Z4.203 E198.91675 ; infill
G1 X104.901 Y27.877 Z4.260 E198.97461 ; infill
G1 X104.901 Y27.169 Z4.309 E199.00189 ; infill
G1 X104.442 Y27.084 Z4.309 E199.01987 ; infill
G1 X104.442 Y27.792 Z4.260 E199.04713 ; infill
G1 X104.442 Y29.278 Z4.203 E199.10440 ; infill
G1 X104.442 Y30.751 Z4.192 E199.16117 ; infill
G1 X104.442 Y32.204 Z4.223 E199.21712 ; infill
G1 X104.442 Y33.649 Z4.292 E199.27283 ; infill
G1 X104.442 Y35.098 Z4.395 E199.32866 ; infill
G1 X104.442 Y38.022 Z4.686 E199.44134 ; infill
G1 X104.442 Y39.763 Z4.897 E199.50842 ; infill
G1 X104.442 Y46.711 Z5.830 E199.77616 ; infill
G1 X104.442 Y49.476 Z6.179 E199.88272 ; infill
G1 X104.442 Y51.745 Z6.438 E199.97014 ; infill
G1 X104.442 Y54.195 Z6.683 E200.06456 ; infill
G1 X104.442 Y57.419 Z6.949 E200.18879 ; infill
G1 X104.442 Y60.574 Z7.146 E200.31036 ; infill
G1 X104.442 Y63.521 Z7.274 E200.42389 ; infill
G1 X104.442 Y67.124 Z7.361 E200.56275 ; infill
G1 X104.442 Y68.986 Z7.383 E200.63447 ; infill
G1 X104.442 Y70.322 Z7.366 E200.68593 ; infill
G1 X104.442 Y78.340 Z7.157 E200.99491 ; infill
G1 X104.442 Y86.782 Z6.892 E201.32018 ; infill
G1 X104.442 Y96.627 Z6.519 E201.69952 ; infill
G1 X104.442 Y98.509 Z6.435 E201.77201 ; infill
G1 X104.442 Y106.067 Z6.021 E202.06326 ; infill
G1 X104.442 Y109.517 Z5.912 E202.19617 ; infill
G1 X104.442 Y111.680 Z5.894 E202.27954 ; infill
G1 X104.442 Y114.487 Z5.903 E202.38767 ; infill
G1 X104.442 Y122.261 Z6.033 E202.68723 ; infill
G1 X104.442 Y127.208 Z6.055 E202.87783 ; infill
G1 X104.442 Y131.237 Z6.015 E203.03309 ; infill
G1 X104.442 Y133.691 Z5.910 E203.12762 ; infill
G1 X103.983 Y133.893 Z5.923 E203.14695 ; infill
G1 X103.983 Y132.421 Z6.007 E203.20368 ; infill
G1 X103.983 Y131.149 Z6.055 E203.25268 ; infill
G1 X103.983 Y127.222 Z6.094 E203.40402 ; infill
G1 X103.983 Y122.266 Z6.083 E203.59496 ; infill
G1 X103.983 Y114.133 Z5.970 E203.90836 ; infill
G1 X103.983 Y111.320 Z5.970 E204.01672 ; infill
G1 X103.983 Y108.504 Z6.008 E204.12522 ; infill
G1 X103.983 Y105.302 Z6.126 E204.24860 ; infill
G1 X103.983 Y97.954 Z6.507 E204.53175 ; infill
G1 X103.983 Y86.684 Z6.929 E204.96598 ; infill
G1 X103.983 Y80.466 Z7.123 E205.20558 ; infill
G1 X103.983 Y70.654 Z7.385 E205.58364 ; infill
G1 X103.983 Y69.576 Z7.408 E205.62517 ; infill
G1 X103.983 Y67.210 Z7.390 E205.71635 ; infill
G1 X103.983 Y63.998 Z7.318 E205.84010 ; infill
G1 X103.983 Y60.885 Z7.193 E205.96005 ; infill
G1 X103.983 Y57.842 Z7.012 E206.07731 ; infill
G1 X103.983 Y53.890 Z6.689 E206.22956 ; infill
G1 X103.983 Y51.477 Z6.443 E206.32255 ; infill
G1 X103.983 Y49.230 Z6.184 E206.40916 ; infill
G1 X103.983 Y45.476 Z5.697 E206.55382 ; infill
G1 X103.983 Y39.614 Z4.900 E206.77971 ; infill
G1 X103.983 Y37.879 Z4.688 E206.84656 ; infill
G1 X103.983 Y34.976 Z4.396 E206.95844 ; infill
G1 X103.983 Y33.537 Z4.293 E207.01389 ; infill
G1 X103.983 Y32.101 Z4.224 E207.06923 ; infill
G1 X103.983 Y30.650 Z4.193 E207.12513 ; infill
G1 X103.983 Y29.190 Z4.203 E207.18138 ; infill
G1 X103.983 Y27.706 Z4.260 E207.23855 ; infill
G1 X103.983 Y27.000 Z4.309 E207.26578 ; infill
G1 X103.524 Y26.915 Z4.309 E207.28376 ; infill
G1 X103.524 Y27.621 Z4.260 E207.31096 ; infill
G1 X103.524 Y29.104 Z4.204 E207.36811 ; infill
G1 X103.524 Y30.558 Z4.193 E207.42415 ; infill
G1 X103.524 Y31.997 Z4.225 E207.47960 ; infill
G1 X103.524 Y33.432 Z4.294 E207.53487 ; infill
G1 X103.524 Y34.859 Z4.397 E207.58986 ; infill
G1 X103.524 Y37.748 Z4.689 E207.70118 ; infill
G1 X103.524 Y39.468 Z4.902 E207.76746 ; infill
G1 X103.524 Y48.300 Z6.100 E208.10784 ; infill
G1 X103.524 Y51.217 Z6.448 E208.22023 ; infill
G1 X103.524 Y53.600 Z6.694 E208.31204 ; infill
G1 X103.524 Y57.380 Z7.011 E208.45772 ; infill
G1 X103.524 Y60.535 Z7.206 E208.57925 ; infill
G1 X103.524 Y63.963 Z7.345 E208.71136 ; infill
G1 X103.524 Y66.951 Z7.413 E208.82647 ; infill
G1 X103.524 Y69.930 Z7.426 E208.94128 ; infill
G1 X103.524 Y77.217 Z7.240 E209.22204 ; infill
G1 X103.524 Y84.654 Z7.023 E209.50859 ; infill
G1 X103.524 Y96.661 Z6.601 E209.97124 ; infill
G1 X103.524 Y106.067 Z6.157 E210.33369 ; infill
G1 X103.524 Y109.515 Z6.059 E210.46655 ; infill
G1 X103.524 Y113.806 Z6.037 E210.63185 ; infill
G1 X103.524 Y122.272 Z6.127 E210.95807 ; infill
G1 X103.524 Y127.236 Z6.130 E211.14932 ; infill
G1 X103.524 Y131.279 Z6.084 E211.30513 ; infill
G1 X103.524 Y132.674 Z6.021 E211.35886 ; infill
G1 X103.524 Y134.144 Z5.926 E211.41553 ; infill
G1 X103.065 Y134.395 Z5.928 E211.43568 ; infill
G1 X103.065 Y132.654 Z6.047 E211.50278 ; infill
G1 X103.065 Y131.544 Z6.098 E211.54555 ; infill
G1 X103.065 Y128.201 Z6.158 E211.67434 ; infill
G1 X103.065 Y122.278 Z6.171 E211.90258 ; infill
G1 X103.065 Y113.413 Z6.099 E212.24414 ; infill
G1 X103.065 Y108.508 Z6.144 E212.43315 ; infill
G1 X103.065 Y105.301 Z6.249 E212.55671 ; infill
G1 X103.065 Y98.509 Z6.566 E212.81844 ; infill
G1 X103.065 Y95.289 Z6.691 E212.94250 ; infill
G1 X103.065 Y84.623 Z7.052 E213.35345 ; infill
G1 X103.065 Y78.027 Z7.243 E213.60760 ; infill
G1 X103.065 Y69.576 Z7.457 E213.93323 ; infill
G1 X103.065 Y66.162 Z7.425 E214.06479 ; infill
G1 X103.065 Y63.186 Z7.347 E214.17946 ; infill
G1 X103.065 Y60.188 Z7.217 E214.29499 ; infill
G1 X103.065 Y56.911 Z7.008 E214.42126 ; infill
G1 X103.065 Y53.319 Z6.700 E214.55963 ; infill
G1 X103.065 Y50.968 Z6.453 E214.65025 ; infill
G1 X103.065 Y48.775 Z6.192 E214.73473 ; infill
G1 X103.065 Y46.712 Z5.925 E214.81426 ; infill
G1 X103.065 Y39.327 Z4.904 E215.09886 ; infill
G1 X103.065 Y37.621 Z4.691 E215.16459 ; infill
G1 X103.065 Y34.752 Z4.399 E215.27514 ; infill
G1 X103.065 Y33.327 Z4.295 E215.33005 ; infill
G1 X103.065 Y31.903 Z4.225 E215.38493 ; infill
G1 X103.065 Y30.471 Z4.193 E215.44010 ; infill
G1 X103.065 Y29.018 Z4.204 E215.49609 ; infill
G1 X103.065 Y27.546 Z4.260 E215.55281 ; infill
G1 X103.065 Y26.836 Z4.310 E215.58015 ; infill
G1 X102.607 Y26.774 Z4.310 E215.59799 ; infill
G1 X102.607 Y27.479 Z4.260 E215.62517 ; infill
G1 X102.607 Y28.940 Z4.204 E215.68146 ; infill
G1 X102.607 Y30.384 Z4.194 E215.73708 ; infill
G1 X102.607 Y31.814 Z4.226 E215.79218 ; infill
G1 X102.607 Y33.229 Z4.296 E215.84672 ; infill
G1 X102.607 Y34.645 Z4.400 E215.90128 ; infill
G1 X102.607 Y36.067 Z4.533 E215.95607 ; infill
G1 X102.607 Y37.495 Z4.693 E216.01110 ; infill
G1 X102.607 Y39.196 Z4.906 E216.07666 ; infill
G1 X102.607 Y48.052 Z6.131 E216.41792 ; infill
G1 X102.607 Y50.732 Z6.458 E216.52122 ; infill
G1 X102.607 Y53.051 Z6.705 E216.61058 ; infill
G1 X102.607 Y56.430 Z7.002 E216.74076 ; infill
G1 X102.607 Y59.849 Z7.228 E216.87250 ; infill
G1 X102.607 Y63.316 Z7.379 E217.00609 ; infill
G1 X102.607 Y66.764 Z7.458 E217.13894 ; infill
G1 X102.607 Y69.067 Z7.479 E217.22768 ; infill
G1 X102.607 Y70.500 Z7.458 E217.28289 ; infill
G1 X102.607 Y84.594 Z7.078 E217.82597 ; infill
G1 X102.607 Y96.603 Z6.678 E218.28868 ; infill
G1 X102.607 Y103.750 Z6.368 E218.56407 ; infill
G1 X102.607 Y107.693 Z6.226 E218.71600 ; infill
G1 X102.607 Y110.200 Z6.178 E218.81258 ; infill
G1 X102.607 Y112.985 Z6.158 E218.91991 ; infill
G1 X102.607 Y122.285 Z6.208 E219.27822 ; infill
G1 X102.607 Y129.188 Z6.176 E219.54420 ; infill
G1 X102.607 Y131.774 Z6.109 E219.64387 ; infill
G1 X102.607 Y133.161 Z6.033 E219.69731 ; infill
G1 X102.607 Y134.698 Z5.920 E219.75653 ; infill
G1 X102.148 Y135.026 Z5.907 E219.77825 ; infill
G1 X102.148 Y133.538 Z6.022 E219.83557 ; infill
G1 X102.148 Y131.748 Z6.130 E219.90452 ; infill
G1 X102.148 Y130.201 Z6.189 E219.96413 ; infill
G1 X102.148 Y129.193 Z6.204 E220.00298 ; infill
G1 X102.148 Y122.292 Z6.245 E220.26891 ; infill
G1 X102.148 Y113.514 Z6.212 E220.60710 ; infill
G1 X102.148 Y110.680 Z6.230 E220.71633 ; infill
G1 X102.148 Y108.118 Z6.271 E220.81503 ; infill
G1 X102.148 Y104.529 Z6.385 E220.95332 ; infill
G1 X102.148 Y98.509 Z6.642 E221.18530 ; infill
G1 X102.148 Y95.182 Z6.763 E221.31349 ; infill
G1 X102.148 Y83.830 Z7.127 E221.75087 ; infill
G1 X102.148 Y69.576 Z7.498 E222.30009 ; infill
G1 X102.148 Y66.874 Z7.483 E222.40422 ; infill
G1 X102.148 Y62.821 Z7.388 E222.56038 ; infill
G1 X102.148 Y59.474 Z7.235 E222.68933 ; infill
G1 X102.148 Y56.600 Z7.045 E222.80007 ; infill
G1 X102.148 Y52.798 Z6.711 E222.94656 ; infill
G1 X102.148 Y50.503 Z6.462 E223.03501 ; infill
G1 X102.148 Y48.359 Z6.201 E223.11763 ; infill
G1 X102.148 Y46.335 Z5.933 E223.19565 ; infill
G1 X102.148 Y40.793 Z5.145 E223.40920 ; infill
G1 X102.148 Y37.383 Z4.695 E223.54063 ; infill
G1 X102.148 Y34.544 Z4.401 E223.65001 ; infill
G1 X102.148 Y33.139 Z4.297 E223.70418 ; infill
G1 X102.148 Y31.725 Z4.227 E223.75864 ; infill
G1 X102.148 Y30.304 Z4.194 E223.81339 ; infill
G1 X102.148 Y28.873 Z4.204 E223.86853 ; infill
G1 X102.148 Y27.413 Z4.261 E223.92479 ; infill
G1 X102.148 Y26.712 Z4.309 E223.95181 ; infill
G1 X101.689 Y26.650 Z4.309 E223.96965 ; infill
G1 X101.689 Y27.347 Z4.261 E223.99650 ; infill
G1 X101.689 Y28.806 Z4.205 E224.05272 ; infill
G1 X101.689 Y30.236 Z4.195 E224.10782 ; infill
G1 X101.689 Y31.644 Z4.227 E224.16208 ; infill
G1 X101.689 Y33.048 Z4.298 E224.21617 ; infill
G1 X101.689 Y34.451 Z4.402 E224.27025 ; infill
G1 X101.689 Y37.271 Z4.696 E224.37889 ; infill
G1 X101.689 Y38.947 Z4.910 E224.44350 ; infill
G1 X101.689 Y45.609 Z5.860 E224.70022 ; infill
G1 X101.689 Y48.163 Z6.205 E224.79867 ; infill
G1 X101.689 Y50.288 Z6.467 E224.88055 ; infill
G1 X101.689 Y52.919 Z6.751 E224.98194 ; infill
G1 X101.689 Y56.301 Z7.052 E225.11226 ; infill
G1 X101.689 Y59.161 Z7.244 E225.22246 ; infill
G1 X101.689 Y62.408 Z7.398 E225.34754 ; infill
G1 X101.689 Y66.597 Z7.502 E225.50897 ; infill
G1 X101.689 Y69.576 Z7.519 E225.62375 ; infill
G1 X101.689 Y82.451 Z7.188 E226.11983 ; infill
G1 X101.689 Y92.522 Z6.883 E226.50790 ; infill
G1 X101.689 Y98.509 Z6.677 E226.73855 ; infill
G1 X101.689 Y105.303 Z6.405 E227.00035 ; infill
G1 X101.689 Y108.517 Z6.317 E227.12420 ; infill
G1 X101.689 Y113.971 Z6.259 E227.33433 ; infill
G1 X101.689 Y120.952 Z6.277 E227.60332 ; infill
G1 X101.689 Y124.979 Z6.266 E227.75848 ; infill
G1 X101.689 Y129.199 Z6.226 E227.92108 ; infill
G1 X101.689 Y130.912 Z6.188 E227.98710 ; infill
G1 X101.689 Y132.957 Z6.072 E228.06590 ; infill
G1 X101.689 Y135.400 Z5.888 E228.16001 ; infill
G1 X101.230 Y135.830 Z5.859 E228.18424 ; infill
G1 X101.230 Y132.352 Z6.123 E228.31824 ; infill
G1 X101.230 Y130.291 Z6.231 E228.39765 ; infill
G1 X101.230 Y123.643 Z6.299 E228.65379 ; infill
G1 X101.230 Y114.388 Z6.303 E229.01043 ; infill
G1 X101.230 Y108.522 Z6.363 E229.23644 ; infill
G1 X101.230 Y104.530 Z6.475 E229.39025 ; infill
G1 X101.230 Y98.603 Z6.708 E229.61864 ; infill
G1 X101.230 Y94.836 Z6.835 E229.76376 ; infill
G1 X101.230 Y81.260 Z7.244 E230.28689 ; infill
G1 X101.230 Y69.576 Z7.540 E230.73706 ; infill
G1 X101.230 Y65.912 Z7.513 E230.87827 ; infill
G1 X101.230 Y61.937 Z7.404 E231.03143 ; infill
G1 X101.230 Y58.784 Z7.248 E231.15289 ; infill
G1 X101.230 Y56.016 Z7.058 E231.25955 ; infill
G1 X101.230 Y52.321 Z6.721 E231.40195 ; infill
G1 X101.230 Y50.081 Z6.472 E231.48825 ; infill
G1 X101.230 Y47.979 Z6.210 E231.56926 ; infill
G1 X101.230 Y45.990 Z5.940 E231.64589 ; infill
G1 X101.230 Y39.852 Z5.055 E231.88246 ; infill
G1 X101.230 Y37.164 Z4.698 E231.98604 ; infill
G1 X101.230 Y35.758 Z4.538 E232.04021 ; infill
G1 X101.230 Y34.358 Z4.403 E232.09416 ; infill
G1 X101.230 Y32.965 Z4.298 E232.14783 ; infill
G1 X101.230 Y31.574 Z4.228 E232.20144 ; infill
G1 X101.230 Y30.167 Z4.195 E232.25564 ; infill
G1 X101.230 Y28.739 Z4.205 E232.31069 ; infill
G1 X101.230 Y27.280 Z4.261 E232.36687 ; infill
G1 X101.230 Y26.588 Z4.309 E232.39357 ; infill
G1 X100.771 Y26.525 Z4.309 E232.41141 ; infill
G1 X100.771 Y27.214 Z4.261 E232.43795 ; infill
G1 X100.771 Y28.672 Z4.205 E232.49411 ; infill
G1 X100.771 Y30.099 Z4.196 E232.54911 ; infill
G1 X100.771 Y31.504 Z4.228 E232.60324 ; infill
G1 X100.771 Y32.893 Z4.299 E232.65678 ; infill
G1 X100.771 Y34.275 Z4.404 E232.71000 ; infill
G1 X100.771 Y37.066 Z4.700 E232.81754 ; infill
G1 X100.771 Y38.719 Z4.915 E232.88125 ; infill
G1 X100.771 Y47.799 Z6.214 E233.23118 ; infill
G1 X100.771 Y49.882 Z6.476 E233.31146 ; infill
G1 X100.771 Y52.971 Z6.812 E233.43049 ; infill
G1 X100.771 Y54.481 Z6.957 E233.48869 ; infill
G1 X100.771 Y56.620 Z7.129 E233.57110 ; infill
G1 X100.771 Y59.947 Z7.338 E233.69928 ; infill
G1 X100.771 Y63.288 Z7.474 E233.82803 ; infill
G1 X100.771 Y66.243 Z7.538 E233.94186 ; infill
G1 X100.771 Y69.576 Z7.558 E234.07032 ; infill
G1 X100.771 Y81.351 Z7.260 E234.52401 ; infill
G1 X100.771 Y93.401 Z6.908 E234.98832 ; infill
G1 X100.771 Y98.509 Z6.741 E235.18511 ; infill
G1 X100.771 Y104.531 Z6.516 E235.41717 ; infill
G1 X100.771 Y107.692 Z6.426 E235.53896 ; infill
G1 X100.771 Y113.074 Z6.350 E235.74632 ; infill
G1 X100.771 Y123.656 Z6.323 E236.15405 ; infill
G1 X100.771 Y130.248 Z6.248 E236.40805 ; infill
G1 X100.771 Y131.976 Z6.160 E236.47464 ; infill
G1 X100.771 Y136.294 Z5.824 E236.64104 ; infill
G1 X100.313 Y136.849 Z5.781 E236.66878 ; infill
G1 X100.313 Y131.872 Z6.176 E236.86058 ; infill
G1 X100.313 Y130.186 Z6.265 E236.92554 ; infill
G1 X100.313 Y123.668 Z6.341 E237.17666 ; infill
G1 X100.313 Y113.555 Z6.384 E237.56636 ; infill
G1 X100.313 Y108.080 Z6.456 E237.77730 ; infill
G1 X100.313 Y103.998 Z6.570 E237.93460 ; infill
G1 X100.313 Y93.991 Z6.915 E238.32018 ; infill
G1 X100.313 Y79.218 Z7.336 E238.88937 ; infill
G1 X100.313 Y69.576 Z7.573 E239.26089 ; infill
G1 X100.313 Y66.392 Z7.559 E239.38357 ; infill
G1 X100.313 Y62.853 Z7.482 E239.51996 ; infill
G1 X100.313 Y59.615 Z7.345 E239.64472 ; infill
G1 X100.313 Y56.796 Z7.169 E239.75334 ; infill
G1 X100.313 Y53.733 Z6.913 E239.87136 ; infill
G1 X100.313 Y50.580 Z6.583 E239.99285 ; infill
G1 X100.313 Y47.632 Z6.218 E240.10647 ; infill
G1 X100.313 Y45.676 Z5.948 E240.18182 ; infill
G1 X100.313 Y40.210 Z5.143 E240.39248 ; infill
G1 X100.313 Y36.967 Z4.701 E240.51747 ; infill
G1 X100.313 Y34.200 Z4.405 E240.62408 ; infill
G1 X100.313 Y32.821 Z4.300 E240.67721 ; infill
G1 X100.313 Y31.434 Z4.229 E240.73067 ; infill
G1 X100.313 Y30.031 Z4.196 E240.78474 ; infill
G1 X100.313 Y28.604 Z4.205 E240.83969 ; infill
G1 X100.313 Y27.148 Z4.261 E240.89582 ; infill
G1 X100.313 Y26.463 Z4.309 E240.92220 ; infill
G1 X99.854 Y26.404 Z4.310 E240.94002 ; infill
G1 X99.854 Y27.094 Z4.261 E240.96657 ; infill
G1 X99.854 Y28.537 Z4.206 E241.02220 ; infill
G1 X99.854 Y29.962 Z4.197 E241.07711 ; infill
G1 X99.854 Y31.364 Z4.230 E241.13111 ; infill
G1 X99.854 Y32.749 Z4.301 E241.18449 ; infill
G1 X99.854 Y34.126 Z4.406 E241.23753 ; infill
G1 X99.854 Y36.678 Z4.679 E241.33588 ; infill
G1 X99.854 Y38.514 Z4.919 E241.40664 ; infill
G1 X99.854 Y45.530 Z5.951 E241.67701 ; infill
G1 X99.854 Y49.513 Z6.486 E241.83052 ; infill
G1 X99.854 Y51.687 Z6.736 E241.91428 ; infill
G1 X99.854 Y54.015 Z6.968 E242.00399 ; infill
G1 X99.854 Y56.817 Z7.195 E242.11198 ; infill
G1 X99.854 Y60.221 Z7.397 E242.24313 ; infill
G1 X99.854 Y63.125 Z7.510 E242.35502 ; infill
G1 X99.854 Y66.453 Z7.580 E242.48324 ; infill
G1 X99.854 Y69.576 Z7.589 E242.60359 ; infill
G1 X99.854 Y81.046 Z7.306 E243.04553 ; infill
G1 X99.854 Y91.697 Z7.007 E243.45592 ; infill
G1 X99.854 Y98.509 Z6.799 E243.71839 ; infill
G1 X99.854 Y104.535 Z6.587 E243.95058 ; infill
G1 X99.854 Y108.468 Z6.487 E244.10214 ; infill
G1 X99.854 Y113.972 Z6.412 E244.31423 ; infill
G1 X99.854 Y123.681 Z6.360 E244.68831 ; infill
G1 X99.854 Y130.186 Z6.271 E244.93894 ; infill
G1 X99.854 Y132.119 Z6.161 E245.01345 ; infill
G1 X99.854 Y137.507 Z5.727 E245.22104 ; infill
G1 X99.580 Y137.932 Z5.695 E245.24053 ; infill
G1 X99.395 Y138.286 Z5.667 E245.25590 ; infill
G1 X99.395 Y132.276 Z6.147 E245.48744 ; infill
G1 X99.395 Y130.186 Z6.277 E245.56801 ; infill
G1 X99.395 Y123.695 Z6.370 E245.81810 ; infill
G1 X99.395 Y113.501 Z6.445 E246.21087 ; infill
G1 X99.395 Y107.917 Z6.530 E246.42602 ; infill
G1 X99.395 Y105.137 Z6.603 E246.53315 ; infill
G1 X99.395 Y93.034 Z6.990 E246.99948 ; infill
G1 X99.395 Y77.062 Z7.423 E247.61491 ; infill
G1 X99.395 Y69.576 Z7.604 E247.90335 ; infill
G1 X99.395 Y65.860 Z7.590 E248.04654 ; infill
G1 X99.395 Y62.075 Z7.497 E248.19238 ; infill
G1 X99.395 Y59.222 Z7.369 E248.30231 ; infill
G1 X99.395 Y56.281 Z7.181 E248.41563 ; infill
G1 X99.395 Y53.796 Z6.973 E248.51138 ; infill
G1 X99.395 Y51.497 Z6.741 E248.59999 ; infill
G1 X99.395 Y49.344 Z6.490 E248.68294 ; infill
G1 X99.395 Y47.315 Z6.226 E248.76111 ; infill
G1 X99.395 Y45.390 Z5.955 E248.83531 ; infill
G1 X99.395 Y40.081 Z5.160 E249.03992 ; infill
G1 X99.395 Y36.801 Z4.705 E249.16634 ; infill
G1 X99.395 Y35.423 Z4.543 E249.21941 ; infill
G1 X99.395 Y34.051 Z4.407 E249.27229 ; infill
G1 X99.395 Y32.677 Z4.302 E249.32523 ; infill
G1 X99.395 Y31.294 Z4.230 E249.37854 ; infill
G1 X99.395 Y29.894 Z4.197 E249.43248 ; infill
G1 X99.395 Y28.486 Z4.206 E249.48672 ; infill
G1 X99.395 Y27.049 Z4.261 E249.54208 ; infill
G1 X99.395 Y26.363 Z4.310 E249.56851 ; infill
G1 X98.936 Y26.322 Z4.309 E249.58626 ; infill
G1 X98.936 Y27.005 Z4.261 E249.61257 ; infill
G1 X98.936 Y28.441 Z4.206 E249.66789 ; infill
G1 X98.936 Y29.846 Z4.197 E249.72203 ; infill
G1 X98.936 Y31.228 Z4.231 E249.77527 ; infill
G1 X98.936 Y32.605 Z4.303 E249.82835 ; infill
G1 X98.936 Y33.977 Z4.409 E249.88120 ; infill
G1 X98.936 Y35.930 Z4.613 E249.95648 ; infill
G1 X98.936 Y38.339 Z4.923 E250.04930 ; infill
G1 X98.936 Y45.257 Z5.958 E250.31592 ; infill
G1 X98.936 Y49.180 Z6.494 E250.46709 ; infill
G1 X98.936 Y51.313 Z6.746 E250.54929 ; infill
G1 X98.936 Y53.591 Z6.979 E250.63707 ; infill
G1 X98.936 Y57.094 Z7.262 E250.77204 ; infill
G1 X98.936 Y60.174 Z7.439 E250.89074 ; infill
G1 X98.936 Y63.413 Z7.559 E251.01553 ; infill
G1 X98.936 Y66.262 Z7.610 E251.12532 ; infill
G1 X98.936 Y69.576 Z7.620 E251.25301 ; infill
G1 X98.936 Y75.985 Z7.466 E251.49996 ; infill
G1 X98.936 Y88.263 Z7.145 E251.97303 ; infill
G1 X98.936 Y97.776 Z6.870 E252.33957 ; infill
G1 X98.936 Y103.958 Z6.668 E252.57777 ; infill
G1 X98.936 Y109.127 Z6.536 E252.77696 ; infill
G1 X98.936 Y113.891 Z6.467 E252.96050 ; infill
G1 X98.936 Y123.709 Z6.379 E253.33879 ; infill
G1 X98.936 Y130.186 Z6.284 E253.58835 ; infill
G1 X98.936 Y132.371 Z6.132 E253.67256 ; infill
G1 X98.936 Y139.257 Z5.589 E253.93790 ; infill
G1 X98.669 Y139.905 Z5.539 E253.96492 ; infill
G1 X98.477 Y140.483 Z5.496 E253.98837 ; infill
G1 X98.477 Y130.186 Z6.289 E254.38516 ; infill
G1 X98.477 Y123.723 Z6.386 E254.63416 ; infill
G1 X98.477 Y113.286 Z6.496 E255.03633 ; infill
G1 X98.477 Y109.451 Z6.560 E255.18408 ; infill
G1 X98.477 Y104.878 Z6.669 E255.36029 ; infill
G1 X98.477 Y91.217 Z7.081 E255.88667 ; infill
G1 X98.477 Y77.032 Z7.454 E256.43322 ; infill
G1 X98.477 Y69.576 Z7.635 E256.72050 ; infill
G1 X98.477 Y66.342 Z7.627 E256.84513 ; infill
G1 X98.477 Y63.032 Z7.566 E256.97266 ; infill
G1 X98.477 Y59.882 Z7.446 E257.09404 ; infill
G1 X98.477 Y57.109 Z7.286 E257.20088 ; infill
G1 X98.477 Y53.395 Z6.984 E257.34397 ; infill
G1 X98.477 Y50.728 Z6.702 E257.44675 ; infill
G1 X98.477 Y47.028 Z6.234 E257.58934 ; infill
G1 X98.477 Y39.252 Z5.069 E257.88904 ; infill
G1 X98.477 Y36.640 Z4.708 E257.98969 ; infill
G1 X98.477 Y33.979 Z4.417 E258.09222 ; infill
G1 X98.477 Y32.543 Z4.304 E258.14758 ; infill
G1 X98.477 Y31.179 Z4.232 E258.20011 ; infill
G1 X98.477 Y29.799 Z4.198 E258.25328 ; infill
G1 X98.477 Y28.396 Z4.206 E258.30736 ; infill
G1 X98.477 Y26.961 Z4.262 E258.36264 ; infill
G1 X98.477 Y26.281 Z4.309 E258.38883 ; infill
G1 X98.019 Y26.240 Z4.309 E258.40658 ; infill
G1 X98.019 Y26.917 Z4.262 E258.43265 ; infill
G1 X98.019 Y28.350 Z4.207 E258.48790 ; infill
G1 X98.019 Y29.753 Z4.198 E258.54192 ; infill
G1 X98.019 Y31.131 Z4.232 E258.59502 ; infill
G1 X98.019 Y32.492 Z4.304 E258.64747 ; infill
G1 X98.019 Y33.843 Z4.411 E258.69955 ; infill
G1 X98.019 Y36.560 Z4.710 E258.80421 ; infill
G1 X98.019 Y38.170 Z4.927 E258.86629 ; infill
G1 X98.019 Y45.009 Z5.965 E259.12987 ; infill
G1 X98.019 Y48.877 Z6.503 E259.27890 ; infill
G1 X98.019 Y50.975 Z6.755 E259.35976 ; infill
G1 X98.019 Y53.208 Z6.989 E259.44583 ; infill
G1 X98.019 Y56.879 Z7.291 E259.58726 ; infill
G1 X98.019 Y59.606 Z7.453 E259.69234 ; infill
G1 X98.019 Y62.677 Z7.574 E259.81068 ; infill
G1 X98.019 Y66.492 Z7.645 E259.95768 ; infill
G1 X98.019 Y69.576 Z7.646 E260.07650 ; infill
G1 X98.019 Y77.018 Z7.466 E260.36323 ; infill
G1 X98.019 Y90.906 Z7.105 E260.89836 ; infill
G1 X98.019 Y105.094 Z6.690 E261.44505 ; infill
G1 X98.019 Y108.851 Z6.597 E261.58982 ; infill
G1 X98.019 Y114.509 Z6.502 E261.80780 ; infill
G1 X98.019 Y123.738 Z6.391 E262.16342 ; infill
G1 X98.019 Y130.186 Z6.289 E262.41185 ; infill
G1 X98.019 Y142.386 Z5.350 E262.88196 ; infill
G1 X97.944 Y142.783 Z5.319 E262.89752 ; infill
G1 X97.654 Y145.018 Z5.147 E262.98435 ; infill
G1 X97.560 Y146.104 Z5.064 E263.02635 ; infill
G1 X97.560 Y130.186 Z6.289 E263.63971 ; infill
G1 X97.560 Y109.157 Z6.615 E264.44995 ; infill
G1 X97.560 Y88.302 Z7.191 E265.25353 ; infill
G1 X97.560 Y72.769 Z7.583 E265.85204 ; infill
G1 X97.560 Y69.281 Z7.661 E265.98644 ; infill
G1 X97.560 Y66.266 Z7.657 E266.10260 ; infill
G1 X97.560 Y62.348 Z7.581 E266.25355 ; infill
G1 X97.560 Y59.347 Z7.459 E266.36921 ; infill
G1 X97.560 Y56.661 Z7.297 E266.47269 ; infill
G1 X97.560 Y53.031 Z6.994 E266.61258 ; infill
G1 X97.560 Y50.815 Z6.760 E266.69794 ; infill
G1 X97.560 Y48.734 Z6.507 E266.77815 ; infill
G1 X97.560 Y46.767 Z6.242 E266.85396 ; infill
G1 X97.560 Y39.719 Z5.169 E267.12557 ; infill
G1 X97.560 Y36.486 Z4.711 E267.25016 ; infill
G1 X97.560 Y35.136 Z4.548 E267.30220 ; infill
G1 X97.560 Y33.790 Z4.412 E267.35407 ; infill
G1 X97.560 Y32.441 Z4.305 E267.40604 ; infill
G1 X97.560 Y31.082 Z4.233 E267.45840 ; infill
G1 X97.560 Y29.706 Z4.199 E267.51143 ; infill
G1 X97.560 Y28.305 Z4.207 E267.56541 ; infill
G1 X97.560 Y26.872 Z4.262 E267.62061 ; infill
G1 X97.560 Y26.199 Z4.309 E267.64656 ; infill
G1 X97.101 Y26.158 Z4.309 E267.66431 ; infill
G1 X97.101 Y26.828 Z4.262 E267.69013 ; infill
G1 X97.101 Y28.260 Z4.207 E267.74530 ; infill
G1 X97.101 Y29.659 Z4.199 E267.79922 ; infill
G1 X97.101 Y31.034 Z4.233 E267.85218 ; infill
G1 X97.101 Y32.390 Z4.306 E267.90446 ; infill
G1 X97.101 Y33.737 Z4.413 E267.95633 ; infill
G1 X97.101 Y36.069 Z4.669 E268.04620 ; infill
G1 X97.101 Y38.013 Z4.930 E268.12112 ; infill
G1 X97.101 Y44.792 Z5.972 E268.38239 ; infill
G1 X97.101 Y48.601 Z6.511 E268.52919 ; infill
G1 X97.101 Y50.668 Z6.765 E268.60882 ; infill
G1 X97.101 Y52.864 Z6.999 E268.69346 ; infill
G1 X97.101 Y55.213 Z7.209 E268.78396 ; infill
G1 X97.101 Y57.749 Z7.389 E268.88166 ; infill
G1 X97.101 Y61.238 Z7.559 E269.01613 ; infill
G1 X97.101 Y64.263 Z7.643 E269.13266 ; infill
G1 X97.101 Y67.820 Z7.677 E269.26973 ; infill
G1 X97.101 Y70.327 Z7.652 E269.36633 ; infill
G1 X97.101 Y79.090 Z7.440 E269.70399 ; infill
G1 X97.101 Y109.463 Z6.633 E270.87428 ; infill
G1 X97.101 Y130.186 Z6.289 E271.67275 ; infill
G1 X97.101 Y154.099 Z4.449 E272.59417 ; infill
G1 X96.642 Y154.099 Z4.449 E272.61184 ; infill
G1 X96.642 Y130.186 Z6.289 E273.53326 ; infill
G1 X96.642 Y108.831 Z6.667 E274.35607 ; infill
G1 X96.642 Y79.074 Z7.450 E275.50264 ; infill
G1 X96.642 Y69.576 Z7.678 E275.86861 ; infill
G1 X96.642 Y67.205 Z7.688 E275.95997 ; infill
G1 X96.642 Y63.345 Z7.639 E276.10869 ; infill
G1 X96.642 Y60.273 Z7.538 E276.22706 ; infill
G1 X96.642 Y58.715 Z7.462 E276.28709 ; infill
G1 X96.642 Y56.260 Z7.308 E276.38170 ; infill
G1 X96.642 Y52.704 Z7.004 E276.51871 ; infill
G1 X96.642 Y50.525 Z6.769 E276.60268 ; infill
G1 X96.642 Y48.471 Z6.516 E276.68182 ; infill
G1 X96.642 Y46.536 Z6.249 E276.75639 ; infill
G1 X96.642 Y39.286 Z5.132 E277.03582 ; infill
G1 X96.642 Y36.367 Z4.714 E277.14831 ; infill
G1 X96.642 Y34.250 Z4.471 E277.22990 ; infill
G1 X96.642 Y32.340 Z4.307 E277.30351 ; infill
G1 X96.642 Y30.985 Z4.234 E277.35570 ; infill
G1 X96.642 Y29.613 Z4.200 E277.40859 ; infill
G1 X96.642 Y28.215 Z4.208 E277.46245 ; infill
G1 X96.642 Y26.791 Z4.262 E277.51731 ; infill
G1 X96.642 Y26.118 Z4.310 E277.54325 ; infill
G1 X96.183 Y26.095 Z4.310 E277.56095 ; infill
G1 X96.183 Y26.766 Z4.262 E277.58679 ; infill
G1 X96.183 Y28.185 Z4.208 E277.64147 ; infill
G1 X96.183 Y29.572 Z4.200 E277.69490 ; infill
G1 X96.183 Y30.937 Z4.235 E277.74751 ; infill
G1 X96.183 Y32.289 Z4.308 E277.79961 ; infill
G1 X96.183 Y33.939 Z4.446 E277.86318 ; infill
G1 X96.183 Y36.308 Z4.716 E277.95447 ; infill
G1 X96.183 Y37.886 Z4.934 E278.01528 ; infill
G1 X96.183 Y44.585 Z5.979 E278.27348 ; infill
G1 X96.183 Y48.357 Z6.520 E278.41885 ; infill
G1 X96.183 Y50.389 Z6.774 E278.49716 ; infill
G1 X96.183 Y52.508 Z7.004 E278.57880 ; infill
G1 X96.183 Y54.861 Z7.220 E278.66946 ; infill
G1 X96.183 Y57.340 Z7.400 E278.76498 ; infill
G1 X96.183 Y60.346 Z7.557 E278.88081 ; infill
G1 X96.183 Y63.039 Z7.647 E278.98458 ; infill
G1 X96.183 Y66.886 Z7.698 E279.13281 ; infill
G1 X96.183 Y69.576 Z7.689 E279.23647 ; infill
G1 X96.183 Y73.806 Z7.588 E279.39943 ; infill
G1 X96.183 Y88.223 Z7.231 E279.95496 ; infill
G1 X96.183 Y109.121 Z6.678 E280.76017 ; infill
G1 X96.183 Y130.186 Z6.289 E281.57182 ; infill
G1 X96.183 Y154.099 Z4.449 E282.49324 ; infill
G1 X95.725 Y154.099 Z4.449 E282.51092 ; infill
G1 X95.725 Y130.186 Z6.289 E283.43234 ; infill
G1 X95.725 Y110.355 Z6.669 E284.19643 ; infill
G1 X95.725 Y72.972 Z7.618 E285.63685 ; infill
G1 X95.725 Y69.562 Z7.699 E285.76823 ; infill
G1 X95.725 Y66.878 Z7.707 E285.87163 ; infill
G1 X95.725 Y62.755 Z7.653 E286.03052 ; infill
G1 X95.725 Y59.814 Z7.551 E286.14384 ; infill
G1 X95.725 Y58.328 Z7.476 E286.20108 ; infill
G1 X95.725 Y55.903 Z7.319 E286.29451 ; infill
G1 X95.725 Y52.410 Z7.014 E286.42913 ; infill
G1 X95.725 Y50.266 Z6.778 E286.51173 ; infill
G1 X95.725 Y48.243 Z6.524 E286.58970 ; infill
G1 X95.725 Y46.319 Z6.256 E286.66385 ; infill
G1 X95.725 Y39.421 Z5.178 E286.92971 ; infill
G1 X95.725 Y36.248 Z4.717 E287.05197 ; infill
G1 X95.725 Y33.627 Z4.421 E287.15298 ; infill
G1 X95.725 Y32.244 Z4.308 E287.20630 ; infill
G1 X95.725 Y30.903 Z4.235 E287.25797 ; infill
G1 X95.725 Y29.543 Z4.200 E287.31035 ; infill
G1 X95.725 Y28.158 Z4.208 E287.36371 ; infill
G1 X95.725 Y26.740 Z4.262 E287.41835 ; infill
G1 X95.725 Y26.072 Z4.310 E287.44410 ; infill
G1 X95.266 Y26.049 Z4.309 E287.46180 ; infill
G1 X95.266 Y26.715 Z4.262 E287.48744 ; infill
G1 X95.266 Y28.131 Z4.208 E287.54203 ; infill
G1 X95.266 Y29.515 Z4.201 E287.59534 ; infill
G1 X95.266 Y30.872 Z4.236 E287.64764 ; infill
G1 X95.266 Y32.211 Z4.309 E287.69922 ; infill
G1 X95.266 Y33.538 Z4.417 E287.75036 ; infill
G1 X95.266 Y34.861 Z4.555 E287.80133 ; infill
G1 X95.266 Y37.758 Z4.938 E287.91299 ; infill
G1 X95.266 Y44.404 Z5.985 E288.16912 ; infill
G1 X95.266 Y48.128 Z6.528 E288.31267 ; infill
G1 X95.266 Y50.146 Z6.782 E288.39043 ; infill
G1 X95.266 Y52.276 Z7.018 E288.47251 ; infill
G1 X95.266 Y54.546 Z7.230 E288.55996 ; infill
G1 X95.266 Y58.264 Z7.489 E288.70324 ; infill
G1 X95.266 Y61.009 Z7.614 E288.80900 ; infill
G1 X95.266 Y64.080 Z7.694 E288.92734 ; infill
G1 X95.266 Y67.294 Z7.718 E289.05117 ; infill
G1 X95.266 Y69.521 Z7.706 E289.13695 ; infill
G1 X95.266 Y75.889 Z7.555 E289.38234 ; infill
G1 X95.266 Y108.749 Z6.722 E290.64847 ; infill
G1 X95.266 Y130.186 Z6.289 E291.47445 ; infill
G1 X95.266 Y154.099 Z4.449 E292.39587 ; infill
G1 X94.807 Y154.099 Z4.449 E292.41354 ; infill
G1 X94.807 Y130.186 Z6.289 E293.33496 ; infill
G1 X94.807 Y109.979 Z6.706 E294.11354 ; infill
G1 X94.807 Y72.732 Z7.637 E295.54870 ; infill
G1 X94.807 Y69.479 Z7.714 E295.67406 ; infill
G1 X94.807 Y67.303 Z7.728 E295.75790 ; infill
G1 X94.807 Y63.797 Z7.701 E295.89298 ; infill
G1 X94.807 Y61.808 Z7.653 E295.96964 ; infill
G1 X94.807 Y59.411 Z7.563 E296.06197 ; infill
G1 X94.807 Y56.813 Z7.417 E296.16208 ; infill
G1 X94.807 Y53.259 Z7.132 E296.29903 ; infill
G1 X94.807 Y50.026 Z6.787 E296.42360 ; infill
G1 X94.807 Y48.024 Z6.532 E296.50074 ; infill
G1 X94.807 Y44.320 Z5.989 E296.64351 ; infill
G1 X94.807 Y39.284 Z5.182 E296.83761 ; infill
G1 X94.807 Y36.145 Z4.720 E296.95861 ; infill
G1 X94.807 Y34.822 Z4.556 E297.00957 ; infill
G1 X94.807 Y33.502 Z4.418 E297.06042 ; infill
G1 X94.807 Y32.178 Z4.310 E297.11146 ; infill
G1 X94.807 Y30.842 Z4.236 E297.16294 ; infill
G1 X94.807 Y29.486 Z4.201 E297.21517 ; infill
G1 X94.807 Y28.105 Z4.208 E297.26841 ; infill
G1 X94.807 Y26.689 Z4.263 E297.32296 ; infill
G1 X94.807 Y26.026 Z4.309 E297.34850 ; infill
G1 X94.348 Y26.003 Z4.309 E297.36620 ; infill
G1 X94.348 Y26.663 Z4.263 E297.39165 ; infill
G1 X94.348 Y28.078 Z4.209 E297.44615 ; infill
G1 X94.348 Y29.458 Z4.202 E297.49933 ; infill
G1 X94.348 Y30.811 Z4.237 E297.55148 ; infill
G1 X94.348 Y32.145 Z4.311 E297.60287 ; infill
G1 X94.348 Y33.467 Z4.419 E297.65380 ; infill
G1 X94.348 Y35.648 Z4.664 E297.73786 ; infill
G1 X94.348 Y37.654 Z4.941 E297.81515 ; infill
G1 X94.348 Y44.236 Z5.992 E298.06886 ; infill
G1 X94.348 Y47.930 Z6.535 E298.21120 ; infill
G1 X94.348 Y49.918 Z6.791 E298.28781 ; infill
G1 X94.348 Y52.025 Z7.028 E298.36902 ; infill
G1 X94.348 Y54.270 Z7.240 E298.45550 ; infill
G1 X94.348 Y57.919 Z7.500 E298.59614 ; infill
G1 X94.348 Y60.596 Z7.626 E298.69927 ; infill
G1 X94.348 Y63.538 Z7.708 E298.81263 ; infill
G1 X94.348 Y67.021 Z7.737 E298.94682 ; infill
G1 X94.348 Y70.421 Z7.700 E299.07783 ; infill
G1 X94.348 Y109.299 Z6.734 E300.57585 ; infill
G1 X94.348 Y130.186 Z6.289 E301.38063 ; infill
G1 X94.348 Y154.099 Z4.449 E302.30205 ; infill
G1 X93.889 Y154.099 Z4.449 E302.31973 ; infill
G1 X93.889 Y130.186 Z6.289 E303.24115 ; infill
G1 X93.889 Y110.542 Z6.718 E303.99805 ; infill
G1 X93.889 Y70.528 Z7.704 E305.53981 ; infill
G1 X93.889 Y68.961 Z7.733 E305.60018 ; infill
G1 X93.889 Y66.638 Z7.745 E305.68972 ; infill
G1 X93.889 Y63.301 Z7.714 E305.81828 ; infill
G1 X93.889 Y61.198 Z7.659 E305.89931 ; infill
G1 X93.889 Y59.061 Z7.574 E305.98168 ; infill
G1 X93.889 Y56.516 Z7.427 E306.07973 ; infill
G1 X93.889 Y53.004 Z7.142 E306.21505 ; infill
G1 X93.889 Y49.817 Z6.795 E306.33785 ; infill
G1 X93.889 Y47.835 Z6.539 E306.41424 ; infill
G1 X93.889 Y45.951 Z6.270 E306.48685 ; infill
G1 X93.889 Y38.598 Z5.095 E306.77024 ; infill
G1 X93.889 Y36.061 Z4.723 E306.86804 ; infill
G1 X93.889 Y33.967 Z4.476 E306.94872 ; infill
G1 X93.889 Y32.112 Z4.311 E307.02017 ; infill
G1 X93.889 Y30.781 Z4.237 E307.07148 ; infill
G1 X93.889 Y29.430 Z4.202 E307.12355 ; infill
G1 X93.889 Y28.051 Z4.209 E307.17666 ; infill
G1 X93.889 Y26.638 Z4.263 E307.23112 ; infill
G1 X93.889 Y25.980 Z4.309 E307.25647 ; infill
G1 X93.431 Y25.957 Z4.309 E307.27417 ; infill
G1 X93.431 Y26.620 Z4.263 E307.29972 ; infill
G1 X93.431 Y28.024 Z4.209 E307.35383 ; infill
G1 X93.431 Y29.401 Z4.202 E307.40688 ; infill
G1 X93.431 Y30.751 Z4.238 E307.45887 ; infill
G1 X93.431 Y32.080 Z4.312 E307.51008 ; infill
G1 X93.431 Y33.695 Z4.452 E307.57232 ; infill
G1 X93.431 Y36.018 Z4.725 E307.66186 ; infill
G1 X93.431 Y37.561 Z4.945 E307.72132 ; infill
G1 X93.431 Y44.088 Z5.998 E307.97290 ; infill
G1 X93.431 Y47.740 Z6.543 E308.11363 ; infill
G1 X93.431 Y49.717 Z6.799 E308.18980 ; infill
G1 X93.431 Y51.805 Z7.037 E308.27026 ; infill
G1 X93.431 Y54.017 Z7.250 E308.35552 ; infill
G1 X93.431 Y57.621 Z7.511 E308.49439 ; infill
G1 X93.431 Y60.239 Z7.638 E308.59524 ; infill
G1 X93.431 Y63.086 Z7.721 E308.70497 ; infill
G1 X93.431 Y66.306 Z7.752 E308.82902 ; infill
G1 X93.431 Y70.015 Z7.721 E308.97193 ; infill
G1 X93.431 Y107.900 Z6.789 E310.43169 ; infill
G1 X93.431 Y130.186 Z6.289 E311.29038 ; infill
G1 X93.431 Y154.099 Z4.449 E312.21180 ; infill
G1 X92.972 Y154.099 Z4.449 E312.22947 ; infill
G1 X92.972 Y130.186 Z6.289 E313.15089 ; infill
G1 X92.972 Y109.134 Z6.768 E313.96205 ; infill
G1 X92.972 Y69.570 Z7.736 E315.48646 ; infill
G1 X92.972 Y66.016 Z7.759 E315.62340 ; infill
G1 X92.972 Y62.891 Z7.727 E315.74384 ; infill
G1 X92.972 Y61.455 Z7.691 E315.79914 ; infill
G1 X92.972 Y58.761 Z7.585 E315.90296 ; infill
G1 X92.972 Y55.059 Z7.350 E316.04559 ; infill
G1 X92.972 Y51.698 Z7.041 E316.17510 ; infill
G1 X92.972 Y49.621 Z6.803 E316.25515 ; infill
G1 X92.972 Y47.661 Z6.547 E316.33068 ; infill
G1 X92.972 Y45.799 Z6.277 E316.40244 ; infill
G1 X92.972 Y39.077 Z5.190 E316.66154 ; infill
G1 X92.972 Y35.976 Z4.726 E316.78103 ; infill
G1 X92.972 Y34.668 Z4.561 E316.83146 ; infill
G1 X92.972 Y33.423 Z4.428 E316.87943 ; infill
G1 X92.972 Y32.047 Z4.313 E316.93245 ; infill
G1 X92.972 Y30.702 Z4.238 E316.98425 ; infill
G1 X92.972 Y29.273 Z4.203 E317.03932 ; infill
G1 X92.972 Y27.993 Z4.210 E317.08866 ; infill
G1 X92.972 Y26.775 Z4.256 E317.13558 ; infill
G1 X92.972 Y25.948 Z4.309 E317.16745 ; infill
G1 X92.513 Y25.940 Z4.309 E317.18513 ; infill
G1 X92.513 Y27.959 Z4.211 E317.26293 ; infill
G1 X92.513 Y29.521 Z4.206 E317.32309 ; infill
G1 X92.513 Y30.596 Z4.235 E317.36452 ; infill
G1 X92.513 Y32.066 Z4.316 E317.42115 ; infill
G1 X92.513 Y33.463 Z4.436 E317.47500 ; infill
G1 X92.513 Y35.871 Z4.719 E317.56778 ; infill
G1 X92.513 Y37.469 Z4.948 E317.62934 ; infill
G1 X92.513 Y43.955 Z6.004 E317.87937 ; infill
G1 X92.513 Y47.583 Z6.550 E318.01920 ; infill
G1 X92.513 Y49.538 Z6.807 E318.09451 ; infill
G1 X92.513 Y51.603 Z7.045 E318.17408 ; infill
G1 X92.513 Y53.793 Z7.259 E318.25848 ; infill
G1 X92.513 Y57.357 Z7.521 E318.39583 ; infill
G1 X92.513 Y59.937 Z7.649 E318.49521 ; infill
G1 X92.513 Y62.712 Z7.733 E318.60215 ; infill
G1 X92.513 Y65.764 Z7.766 E318.71974 ; infill
G1 X92.513 Y69.531 Z7.740 E318.86488 ; infill
G1 X92.513 Y110.382 Z6.745 E320.43891 ; infill
G1 X92.513 Y130.186 Z6.289 E321.20198 ; infill
G1 X92.513 Y154.099 Z4.449 E322.12340 ; infill
G1 X92.054 Y154.099 Z4.449 E322.14108 ; infill
G1 X92.054 Y130.186 Z6.289 E323.06249 ; infill
G1 X92.054 Y69.498 Z7.743 E325.40084 ; infill
G1 X92.054 Y65.544 Z7.773 E325.55320 ; infill
G1 X92.054 Y62.554 Z7.739 E325.66843 ; infill
G1 X92.054 Y60.990 Z7.697 E325.72866 ; infill
G1 X92.054 Y58.499 Z7.596 E325.82467 ; infill
G1 X92.054 Y54.839 Z7.360 E325.96570 ; infill
G1 X92.054 Y51.513 Z7.050 E326.09382 ; infill
G1 X92.054 Y49.454 Z6.811 E326.17317 ; infill
G1 X92.054 Y47.506 Z6.554 E326.24826 ; infill
G1 X92.054 Y45.655 Z6.284 E326.31960 ; infill
G1 X92.054 Y38.951 Z5.189 E326.57799 ; infill
G1 X92.054 Y36.050 Z4.749 E326.68979 ; infill
G1 X92.054 Y34.562 Z4.557 E326.74716 ; infill
G1 X92.054 Y32.086 Z4.320 E326.84254 ; infill
G1 X92.054 Y30.490 Z4.232 E326.90406 ; infill
G1 X92.054 Y28.812 Z4.207 E326.96871 ; infill
G1 X92.054 Y27.926 Z4.211 E327.00282 ; infill
G1 X92.054 Y25.933 Z4.308 E327.07964 ; infill
G1 X91.595 Y25.926 Z4.307 E327.09732 ; infill
G1 X91.595 Y27.893 Z4.212 E327.17312 ; infill
G1 X91.595 Y29.700 Z4.211 E327.24275 ; infill
G1 X91.595 Y31.425 Z4.285 E327.30920 ; infill
G1 X91.595 Y32.834 Z4.384 E327.36350 ; infill
G1 X91.595 Y34.504 Z4.554 E327.42784 ; infill
G1 X91.595 Y36.134 Z4.766 E327.49065 ; infill
G1 X91.595 Y38.867 Z5.183 E327.59600 ; infill
G1 X91.595 Y45.613 Z6.290 E327.85603 ; infill
G1 X91.595 Y47.499 Z6.567 E327.92871 ; infill
G1 X91.595 Y49.371 Z6.815 E328.00084 ; infill
G1 X91.595 Y51.424 Z7.054 E328.07997 ; infill
G1 X91.595 Y54.741 Z7.365 E328.20777 ; infill
G1 X91.595 Y58.381 Z7.601 E328.34803 ; infill
G1 X91.595 Y61.019 Z7.708 E328.44968 ; infill
G1 X91.595 Y62.408 Z7.744 E328.50318 ; infill
G1 X91.595 Y65.354 Z7.779 E328.61669 ; infill
G1 X91.595 Y69.516 Z7.745 E328.77705 ; infill
G1 X91.595 Y130.186 Z6.289 E331.11473 ; infill
G1 X91.595 Y154.099 Z4.449 E332.03615 ; infill
G1 X91.137 Y154.099 Z4.449 E332.05383 ; infill
G1 X91.137 Y130.186 Z6.289 E332.97525 ; infill
G1 X91.137 Y69.533 Z7.746 E335.31226 ; infill
G1 X91.137 Y65.191 Z7.785 E335.47955 ; infill
G1 X91.137 Y62.276 Z7.750 E335.59187 ; infill
G1 X91.137 Y60.899 Z7.714 E335.64496 ; infill
G1 X91.137 Y58.275 Z7.606 E335.74604 ; infill
G1 X91.137 Y54.637 Z7.369 E335.88623 ; infill
G1 X91.137 Y51.312 Z7.054 E336.01434 ; infill
G1 X91.137 Y49.037 Z6.784 E336.10202 ; infill
G1 X91.137 Y45.595 Z6.299 E336.23467 ; infill
G1 X91.137 Y38.783 Z5.177 E336.49723 ; infill
G1 X91.137 Y36.217 Z4.783 E336.59612 ; infill
G1 X91.137 Y34.446 Z4.551 E336.66438 ; infill
G1 X91.137 Y32.126 Z4.327 E336.75375 ; infill
G1 X91.137 Y29.790 Z4.214 E336.84377 ; infill
G1 X91.137 Y27.860 Z4.213 E336.91814 ; infill
G1 X91.137 Y25.919 Z4.309 E336.99294 ; infill
G1 X90.678 Y25.912 Z4.311 E337.01062 ; infill
G1 X90.678 Y27.827 Z4.214 E337.08441 ; infill
G1 X90.678 Y29.880 Z4.216 E337.16351 ; infill
G1 X90.678 Y32.456 Z4.356 E337.26278 ; infill
G1 X90.678 Y34.388 Z4.548 E337.33722 ; infill
G1 X90.678 Y36.300 Z4.800 E337.41092 ; infill
G1 X90.678 Y38.699 Z5.171 E337.50336 ; infill
G1 X90.678 Y45.576 Z6.308 E337.76844 ; infill
G1 X90.678 Y48.686 Z6.751 E337.88830 ; infill
G1 X90.678 Y51.184 Z7.052 E337.98455 ; infill
G1 X90.678 Y54.407 Z7.361 E338.10875 ; infill
G1 X90.678 Y55.767 Z7.465 E338.16113 ; infill
G1 X90.678 Y58.032 Z7.603 E338.24844 ; infill
G1 X90.678 Y60.791 Z7.719 E338.35471 ; infill
G1 X90.678 Y63.583 Z7.780 E338.46231 ; infill
G1 X90.678 Y65.052 Z7.791 E338.51892 ; infill
G1 X90.678 Y68.182 Z7.771 E338.63951 ; infill
G1 X90.678 Y69.924 Z7.738 E338.70664 ; infill
G1 X90.678 Y130.186 Z6.289 E341.02858 ; infill
G1 X90.678 Y154.099 Z4.449 E341.95000 ; infill
G1 X90.219 Y154.099 Z4.449 E341.96768 ; infill
G1 X90.219 Y130.186 Z6.289 E342.88910 ; infill
G1 X90.219 Y69.689 Z7.745 E345.22009 ; infill
G1 X90.219 Y68.017 Z7.778 E345.28454 ; infill
G1 X90.219 Y65.034 Z7.797 E345.39946 ; infill
G1 X90.219 Y63.286 Z7.783 E345.46682 ; infill
G1 X90.219 Y60.999 Z7.733 E345.55493 ; infill
G1 X90.219 Y57.620 Z7.591 E345.68511 ; infill
G1 X90.219 Y54.177 Z7.353 E345.81779 ; infill
G1 X90.219 Y51.056 Z7.050 E345.93807 ; infill
G1 X90.219 Y48.075 Z6.683 E346.05294 ; infill
G1 X90.219 Y45.557 Z6.317 E346.14996 ; infill
G1 X90.219 Y38.615 Z5.165 E346.41756 ; infill
G1 X90.219 Y36.384 Z4.817 E346.50356 ; infill
G1 X90.219 Y34.330 Z4.545 E346.58269 ; infill
G1 X90.219 Y32.167 Z4.334 E346.66605 ; infill
G1 X90.219 Y29.970 Z4.219 E346.75071 ; infill
G1 X90.219 Y27.794 Z4.214 E346.83454 ; infill
G1 X90.219 Y25.905 Z4.313 E346.90734 ; infill
G1 X89.760 Y25.905 Z4.313 E346.92501 ; infill
G1 X89.760 Y27.795 Z4.214 E346.99786 ; infill
G1 X89.760 Y29.966 Z4.218 E347.08152 ; infill
G1 X89.760 Y32.274 Z4.343 E347.17045 ; infill
G1 X89.760 Y34.332 Z4.545 E347.24975 ; infill
G1 X89.760 Y36.380 Z4.816 E347.32868 ; infill
G1 X89.760 Y38.618 Z5.165 E347.41492 ; infill
G1 X89.760 Y45.558 Z6.317 E347.68242 ; infill
G1 X89.760 Y48.068 Z6.681 E347.77914 ; infill
G1 X89.760 Y51.061 Z7.050 E347.89448 ; infill
G1 X89.760 Y54.186 Z7.353 E348.01490 ; infill
G1 X89.760 Y57.636 Z7.591 E348.14784 ; infill
G1 X89.760 Y60.991 Z7.733 E348.27713 ; infill
G1 X89.760 Y63.303 Z7.783 E348.36618 ; infill
G1 X89.760 Y65.026 Z7.797 E348.43258 ; infill
G1 X89.760 Y68.021 Z7.777 E348.54799 ; infill
G1 X89.760 Y69.698 Z7.745 E348.61261 ; infill
G1 X89.760 Y130.186 Z6.289 E350.94326 ; infill
G1 X89.760 Y154.099 Z4.449 E351.86468 ; infill
G1 X89.301 Y154.099 Z4.449 E351.88235 ; infill
G1 X89.301 Y130.186 Z6.289 E352.80377 ; infill
G1 X89.301 Y69.933 Z7.738 E355.12537 ; infill
G1 X89.301 Y68.190 Z7.771 E355.19255 ; infill
G1 X89.301 Y65.057 Z7.791 E355.31326 ; infill
G1 X89.301 Y61.959 Z7.750 E355.43261 ; infill
G1 X89.301 Y59.452 Z7.670 E355.52922 ; infill
G1 X89.301 Y58.048 Z7.604 E355.58332 ; infill
G1 X89.301 Y55.768 Z7.464 E355.67116 ; infill
G1 X89.301 Y54.416 Z7.361 E355.72327 ; infill
G1 X89.301 Y51.189 Z7.052 E355.84762 ; infill
G1 X89.301 Y48.700 Z6.752 E355.94354 ; infill
G1 X89.301 Y45.577 Z6.308 E356.06389 ; infill
G1 X89.301 Y38.702 Z5.171 E356.32887 ; infill
G1 X89.301 Y36.297 Z4.799 E356.42156 ; infill
G1 X89.301 Y34.390 Z4.548 E356.49505 ; infill
G1 X89.301 Y32.146 Z4.330 E356.58153 ; infill
G1 X89.301 Y29.876 Z4.216 E356.66897 ; infill
G1 X89.301 Y27.828 Z4.214 E356.74789 ; infill
G1 X89.301 Y25.911 Z4.311 E356.82177 ; infill
G1 X88.843 Y25.917 Z4.307 E356.83945 ; infill
G1 X88.843 Y27.861 Z4.213 E356.91437 ; infill
G1 X88.843 Y29.787 Z4.214 E356.98855 ; infill
G1 X88.843 Y31.633 Z4.299 E357.05968 ; infill
G1 X88.843 Y32.652 Z4.371 E357.09897 ; infill
G1 X88.843 Y34.448 Z4.551 E357.16817 ; infill
G1 X88.843 Y36.214 Z4.782 E357.23622 ; infill
G1 X88.843 Y38.786 Z5.177 E357.33536 ; infill
G1 X88.843 Y45.596 Z6.299 E357.59782 ; infill
G1 X88.843 Y49.050 Z6.785 E357.73095 ; infill
G1 X88.843 Y51.317 Z7.054 E357.81830 ; infill
G1 X88.843 Y54.646 Z7.369 E357.94657 ; infill
G1 X88.843 Y58.279 Z7.606 E358.08657 ; infill
G1 X88.843 Y60.903 Z7.713 E358.18766 ; infill
G1 X88.843 Y62.281 Z7.750 E358.24076 ; infill
G1 X88.843 Y65.197 Z7.785 E358.35314 ; infill
G1 X88.843 Y69.532 Z7.746 E358.52017 ; infill
G1 X88.843 Y130.186 Z6.289 E360.85721 ; infill
G1 X88.843 Y154.099 Z4.449 E361.77863 ; infill
G1 X88.384 Y154.099 Z4.449 E361.79630 ; infill
G1 X88.384 Y130.186 Z6.289 E362.71772 ; infill
G1 X88.384 Y69.515 Z7.745 E365.05543 ; infill
G1 X88.384 Y65.361 Z7.779 E365.21550 ; infill
G1 X88.384 Y62.413 Z7.744 E365.32908 ; infill
G1 X88.384 Y60.666 Z7.695 E365.39641 ; infill
G1 X88.384 Y58.385 Z7.601 E365.48427 ; infill
G1 X88.384 Y54.745 Z7.364 E365.62454 ; infill
G1 X88.384 Y51.428 Z7.054 E365.75235 ; infill
G1 X88.384 Y49.326 Z6.809 E365.83335 ; infill
G1 X88.384 Y47.492 Z6.565 E365.90402 ; infill
G1 X88.384 Y45.614 Z6.290 E365.97639 ; infill
G1 X88.384 Y38.870 Z5.183 E366.23633 ; infill
G1 X88.384 Y36.131 Z4.765 E366.34192 ; infill
G1 X88.384 Y34.506 Z4.554 E366.40453 ; infill
G1 X88.384 Y32.106 Z4.323 E366.49702 ; infill
G1 X88.384 Y30.387 Z4.230 E366.56323 ; infill
G1 X88.384 Y29.697 Z4.211 E366.58983 ; infill
G1 X88.384 Y27.895 Z4.212 E366.65928 ; infill
G1 X88.384 Y25.923 Z4.308 E366.73523 ; infill
G1 X87.925 Y25.930 Z4.308 E366.75291 ; infill
G1 X87.925 Y27.928 Z4.211 E366.82990 ; infill
G1 X87.925 Y29.607 Z4.209 E366.89462 ; infill
G1 X87.925 Y31.201 Z4.270 E366.95603 ; infill
G1 X87.925 Y33.030 Z4.398 E367.02651 ; infill
G1 X87.925 Y34.564 Z4.557 E367.08561 ; infill
G1 X87.925 Y36.047 Z4.748 E367.14277 ; infill
G1 X87.925 Y38.955 Z5.189 E367.25482 ; infill
G1 X87.925 Y45.658 Z6.284 E367.51319 ; infill
G1 X87.925 Y48.917 Z6.741 E367.63881 ; infill
G1 X87.925 Y51.517 Z7.049 E367.73898 ; infill
G1 X87.925 Y54.843 Z7.360 E367.86712 ; infill
G1 X87.925 Y58.504 Z7.596 E368.00819 ; infill
G1 X87.925 Y60.917 Z7.694 E368.10119 ; infill
G1 X87.925 Y62.559 Z7.738 E368.16447 ; infill
G1 X87.925 Y65.552 Z7.773 E368.27977 ; infill
G1 X87.925 Y69.498 Z7.743 E368.43180 ; infill
G1 X87.925 Y130.186 Z6.289 E370.77018 ; infill
G1 X87.925 Y154.099 Z4.449 E371.69160 ; infill
G1 X87.466 Y154.099 Z4.449 E371.70928 ; infill
G1 X87.466 Y130.186 Z6.289 E372.63070 ; infill
G1 X87.466 Y109.707 Z6.761 E373.41974 ; infill
G1 X87.466 Y69.532 Z7.740 E374.96774 ; infill
G1 X87.466 Y65.773 Z7.766 E375.11259 ; infill
G1 X87.466 Y62.719 Z7.733 E375.23027 ; infill
G1 X87.466 Y61.304 Z7.697 E375.28480 ; infill
G1 X87.466 Y58.627 Z7.590 E375.38792 ; infill
G1 X87.466 Y54.949 Z7.355 E375.52965 ; infill
G1 X87.466 Y51.801 Z7.065 E375.65094 ; infill
G1 X87.466 Y49.541 Z6.807 E375.73803 ; infill
G1 X87.466 Y47.587 Z6.550 E375.81335 ; infill
G1 X87.466 Y45.730 Z6.280 E375.88491 ; infill
G1 X87.466 Y39.028 Z5.192 E376.14323 ; infill
G1 X87.466 Y35.964 Z4.731 E376.26131 ; infill
G1 X87.466 Y34.622 Z4.560 E376.31303 ; infill
G1 X87.466 Y33.458 Z4.436 E376.35788 ; infill
G1 X87.466 Y32.065 Z4.316 E376.41154 ; infill
G1 X87.466 Y30.600 Z4.235 E376.46799 ; infill
G1 X87.466 Y29.051 Z4.205 E376.52768 ; infill
G1 X87.466 Y27.961 Z4.211 E376.56969 ; infill
G1 X87.466 Y25.936 Z4.309 E376.64772 ; infill
G1 X87.007 Y25.944 Z4.309 E376.66540 ; infill
G1 X87.007 Y26.769 Z4.256 E376.69720 ; infill
G1 X87.007 Y27.994 Z4.210 E376.74439 ; infill
G1 X87.007 Y29.428 Z4.204 E376.79964 ; infill
G1 X87.007 Y30.769 Z4.241 E376.85133 ; infill
G1 X87.007 Y32.048 Z4.313 E376.90061 ; infill
G1 X87.007 Y33.362 Z4.422 E376.95122 ; infill
G1 X87.007 Y34.669 Z4.561 E377.00161 ; infill
G1 X87.007 Y35.978 Z4.726 E377.05205 ; infill
G1 X87.007 Y37.517 Z4.946 E377.11135 ; infill
G1 X87.007 Y44.025 Z6.001 E377.36218 ; infill
G1 X87.007 Y47.664 Z6.547 E377.50245 ; infill
G1 X87.007 Y49.624 Z6.803 E377.57799 ; infill
G1 X87.007 Y51.481 Z7.016 E377.64954 ; infill
G1 X87.007 Y53.910 Z7.254 E377.74311 ; infill
G1 X87.007 Y57.387 Z7.510 E377.87710 ; infill
G1 X87.007 Y60.087 Z7.643 E377.98114 ; infill
G1 X87.007 Y62.898 Z7.726 E378.08944 ; infill
G1 X87.007 Y66.027 Z7.759 E378.21000 ; infill
G1 X87.007 Y69.572 Z7.736 E378.34660 ; infill
G1 X87.007 Y108.683 Z6.778 E379.85359 ; infill
G1 X87.007 Y130.186 Z6.289 E380.68211 ; infill
G1 X87.007 Y154.099 Z4.449 E381.60353 ; infill
G1 X86.549 Y154.099 Z4.449 E381.62121 ; infill
G1 X86.549 Y130.186 Z6.289 E382.54263 ; infill
G1 X86.549 Y107.662 Z6.795 E383.41049 ; infill
G1 X86.549 Y70.034 Z7.720 E384.86033 ; infill
G1 X86.549 Y66.318 Z7.752 E385.00353 ; infill
G1 X86.549 Y63.094 Z7.720 E385.12773 ; infill
G1 X86.549 Y61.443 Z7.678 E385.19135 ; infill
G1 X86.549 Y58.909 Z7.579 E385.28900 ; infill
G1 X86.549 Y55.180 Z7.345 E385.43267 ; infill
G1 X86.549 Y52.315 Z7.088 E385.54307 ; infill
G1 X86.549 Y49.721 Z6.799 E385.64305 ; infill
G1 X86.549 Y47.744 Z6.543 E385.71923 ; infill
G1 X86.549 Y46.093 Z6.306 E385.78286 ; infill
G1 X86.549 Y44.091 Z5.998 E385.86000 ; infill
G1 X86.549 Y39.130 Z5.188 E386.05123 ; infill
G1 X86.549 Y36.020 Z4.725 E386.17107 ; infill
G1 X86.549 Y34.708 Z4.560 E386.22164 ; infill
G1 X86.549 Y33.397 Z4.421 E386.27214 ; infill
G1 X86.549 Y32.081 Z4.312 E386.32286 ; infill
G1 X86.549 Y30.752 Z4.238 E386.37408 ; infill
G1 X86.549 Y29.402 Z4.202 E386.42607 ; infill
G1 X86.549 Y28.025 Z4.209 E386.47913 ; infill
G1 X86.549 Y26.614 Z4.263 E386.53350 ; infill
G1 X86.549 Y25.963 Z4.309 E386.55859 ; infill
G1 X86.090 Y25.983 Z4.309 E386.57628 ; infill
G1 X86.090 Y26.639 Z4.263 E386.60156 ; infill
G1 X86.090 Y28.052 Z4.209 E386.65601 ; infill
G1 X86.090 Y29.431 Z4.202 E386.70913 ; infill
G1 X86.090 Y30.782 Z4.237 E386.76121 ; infill
G1 X86.090 Y32.114 Z4.311 E386.81252 ; infill
G1 X86.090 Y33.433 Z4.420 E386.86334 ; infill
G1 X86.090 Y34.747 Z4.558 E386.91396 ; infill
G1 X86.090 Y36.062 Z4.723 E386.96467 ; infill
G1 X86.090 Y37.610 Z4.943 E387.02429 ; infill
G1 X86.090 Y44.194 Z6.000 E387.27806 ; infill
G1 X86.090 Y47.839 Z6.539 E387.41854 ; infill
G1 X86.090 Y49.821 Z6.795 E387.49494 ; infill
G1 X86.090 Y51.915 Z7.032 E387.57563 ; infill
G1 X86.090 Y54.144 Z7.245 E387.66150 ; infill
G1 X86.090 Y57.769 Z7.505 E387.80121 ; infill
G1 X86.090 Y60.418 Z7.632 E387.90325 ; infill
G1 X86.090 Y63.310 Z7.714 E388.01469 ; infill
G1 X86.090 Y66.651 Z7.744 E388.14343 ; infill
G1 X86.090 Y68.991 Z7.732 E388.23359 ; infill
G1 X86.090 Y70.548 Z7.703 E388.29357 ; infill
G1 X86.090 Y109.666 Z6.738 E389.80085 ; infill
G1 X86.090 Y130.186 Z6.289 E390.59148 ; infill
G1 X86.090 Y154.099 Z4.449 E391.51290 ; infill
G1 X85.631 Y154.099 Z4.449 E391.53058 ; infill
G1 X85.631 Y130.186 Z6.289 E392.45200 ; infill
G1 X85.631 Y108.647 Z6.750 E393.28191 ; infill
G1 X85.631 Y70.411 Z7.699 E394.75517 ; infill
G1 X85.631 Y67.037 Z7.736 E394.88520 ; infill
G1 X85.631 Y63.547 Z7.707 E395.01964 ; infill
G1 X85.631 Y61.862 Z7.667 E395.08459 ; infill
G1 X85.631 Y59.237 Z7.568 E395.18574 ; infill
G1 X85.631 Y55.581 Z7.345 E395.32660 ; infill
G1 X85.631 Y52.820 Z7.106 E395.43300 ; infill
G1 X85.631 Y49.922 Z6.791 E395.54467 ; infill
G1 X85.631 Y47.044 Z6.410 E395.65558 ; infill
G1 X85.631 Y43.922 Z5.942 E395.77588 ; infill
G1 X85.631 Y39.232 Z5.184 E395.95667 ; infill
G1 X85.631 Y36.104 Z4.722 E396.07720 ; infill
G1 X85.631 Y34.785 Z4.557 E396.12803 ; infill
G1 X85.631 Y33.468 Z4.419 E396.17877 ; infill
G1 X85.631 Y32.147 Z4.311 E396.22970 ; infill
G1 X85.631 Y30.813 Z4.237 E396.28110 ; infill
G1 X85.631 Y29.459 Z4.202 E396.33325 ; infill
G1 X85.631 Y28.079 Z4.209 E396.38644 ; infill
G1 X85.631 Y26.664 Z4.263 E396.44094 ; infill
G1 X85.631 Y26.002 Z4.309 E396.46645 ; infill
G1 X85.172 Y26.022 Z4.309 E396.48414 ; infill
G1 X85.172 Y26.690 Z4.262 E396.50988 ; infill
G1 X85.172 Y28.106 Z4.208 E396.56443 ; infill
G1 X85.172 Y29.488 Z4.201 E396.61768 ; infill
G1 X85.172 Y30.843 Z4.236 E396.66990 ; infill
G1 X85.172 Y32.179 Z4.310 E396.72140 ; infill
G1 X85.172 Y33.504 Z4.418 E396.77243 ; infill
G1 X85.172 Y34.824 Z4.556 E396.82329 ; infill
G1 X85.172 Y36.146 Z4.720 E396.87426 ; infill
G1 X85.172 Y37.702 Z4.940 E396.93422 ; infill
G1 X85.172 Y44.323 Z5.988 E397.18941 ; infill
G1 X85.172 Y48.028 Z6.531 E397.33220 ; infill
G1 X85.172 Y50.031 Z6.786 E397.40938 ; infill
G1 X85.172 Y51.419 Z6.942 E397.46286 ; infill
G1 X85.172 Y54.406 Z7.235 E397.57795 ; infill
G1 X85.172 Y57.998 Z7.489 E397.71635 ; infill
G1 X85.172 Y60.803 Z7.620 E397.82445 ; infill
G1 X85.172 Y63.808 Z7.701 E397.94021 ; infill
G1 X85.172 Y67.488 Z7.727 E398.08203 ; infill
G1 X85.172 Y69.481 Z7.714 E398.15880 ; infill
G1 X85.172 Y75.432 Z7.572 E398.38810 ; infill
G1 X85.172 Y109.642 Z6.714 E399.70625 ; infill
G1 X85.172 Y130.186 Z6.289 E400.49783 ; infill
G1 X85.172 Y154.099 Z4.449 E401.41925 ; infill
G1 X84.713 Y154.099 Z4.449 E401.43693 ; infill
G1 X84.713 Y130.186 Z6.289 E402.35835 ; infill
G1 X84.713 Y108.625 Z6.724 E403.18912 ; infill
G1 X84.713 Y73.555 Z7.611 E404.54041 ; infill
G1 X84.713 Y69.522 Z7.706 E404.69578 ; infill
G1 X84.713 Y67.091 Z7.717 E404.78945 ; infill
G1 X84.713 Y64.092 Z7.694 E404.90502 ; infill
G1 X84.713 Y61.017 Z7.614 E405.02347 ; infill
G1 X84.713 Y58.184 Z7.483 E405.13265 ; infill
G1 X84.713 Y54.552 Z7.230 E405.27261 ; infill
G1 X84.713 Y52.281 Z7.018 E405.36010 ; infill
G1 X84.713 Y50.151 Z6.782 E405.44218 ; infill
G1 X84.713 Y48.133 Z6.527 E405.51995 ; infill
G1 X84.713 Y44.884 Z6.058 E405.64517 ; infill
G1 X84.713 Y37.761 Z4.938 E405.91970 ; infill
G1 X84.713 Y34.863 Z4.555 E406.03140 ; infill
G1 X84.713 Y33.540 Z4.417 E406.08238 ; infill
G1 X84.713 Y32.212 Z4.309 E406.13352 ; infill
G1 X84.713 Y30.873 Z4.236 E406.18510 ; infill
G1 X84.713 Y29.516 Z4.201 E406.23741 ; infill
G1 X84.713 Y28.132 Z4.208 E406.29072 ; infill
G1 X84.713 Y26.716 Z4.262 E406.34531 ; infill
G1 X84.713 Y26.042 Z4.310 E406.37128 ; infill
G1 X84.255 Y26.061 Z4.310 E406.38898 ; infill
G1 X84.255 Y26.741 Z4.262 E406.41517 ; infill
G1 X84.255 Y28.159 Z4.208 E406.46981 ; infill
G1 X84.255 Y29.544 Z4.200 E406.52318 ; infill
G1 X84.255 Y30.904 Z4.235 E406.57556 ; infill
G1 X84.255 Y32.245 Z4.308 E406.62724 ; infill
G1 X84.255 Y33.579 Z4.416 E406.67865 ; infill
G1 X84.255 Y34.914 Z4.554 E406.73006 ; infill
G1 X84.255 Y36.251 Z4.717 E406.78160 ; infill
G1 X84.255 Y39.424 Z5.178 E406.90387 ; infill
G1 X84.255 Y46.323 Z6.256 E407.16979 ; infill
G1 X84.255 Y48.247 Z6.523 E407.24395 ; infill
G1 X84.255 Y50.271 Z6.778 E407.32193 ; infill
G1 X84.255 Y52.415 Z7.013 E407.40456 ; infill
G1 X84.255 Y55.910 Z7.319 E407.53922 ; infill
G1 X84.255 Y58.293 Z7.473 E407.63103 ; infill
G1 X84.255 Y59.822 Z7.550 E407.68996 ; infill
G1 X84.255 Y62.765 Z7.653 E407.80335 ; infill
G1 X84.255 Y66.647 Z7.707 E407.95291 ; infill
G1 X84.255 Y69.564 Z7.699 E408.06531 ; infill
G1 X84.255 Y71.663 Z7.649 E408.14620 ; infill
G1 X84.255 Y109.618 Z6.685 E409.60866 ; infill
G1 X84.255 Y130.186 Z6.289 E410.40114 ; infill
G1 X84.255 Y153.718 Z4.478 E411.30788 ; infill
G1 X83.796 Y153.718 Z4.478 E411.32556 ; infill
G1 X83.796 Y130.186 Z6.289 E412.23230 ; infill
G1 X83.796 Y109.607 Z6.667 E413.02519 ; infill
G1 X83.796 Y88.044 Z7.235 E413.85606 ; infill
G1 X83.796 Y71.952 Z7.632 E414.47609 ; infill
G1 X83.796 Y69.527 Z7.689 E414.56953 ; infill
G1 X83.796 Y66.704 Z7.697 E414.67831 ; infill
G1 X83.796 Y63.050 Z7.646 E414.81910 ; infill
G1 X83.796 Y59.466 Z7.516 E414.95719 ; infill
G1 X83.796 Y56.083 Z7.314 E415.08756 ; infill
G1 X83.796 Y52.557 Z7.009 E415.22340 ; infill
G1 X83.796 Y50.394 Z6.773 E415.30675 ; infill
G1 X83.796 Y48.362 Z6.519 E415.38508 ; infill
G1 X83.796 Y44.589 Z5.979 E415.53048 ; infill
G1 X83.796 Y37.888 Z4.934 E415.78873 ; infill
G1 X83.796 Y36.310 Z4.716 E415.84954 ; infill
G1 X83.796 Y34.970 Z4.552 E415.90121 ; infill
G1 X83.796 Y33.632 Z4.415 E415.95274 ; infill
G1 X83.796 Y32.291 Z4.308 E416.00442 ; infill
G1 X83.796 Y30.939 Z4.235 E416.05653 ; infill
G1 X83.796 Y29.573 Z4.200 E416.10916 ; infill
G1 X83.796 Y28.186 Z4.208 E416.16260 ; infill
G1 X83.796 Y26.767 Z4.262 E416.21728 ; infill
G1 X83.796 Y26.094 Z4.309 E416.24322 ; infill
G1 X83.337 Y26.126 Z4.309 E416.26094 ; infill
G1 X83.337 Y26.792 Z4.262 E416.28662 ; infill
G1 X83.337 Y28.217 Z4.207 E416.34150 ; infill
G1 X83.337 Y29.615 Z4.200 E416.39537 ; infill
G1 X83.337 Y30.987 Z4.234 E416.44826 ; infill
G1 X83.337 Y32.342 Z4.307 E416.50046 ; infill
G1 X83.337 Y33.686 Z4.414 E416.55224 ; infill
G1 X83.337 Y35.026 Z4.551 E416.60388 ; infill
G1 X83.337 Y36.370 Z4.714 E416.65567 ; infill
G1 X83.337 Y39.560 Z5.174 E416.77862 ; infill
G1 X83.337 Y46.541 Z6.249 E417.04766 ; infill
G1 X83.337 Y48.476 Z6.515 E417.12224 ; infill
G1 X83.337 Y50.530 Z6.769 E417.20141 ; infill
G1 X83.337 Y52.710 Z7.004 E417.28541 ; infill
G1 X83.337 Y56.267 Z7.308 E417.42246 ; infill
G1 X83.337 Y58.686 Z7.460 E417.51566 ; infill
G1 X83.337 Y60.283 Z7.538 E417.57719 ; infill
G1 X83.337 Y63.357 Z7.639 E417.69566 ; infill
G1 X83.337 Y67.227 Z7.687 E417.84474 ; infill
G1 X83.337 Y69.576 Z7.678 E417.93528 ; infill
G1 X83.337 Y78.838 Z7.456 E418.29216 ; infill
G1 X83.337 Y108.594 Z6.671 E419.43869 ; infill
G1 X83.337 Y130.186 Z6.289 E420.27062 ; infill
G1 X83.337 Y153.718 Z4.478 E421.17736 ; infill
G1 X82.878 Y153.718 Z4.478 E421.19504 ; infill
G1 X82.878 Y130.186 Z6.289 E422.10178 ; infill
G1 X82.878 Y109.587 Z6.629 E422.89547 ; infill
G1 X82.878 Y79.165 Z7.438 E424.06766 ; infill
G1 X82.878 Y70.338 Z7.651 E424.40779 ; infill
G1 X82.878 Y67.845 Z7.676 E424.50382 ; infill
G1 X82.878 Y63.843 Z7.635 E424.65804 ; infill
G1 X82.878 Y61.217 Z7.557 E424.75921 ; infill
G1 X82.878 Y57.757 Z7.388 E424.89255 ; infill
G1 X82.878 Y55.220 Z7.209 E424.99029 ; infill
G1 X82.878 Y52.455 Z6.955 E425.09682 ; infill
G1 X82.878 Y50.673 Z6.764 E425.16548 ; infill
G1 X82.878 Y48.606 Z6.511 E425.24513 ; infill
G1 X82.878 Y45.294 Z6.047 E425.37280 ; infill
G1 X82.878 Y38.016 Z4.930 E425.65330 ; infill
G1 X82.878 Y36.429 Z4.713 E425.71443 ; infill
G1 X82.878 Y35.082 Z4.550 E425.76635 ; infill
G1 X82.878 Y33.739 Z4.413 E425.81811 ; infill
G1 X82.878 Y32.393 Z4.306 E425.86999 ; infill
G1 X82.878 Y31.036 Z4.233 E425.92227 ; infill
G1 X82.878 Y29.661 Z4.199 E425.97523 ; infill
G1 X82.878 Y28.262 Z4.207 E426.02915 ; infill
G1 X82.878 Y26.830 Z4.262 E426.08432 ; infill
G1 X82.878 Y26.158 Z4.309 E426.11022 ; infill
G1 X82.419 Y26.190 Z4.310 E426.12794 ; infill
G1 X82.419 Y26.874 Z4.262 E426.15430 ; infill
G1 X82.419 Y28.307 Z4.207 E426.20951 ; infill
G1 X82.419 Y29.708 Z4.199 E426.26349 ; infill
G1 X82.419 Y31.084 Z4.233 E426.31652 ; infill
G1 X82.419 Y32.443 Z4.305 E426.36889 ; infill
G1 X82.419 Y33.792 Z4.412 E426.42087 ; infill
G1 X82.419 Y35.138 Z4.548 E426.47274 ; infill
G1 X82.419 Y36.489 Z4.711 E426.52478 ; infill
G1 X82.419 Y39.723 Z5.169 E426.64941 ; infill
G1 X82.419 Y46.772 Z6.241 E426.92108 ; infill
G1 X82.419 Y48.739 Z6.507 E426.99691 ; infill
G1 X82.419 Y50.821 Z6.760 E427.07713 ; infill
G1 X82.419 Y53.037 Z6.994 E427.16253 ; infill
G1 X82.419 Y56.669 Z7.297 E427.30247 ; infill
G1 X82.419 Y58.661 Z7.420 E427.37923 ; infill
G1 X82.419 Y60.654 Z7.518 E427.45600 ; infill
G1 X82.419 Y64.053 Z7.624 E427.58699 ; infill
G1 X82.419 Y67.932 Z7.663 E427.73644 ; infill
G1 X82.419 Y70.620 Z7.634 E427.84001 ; infill
G1 X82.419 Y82.246 Z7.347 E428.28796 ; infill
G1 X82.419 Y108.576 Z6.627 E429.30250 ; infill
G1 X82.419 Y113.787 Z6.531 E429.50329 ; infill
G1 X82.419 Y123.964 Z6.393 E429.89543 ; infill
G1 X82.419 Y130.186 Z6.289 E430.13514 ; infill
G1 X82.419 Y153.718 Z4.478 E431.04188 ; infill
G1 X81.961 Y153.718 Z4.478 E431.05956 ; infill
G1 X81.961 Y130.186 Z6.289 E431.96629 ; infill
G1 X81.961 Y124.420 Z6.383 E432.18843 ; infill
G1 X81.961 Y113.774 Z6.512 E432.59863 ; infill
G1 X81.961 Y108.568 Z6.603 E432.79926 ; infill
G1 X81.961 Y84.203 Z7.285 E433.73804 ; infill
G1 X81.961 Y70.154 Z7.633 E434.27940 ; infill
G1 X81.961 Y68.263 Z7.650 E434.35224 ; infill
G1 X81.961 Y64.447 Z7.616 E434.49929 ; infill
G1 X81.961 Y61.350 Z7.527 E434.61859 ; infill
G1 X81.961 Y58.217 Z7.376 E434.73931 ; infill
G1 X81.961 Y55.615 Z7.198 E434.83959 ; infill
G1 X81.961 Y53.215 Z6.989 E434.93205 ; infill
G1 X81.961 Y50.981 Z6.755 E435.01814 ; infill
G1 X81.961 Y48.882 Z6.503 E435.09902 ; infill
G1 X81.961 Y45.014 Z5.965 E435.24809 ; infill
G1 X81.961 Y38.174 Z4.927 E435.51172 ; infill
G1 X81.961 Y36.563 Z4.710 E435.57380 ; infill
G1 X81.961 Y33.846 Z4.411 E435.67851 ; infill
G1 X81.961 Y32.494 Z4.304 E435.73059 ; infill
G1 X81.961 Y31.133 Z4.232 E435.78304 ; infill
G1 X81.961 Y29.755 Z4.198 E435.83614 ; infill
G1 X81.961 Y28.352 Z4.207 E435.89017 ; infill
G1 X81.961 Y26.918 Z4.262 E435.94542 ; infill
G1 X81.961 Y26.228 Z4.310 E435.97201 ; infill
G1 X81.502 Y26.272 Z4.310 E435.98977 ; infill
G1 X81.502 Y26.963 Z4.262 E436.01638 ; infill
G1 X81.502 Y28.398 Z4.206 E436.07166 ; infill
G1 X81.502 Y29.801 Z4.198 E436.12575 ; infill
G1 X81.502 Y31.181 Z4.232 E436.17892 ; infill
G1 X81.502 Y32.545 Z4.304 E436.23146 ; infill
G1 X81.502 Y33.905 Z4.410 E436.28389 ; infill
G1 X81.502 Y35.272 Z4.546 E436.33655 ; infill
G1 X81.502 Y36.643 Z4.708 E436.38939 ; infill
G1 X81.502 Y39.900 Z5.164 E436.51491 ; infill
G1 X81.502 Y44.223 Z5.826 E436.68151 ; infill
G1 X81.502 Y47.033 Z6.234 E436.78982 ; infill
G1 X81.502 Y49.030 Z6.499 E436.86678 ; infill
G1 X81.502 Y50.918 Z6.724 E436.93952 ; infill
G1 X81.502 Y53.403 Z6.984 E437.03527 ; infill
G1 X81.502 Y56.896 Z7.270 E437.16987 ; infill
G1 X81.502 Y59.893 Z7.446 E437.28534 ; infill
G1 X81.502 Y63.173 Z7.569 E437.41173 ; infill
G1 X81.502 Y64.877 Z7.608 E437.47739 ; infill
G1 X81.502 Y67.724 Z7.636 E437.58709 ; infill
G1 X81.502 Y69.624 Z7.634 E437.66028 ; infill
G1 X81.502 Y80.194 Z7.374 E438.06757 ; infill
G1 X81.502 Y91.094 Z7.083 E438.48757 ; infill
G1 X81.502 Y104.542 Z6.678 E439.00572 ; infill
G1 X81.502 Y108.559 Z6.578 E439.16051 ; infill
G1 X81.502 Y113.763 Z6.490 E439.36103 ; infill
G1 X81.502 Y123.468 Z6.390 E439.73498 ; infill
G1 X81.502 Y130.186 Z6.289 E439.99380 ; infill
G1 X81.502 Y153.712 Z4.476 E440.90031 ; infill
G1 X81.043 Y153.701 Z4.472 E440.91799 ; infill
G1 X81.043 Y132.372 Z6.133 E441.73983 ; infill
G1 X81.043 Y130.186 Z6.283 E441.82407 ; infill
G1 X81.043 Y123.975 Z6.376 E442.06336 ; infill
G1 X81.043 Y113.752 Z6.468 E442.45727 ; infill
G1 X81.043 Y108.552 Z6.547 E442.65764 ; infill
G1 X81.043 Y104.539 Z6.651 E442.81227 ; infill
G1 X81.043 Y95.796 Z6.929 E443.14915 ; infill
G1 X81.043 Y84.389 Z7.249 E443.58868 ; infill
G1 X81.043 Y70.156 Z7.607 E444.13709 ; infill
G1 X81.043 Y68.106 Z7.623 E444.21606 ; infill
G1 X81.043 Y65.293 Z7.598 E444.32447 ; infill
G1 X81.043 Y61.736 Z7.504 E444.46152 ; infill
G1 X81.043 Y58.734 Z7.364 E444.57718 ; infill
G1 X81.043 Y55.958 Z7.179 E444.68415 ; infill
G1 X81.043 Y53.250 Z6.943 E444.78849 ; infill
G1 X81.043 Y51.320 Z6.746 E444.86288 ; infill
G1 X81.043 Y49.186 Z6.494 E444.94510 ; infill
G1 X81.043 Y45.262 Z5.958 E445.09630 ; infill
G1 X81.043 Y38.343 Z4.923 E445.36299 ; infill
G1 X81.043 Y36.724 Z4.706 E445.42538 ; infill
G1 X81.043 Y35.349 Z4.544 E445.47834 ; infill
G1 X81.043 Y33.980 Z4.409 E445.53111 ; infill
G1 X81.043 Y32.608 Z4.303 E445.58397 ; infill
G1 X81.043 Y31.230 Z4.231 E445.63708 ; infill
G1 X81.043 Y29.848 Z4.197 E445.69032 ; infill
G1 X81.043 Y28.443 Z4.206 E445.74446 ; infill
G1 X81.043 Y27.007 Z4.261 E445.79978 ; infill
G1 X81.043 Y26.316 Z4.310 E445.82641 ; infill
G1 X80.584 Y26.360 Z4.310 E445.84417 ; infill
G1 X80.584 Y27.051 Z4.261 E445.87081 ; infill
G1 X80.584 Y28.488 Z4.206 E445.92617 ; infill
G1 X80.584 Y29.897 Z4.197 E445.98045 ; infill
G1 X80.584 Y31.297 Z4.230 E446.03439 ; infill
G1 X80.584 Y32.680 Z4.302 E446.08770 ; infill
G1 X80.584 Y34.054 Z4.407 E446.14065 ; infill
G1 X80.584 Y35.427 Z4.543 E446.19353 ; infill
G1 X80.584 Y36.804 Z4.705 E446.24661 ; infill
G1 X80.584 Y40.085 Z5.160 E446.37307 ; infill
G1 X80.584 Y44.540 Z5.829 E446.54474 ; infill
G1 X80.584 Y47.321 Z6.226 E446.65194 ; infill
G1 X80.584 Y51.025 Z6.686 E446.79467 ; infill
G1 X80.584 Y53.804 Z6.973 E446.90175 ; infill
G1 X80.584 Y57.427 Z7.260 E447.04132 ; infill
G1 X80.584 Y60.497 Z7.432 E447.15963 ; infill
G1 X80.584 Y63.875 Z7.551 E447.28980 ; infill
G1 X80.584 Y65.882 Z7.590 E447.36711 ; infill
G1 X80.584 Y68.651 Z7.608 E447.47380 ; infill
G1 X80.584 Y70.651 Z7.581 E447.55088 ; infill
G1 X80.584 Y84.448 Z7.231 E448.08248 ; infill
G1 X80.584 Y93.895 Z6.963 E448.44650 ; infill
G1 X80.584 Y107.550 Z6.537 E448.97265 ; infill
G1 X80.584 Y112.655 Z6.455 E449.16936 ; infill
G1 X80.584 Y123.140 Z6.376 E449.57334 ; infill
G1 X80.584 Y130.186 Z6.277 E449.84481 ; infill
G1 X80.584 Y132.276 Z6.148 E449.92534 ; infill
G1 X80.584 Y144.359 Z5.182 E450.39093 ; infill
G1 X80.584 Y153.690 Z4.472 E450.75046 ; infill
G1 X80.125 Y153.678 Z4.471 E450.76814 ; infill
G1 X80.125 Y145.158 Z5.113 E451.09645 ; infill
G1 X80.125 Y132.116 Z6.162 E451.59899 ; infill
G1 X80.125 Y130.186 Z6.271 E451.67336 ; infill
G1 X80.125 Y123.708 Z6.359 E451.92295 ; infill
G1 X80.125 Y113.733 Z6.414 E452.30729 ; infill
G1 X80.125 Y108.538 Z6.484 E452.50747 ; infill
G1 X80.125 Y104.535 Z6.586 E452.66173 ; infill
G1 X80.125 Y96.328 Z6.866 E452.97793 ; infill
G1 X80.125 Y86.500 Z7.156 E453.35661 ; infill
G1 X80.125 Y74.458 Z7.472 E453.82060 ; infill
G1 X80.125 Y69.576 Z7.588 E454.00871 ; infill
G1 X80.125 Y68.784 Z7.592 E454.03922 ; infill
G1 X80.125 Y65.899 Z7.571 E454.15041 ; infill
G1 X80.125 Y62.465 Z7.490 E454.28270 ; infill
G1 X80.125 Y59.313 Z7.351 E454.40418 ; infill
G1 X80.125 Y56.101 Z7.141 E454.52795 ; infill
G1 X80.125 Y53.058 Z6.873 E454.64517 ; infill
G1 X80.125 Y49.520 Z6.485 E454.78152 ; infill
G1 X80.125 Y45.536 Z5.951 E454.93506 ; infill
G1 X80.125 Y38.518 Z4.919 E455.20550 ; infill
G1 X80.125 Y35.504 Z4.542 E455.32167 ; infill
G1 X80.125 Y34.129 Z4.406 E455.37465 ; infill
G1 X80.125 Y32.752 Z4.301 E455.42770 ; infill
G1 X80.125 Y31.367 Z4.230 E455.48108 ; infill
G1 X80.125 Y29.965 Z4.197 E455.53509 ; infill
G1 X80.125 Y28.540 Z4.206 E455.59000 ; infill
G1 X80.125 Y27.095 Z4.261 E455.64566 ; infill
G1 X80.125 Y26.406 Z4.310 E455.67221 ; infill
G1 X79.667 Y26.464 Z4.309 E455.69002 ; infill
G1 X79.667 Y27.150 Z4.261 E455.71649 ; infill
G1 X79.667 Y28.607 Z4.205 E455.77262 ; infill
G1 X79.667 Y30.033 Z4.196 E455.82757 ; infill
G1 X79.667 Y31.437 Z4.229 E455.88164 ; infill
G1 X79.667 Y32.824 Z4.300 E455.93511 ; infill
G1 X79.667 Y34.203 Z4.405 E455.98825 ; infill
G1 X79.667 Y36.971 Z4.701 E456.09490 ; infill
G1 X79.667 Y40.298 Z5.155 E456.22312 ; infill
G1 X79.667 Y44.867 Z5.830 E456.39920 ; infill
G1 X79.667 Y47.638 Z6.218 E456.50599 ; infill
G1 X79.667 Y51.164 Z6.648 E456.64185 ; infill
G1 X79.667 Y54.252 Z6.962 E456.76086 ; infill
G1 X79.667 Y58.122 Z7.257 E456.90997 ; infill
G1 X79.667 Y61.178 Z7.418 E457.02772 ; infill
G1 X79.667 Y64.785 Z7.533 E457.16670 ; infill
G1 X79.667 Y68.745 Z7.574 E457.31929 ; infill
G1 X79.667 Y69.576 Z7.573 E457.35131 ; infill
G1 X79.667 Y74.801 Z7.448 E457.55263 ; infill
G1 X79.667 Y87.180 Z7.118 E458.02960 ; infill
G1 X79.667 Y97.586 Z6.800 E458.43055 ; infill
G1 X79.667 Y104.533 Z6.552 E458.69822 ; infill
G1 X79.667 Y108.532 Z6.446 E458.85233 ; infill
G1 X79.667 Y114.589 Z6.376 E459.08571 ; infill
G1 X79.667 Y124.273 Z6.336 E459.45884 ; infill
G1 X79.667 Y130.188 Z6.264 E459.68676 ; infill
G1 X79.667 Y131.864 Z6.177 E459.75134 ; infill
G1 X79.667 Y133.138 Z6.081 E459.80043 ; infill
G1 X79.667 Y145.127 Z5.107 E460.26240 ; infill
G1 X79.667 Y153.652 Z4.471 E460.59088 ; infill
G1 X79.208 Y153.619 Z4.470 E460.60861 ; infill
G1 X79.208 Y145.090 Z5.101 E460.93725 ; infill
G1 X79.208 Y134.054 Z6.008 E461.36246 ; infill
G1 X79.208 Y131.454 Z6.196 E461.46268 ; infill
G1 X79.208 Y130.250 Z6.247 E461.50906 ; infill
G1 X79.208 Y123.472 Z6.324 E461.77020 ; infill
G1 X79.208 Y112.640 Z6.352 E462.18759 ; infill
G1 X79.208 Y107.533 Z6.428 E462.38436 ; infill
G1 X79.208 Y104.531 Z6.515 E462.50003 ; infill
G1 X79.208 Y96.590 Z6.805 E462.80601 ; infill
G1 X79.208 Y86.550 Z7.114 E463.19285 ; infill
G1 X79.208 Y72.847 Z7.479 E463.72085 ; infill
G1 X79.208 Y69.576 Z7.557 E463.84688 ; infill
G1 X79.208 Y68.706 Z7.557 E463.88042 ; infill
G1 X79.208 Y65.329 Z7.523 E464.01053 ; infill
G1 X79.208 Y61.553 Z7.411 E464.15603 ; infill
G1 X79.208 Y58.478 Z7.254 E464.27452 ; infill
G1 X79.208 Y55.758 Z7.063 E464.37932 ; infill
G1 X79.208 Y52.110 Z6.726 E464.51990 ; infill
G1 X79.208 Y49.759 Z6.460 E464.61047 ; infill
G1 X79.208 Y45.836 Z5.944 E464.76166 ; infill
G1 X79.208 Y38.723 Z4.915 E465.03579 ; infill
G1 X79.208 Y37.070 Z4.700 E465.09950 ; infill
G1 X79.208 Y34.278 Z4.404 E465.20708 ; infill
G1 X79.208 Y32.896 Z4.299 E465.26031 ; infill
G1 X79.208 Y31.507 Z4.228 E465.31385 ; infill
G1 X79.208 Y30.102 Z4.196 E465.36799 ; infill
G1 X79.208 Y28.674 Z4.205 E465.42299 ; infill
G1 X79.208 Y27.217 Z4.261 E465.47915 ; infill
G1 X79.208 Y26.521 Z4.309 E465.50597 ; infill
G1 X78.749 Y26.578 Z4.310 E465.52378 ; infill
G1 X78.749 Y27.283 Z4.261 E465.55095 ; infill
G1 X78.749 Y28.741 Z4.205 E465.60714 ; infill
G1 X78.749 Y30.170 Z4.195 E465.66219 ; infill
G1 X78.749 Y31.577 Z4.228 E465.71639 ; infill
G1 X78.749 Y32.968 Z4.298 E465.77001 ; infill
G1 X78.749 Y34.362 Z4.403 E465.82371 ; infill
G1 X78.749 Y35.762 Z4.538 E465.87766 ; infill
G1 X78.749 Y37.168 Z4.698 E465.93184 ; infill
G1 X78.749 Y40.537 Z5.150 E466.06168 ; infill
G1 X78.749 Y45.208 Z5.829 E466.24167 ; infill
G1 X78.749 Y47.986 Z6.209 E466.34873 ; infill
G1 X78.749 Y50.089 Z6.472 E466.42977 ; infill
G1 X78.749 Y52.178 Z6.704 E466.51029 ; infill
G1 X78.749 Y54.743 Z6.951 E466.60911 ; infill
G1 X78.749 Y57.026 Z7.131 E466.69708 ; infill
G1 X78.749 Y58.797 Z7.248 E466.76530 ; infill
G1 X78.749 Y61.952 Z7.404 E466.88690 ; infill
G1 X78.749 Y65.729 Z7.509 E467.03241 ; infill
G1 X78.749 Y68.930 Z7.540 E467.15576 ; infill
G1 X78.749 Y69.751 Z7.535 E467.18740 ; infill
G1 X78.749 Y77.128 Z7.352 E467.47162 ; infill
G1 X78.749 Y88.449 Z7.036 E467.90783 ; infill
G1 X78.749 Y98.509 Z6.710 E468.29545 ; infill
G1 X78.749 Y104.530 Z6.473 E468.52747 ; infill
G1 X78.749 Y108.522 Z6.361 E468.68127 ; infill
G1 X78.749 Y114.569 Z6.301 E468.91427 ; infill
G1 X78.749 Y124.039 Z6.297 E469.27917 ; infill
G1 X78.749 Y130.657 Z6.219 E469.53419 ; infill
G1 X78.749 Y131.779 Z6.161 E469.57742 ; infill
G1 X78.749 Y134.056 Z6.003 E469.66514 ; infill
G1 X78.749 Y145.047 Z5.095 E470.08865 ; infill
G1 X78.749 Y149.687 Z4.740 E470.26742 ; infill
G1 X78.749 Y153.585 Z4.470 E470.41764 ; infill
G1 X78.290 Y153.552 Z4.467 E470.43537 ; infill
G1 X78.290 Y149.645 Z4.734 E470.58591 ; infill
G1 X78.290 Y144.995 Z5.089 E470.76506 ; infill
G1 X78.290 Y133.830 Z6.012 E471.19527 ; infill
G1 X78.290 Y130.917 Z6.187 E471.30751 ; infill
G1 X78.290 Y129.199 Z6.225 E471.37374 ; infill
G1 X78.290 Y125.473 Z6.262 E471.51727 ; infill
G1 X78.290 Y121.943 Z6.276 E471.65330 ; infill
G1 X78.290 Y113.706 Z6.259 E471.97070 ; infill
G1 X78.290 Y110.533 Z6.282 E472.09295 ; infill
G1 X78.290 Y107.524 Z6.336 E472.20888 ; infill
G1 X78.290 Y103.750 Z6.460 E472.35430 ; infill
G1 X78.290 Y96.993 Z6.731 E472.61465 ; infill
G1 X78.290 Y86.603 Z7.068 E473.01499 ; infill
G1 X78.290 Y77.144 Z7.332 E473.37944 ; infill
G1 X78.290 Y69.106 Z7.520 E473.68917 ; infill
G1 X78.290 Y65.935 Z7.490 E473.81136 ; infill
G1 X78.290 Y62.378 Z7.396 E473.94842 ; infill
G1 X78.290 Y59.133 Z7.241 E474.07345 ; infill
G1 X78.290 Y57.444 Z7.133 E474.13852 ; infill
G1 X78.290 Y55.009 Z6.945 E474.23234 ; infill
G1 X78.290 Y52.563 Z6.716 E474.32658 ; infill
G1 X78.290 Y49.014 Z6.310 E474.46335 ; infill
G1 X78.290 Y45.905 Z5.900 E474.58316 ; infill
G1 X78.290 Y38.952 Z4.910 E474.85113 ; infill
G1 X78.290 Y37.275 Z4.696 E474.91574 ; infill
G1 X78.290 Y34.455 Z4.402 E475.02441 ; infill
G1 X78.290 Y33.051 Z4.298 E475.07850 ; infill
G1 X78.290 Y31.647 Z4.227 E475.13262 ; infill
G1 X78.290 Y30.239 Z4.195 E475.18688 ; infill
G1 X78.290 Y28.809 Z4.205 E475.24198 ; infill
G1 X78.290 Y27.349 Z4.261 E475.29821 ; infill
G1 X78.290 Y26.635 Z4.310 E475.32572 ; infill
G1 X77.831 Y26.701 Z4.310 E475.34358 ; infill
G1 X77.831 Y27.416 Z4.260 E475.37113 ; infill
G1 X77.831 Y28.876 Z4.204 E475.42739 ; infill
G1 X77.831 Y30.307 Z4.194 E475.48253 ; infill
G1 X77.831 Y31.729 Z4.227 E475.53731 ; infill
G1 X77.831 Y33.142 Z4.297 E475.59178 ; infill
G1 X77.831 Y34.548 Z4.401 E475.64595 ; infill
G1 X77.831 Y37.388 Z4.695 E475.75537 ; infill
G1 X77.831 Y40.799 Z5.145 E475.88683 ; infill
G1 X77.831 Y45.561 Z5.824 E476.07036 ; infill
G1 X77.831 Y48.367 Z6.201 E476.17848 ; infill
G1 X77.831 Y52.179 Z6.644 E476.32538 ; infill
G1 X77.831 Y55.287 Z6.940 E476.44514 ; infill
G1 X77.831 Y58.703 Z7.187 E476.57676 ; infill
G1 X77.831 Y62.094 Z7.358 E476.70744 ; infill
G1 X77.831 Y64.989 Z7.449 E476.81898 ; infill
G1 X77.831 Y69.086 Z7.499 E476.97684 ; infill
G1 X77.831 Y70.435 Z7.479 E477.02879 ; infill
G1 X77.831 Y78.235 Z7.281 E477.32935 ; infill
G1 X77.831 Y90.124 Z6.932 E477.78744 ; infill
G1 X77.831 Y98.509 Z6.640 E478.11052 ; infill
G1 X77.831 Y105.302 Z6.354 E478.37228 ; infill
G1 X77.831 Y108.514 Z6.260 E478.49603 ; infill
G1 X77.831 Y113.701 Z6.210 E478.69590 ; infill
G1 X77.831 Y121.215 Z6.242 E478.98541 ; infill
G1 X77.831 Y125.066 Z6.237 E479.13380 ; infill
G1 X77.831 Y129.193 Z6.203 E479.29283 ; infill
G1 X77.831 Y131.062 Z6.159 E479.36484 ; infill
G1 X77.831 Y133.535 Z6.022 E479.46013 ; infill
G1 X77.831 Y147.275 Z4.901 E479.98956 ; infill
G1 X77.831 Y153.502 Z4.464 E480.22948 ; infill
G1 X77.373 Y153.447 Z4.463 E480.24728 ; infill
G1 X77.373 Y147.218 Z4.895 E480.48730 ; infill
G1 X77.373 Y134.250 Z5.951 E480.98697 ; infill
G1 X77.373 Y132.971 Z6.044 E481.03625 ; infill
G1 X77.373 Y131.384 Z6.125 E481.09739 ; infill
G1 X77.373 Y129.187 Z6.175 E481.18205 ; infill
G1 X77.373 Y125.342 Z6.204 E481.33020 ; infill
G1 X77.373 Y121.807 Z6.206 E481.46641 ; infill
G1 X77.373 Y113.697 Z6.156 E481.77890 ; infill
G1 X77.373 Y110.532 Z6.172 E481.90088 ; infill
G1 X77.373 Y108.510 Z6.205 E481.97877 ; infill
G1 X77.373 Y105.301 Z6.303 E482.10241 ; infill
G1 X77.373 Y96.571 Z6.678 E482.43880 ; infill
G1 X77.373 Y87.803 Z6.979 E482.77665 ; infill
G1 X77.373 Y77.905 Z7.268 E483.15800 ; infill
G1 X77.373 Y70.478 Z7.458 E483.44420 ; infill
G1 X77.373 Y69.066 Z7.478 E483.49860 ; infill
G1 X77.373 Y65.484 Z7.436 E483.63661 ; infill
G1 X77.373 Y61.792 Z7.320 E483.77886 ; infill
G1 X77.373 Y58.347 Z7.137 E483.91160 ; infill
G1 X77.373 Y55.354 Z6.914 E484.02695 ; infill
G1 X77.373 Y52.963 Z6.695 E484.11908 ; infill
G1 X77.373 Y49.290 Z6.284 E484.26060 ; infill
G1 X77.373 Y46.255 Z5.892 E484.37754 ; infill
G1 X77.373 Y39.202 Z4.906 E484.64938 ; infill
G1 X77.373 Y36.071 Z4.533 E484.77001 ; infill
G1 X77.373 Y34.649 Z4.400 E484.82480 ; infill
G1 X77.373 Y33.233 Z4.296 E484.87938 ; infill
G1 X77.373 Y31.817 Z4.226 E484.93392 ; infill
G1 X77.373 Y30.387 Z4.194 E484.98903 ; infill
G1 X77.373 Y28.943 Z4.204 E485.04469 ; infill
G1 X77.373 Y27.482 Z4.260 E485.10097 ; infill
G1 X77.373 Y26.770 Z4.310 E485.12840 ; infill
G1 X76.914 Y26.839 Z4.310 E485.14628 ; infill
G1 X76.914 Y27.548 Z4.260 E485.17359 ; infill
G1 X76.914 Y29.021 Z4.204 E485.23035 ; infill
G1 X76.914 Y30.474 Z4.193 E485.28634 ; infill
G1 X76.914 Y31.906 Z4.225 E485.34151 ; infill
G1 X76.914 Y33.331 Z4.295 E485.39642 ; infill
G1 X76.914 Y34.756 Z4.399 E485.45133 ; infill
G1 X76.914 Y37.626 Z4.691 E485.56192 ; infill
G1 X76.914 Y39.332 Z4.904 E485.62766 ; infill
G1 X76.914 Y45.932 Z5.818 E485.88200 ; infill
G1 X76.914 Y48.784 Z6.192 E485.99190 ; infill
G1 X76.914 Y52.234 Z6.586 E486.12484 ; infill
G1 X76.914 Y55.138 Z6.863 E486.23673 ; infill
G1 X76.914 Y58.706 Z7.130 E486.37423 ; infill
G1 X76.914 Y61.960 Z7.300 E486.49962 ; infill
G1 X76.914 Y65.880 Z7.419 E486.65067 ; infill
G1 X76.914 Y69.265 Z7.457 E486.78107 ; infill
G1 X76.914 Y78.324 Z7.234 E487.13015 ; infill
G1 X76.914 Y90.399 Z6.864 E487.59541 ; infill
G1 X76.914 Y97.503 Z6.605 E487.86911 ; infill
G1 X76.914 Y105.301 Z6.246 E488.16960 ; infill
G1 X76.914 Y108.508 Z6.142 E488.29315 ; infill
G1 X76.914 Y113.694 Z6.097 E488.49299 ; infill
G1 X76.914 Y121.118 Z6.163 E488.77903 ; infill
G1 X76.914 Y125.489 Z6.171 E488.94744 ; infill
G1 X76.914 Y129.182 Z6.148 E489.08975 ; infill
G1 X76.914 Y131.550 Z6.097 E489.18098 ; infill
G1 X76.914 Y132.819 Z6.035 E489.22989 ; infill
G1 X76.914 Y136.573 Z5.758 E489.37455 ; infill
G1 X76.914 Y147.157 Z4.889 E489.78236 ; infill
G1 X76.914 Y153.393 Z4.463 E490.02263 ; infill
G1 X76.455 Y153.338 Z4.461 E490.04043 ; infill
G1 X76.455 Y149.429 Z4.713 E490.19103 ; infill
G1 X76.455 Y147.089 Z4.884 E490.28121 ; infill
G1 X76.455 Y137.292 Z5.689 E490.65870 ; infill
G1 X76.455 Y133.738 Z5.950 E490.79564 ; infill
G1 X76.455 Y131.715 Z6.069 E490.87360 ; infill
G1 X76.455 Y129.176 Z6.115 E490.97142 ; infill
G1 X76.455 Y125.223 Z6.133 E491.12373 ; infill
G1 X76.455 Y121.708 Z6.122 E491.25917 ; infill
G1 X76.455 Y113.692 Z6.034 E491.56804 ; infill
G1 X76.455 Y110.534 Z6.044 E491.68973 ; infill
G1 X76.455 Y108.506 Z6.077 E491.76789 ; infill
G1 X76.455 Y105.301 Z6.188 E491.89135 ; infill
G1 X76.455 Y96.618 Z6.601 E492.22595 ; infill
G1 X76.455 Y88.743 Z6.889 E492.52935 ; infill
G1 X76.455 Y79.372 Z7.179 E492.89044 ; infill
G1 X76.455 Y69.460 Z7.433 E493.27237 ; infill
G1 X76.455 Y65.740 Z7.389 E493.41570 ; infill
G1 X76.455 Y62.385 Z7.289 E493.54498 ; infill
G1 X76.455 Y59.060 Z7.122 E493.67307 ; infill
G1 X76.455 Y56.407 Z6.937 E493.77532 ; infill
G1 X76.455 Y54.850 Z6.805 E493.83531 ; infill
G1 X76.455 Y51.566 Z6.484 E493.96183 ; infill
G1 X76.455 Y49.009 Z6.188 E494.06039 ; infill
G1 X76.455 Y46.304 Z5.839 E494.16460 ; infill
G1 X76.455 Y39.474 Z4.902 E494.42784 ; infill
G1 X76.455 Y36.303 Z4.530 E494.55002 ; infill
G1 X76.455 Y34.863 Z4.397 E494.60549 ; infill
G1 X76.455 Y33.436 Z4.294 E494.66049 ; infill
G1 X76.455 Y32.002 Z4.225 E494.71576 ; infill
G1 X76.455 Y30.562 Z4.193 E494.77124 ; infill
G1 X76.455 Y29.107 Z4.203 E494.82728 ; infill
G1 X76.455 Y27.624 Z4.260 E494.88443 ; infill
G1 X76.455 Y26.910 Z4.310 E494.91195 ; infill
G1 X75.996 Y26.993 Z4.310 E494.92991 ; infill
G1 X75.996 Y27.710 Z4.260 E494.95751 ; infill
G1 X75.996 Y29.193 Z4.203 E495.01469 ; infill
G1 X75.996 Y30.654 Z4.193 E495.07096 ; infill
G1 X75.996 Y32.105 Z4.224 E495.12686 ; infill
G1 X75.996 Y33.541 Z4.293 E495.18220 ; infill
G1 X75.996 Y34.981 Z4.396 E495.23769 ; infill
G1 X75.996 Y37.885 Z4.688 E495.34959 ; infill
G1 X75.996 Y39.620 Z4.900 E495.41645 ; infill
G1 X75.996 Y46.322 Z5.810 E495.67474 ; infill
G1 X75.996 Y49.239 Z6.183 E495.78712 ; infill
G1 X75.996 Y51.487 Z6.443 E495.87378 ; infill
G1 X75.996 Y54.830 Z6.770 E496.00259 ; infill
G1 X75.996 Y57.964 Z7.020 E496.12334 ; infill
G1 X75.996 Y61.516 Z7.222 E496.26018 ; infill
G1 X75.996 Y65.123 Z7.349 E496.39918 ; infill
G1 X75.996 Y69.217 Z7.408 E496.55693 ; infill
G1 X75.996 Y71.910 Z7.352 E496.66069 ; infill
G1 X75.996 Y80.445 Z7.123 E496.98954 ; infill
G1 X75.996 Y91.293 Z6.766 E497.40754 ; infill
G1 X75.996 Y97.846 Z6.509 E497.66004 ; infill
G1 X75.996 Y105.302 Z6.123 E497.94733 ; infill
G1 X75.996 Y108.504 Z6.005 E498.07071 ; infill
G1 X75.996 Y110.536 Z5.973 E498.14901 ; infill
G1 X75.996 Y113.691 Z5.966 E498.27056 ; infill
G1 X75.996 Y121.059 Z6.070 E498.55445 ; infill
G1 X75.996 Y124.777 Z6.093 E498.69771 ; infill
G1 X75.996 Y128.878 Z6.084 E498.85573 ; infill
G1 X75.996 Y131.668 Z6.038 E498.96324 ; infill
G1 X75.996 Y133.481 Z5.943 E499.03310 ; infill
G1 X75.996 Y136.532 Z5.732 E499.15064 ; infill
G1 X75.996 Y147.016 Z4.879 E499.55462 ; infill
G1 X75.996 Y149.361 Z4.708 E499.64498 ; infill
G1 X75.996 Y153.273 Z4.458 E499.79572 ; infill
G1 X75.537 Y153.201 Z4.458 E499.81362 ; infill
G1 X75.537 Y149.291 Z4.703 E499.96428 ; infill
G1 X75.537 Y146.939 Z4.873 E500.05490 ; infill
G1 X75.537 Y136.471 Z5.719 E500.45825 ; infill
G1 X75.537 Y133.501 Z5.915 E500.57270 ; infill
G1 X75.537 Y131.847 Z5.996 E500.63642 ; infill
G1 X75.537 Y129.337 Z6.044 E500.73314 ; infill
G1 X75.537 Y125.780 Z6.052 E500.87019 ; infill
G1 X75.537 Y121.644 Z6.025 E501.02955 ; infill
G1 X75.537 Y113.690 Z5.895 E501.33603 ; infill
G1 X75.537 Y110.540 Z5.897 E501.45742 ; infill
G1 X75.537 Y108.503 Z5.929 E501.53588 ; infill
G1 X75.537 Y105.303 Z6.056 E501.65918 ; infill
G1 X75.537 Y98.509 Z6.433 E501.92099 ; infill
G1 X75.537 Y89.332 Z6.802 E502.27456 ; infill
G1 X75.537 Y77.635 Z7.176 E502.72528 ; infill
G1 X75.537 Y70.309 Z7.365 E503.00755 ; infill
G1 X75.537 Y68.996 Z7.382 E503.05815 ; infill
G1 X75.537 Y65.458 Z7.328 E503.19448 ; infill
G1 X75.537 Y61.618 Z7.197 E503.34244 ; infill
G1 X75.537 Y58.281 Z7.008 E503.47100 ; infill
G1 X75.537 Y54.274 Z6.689 E503.62541 ; infill
G1 X75.537 Y51.756 Z6.438 E503.72244 ; infill
G1 X75.537 Y49.486 Z6.179 E503.80991 ; infill
G1 X75.537 Y46.681 Z5.825 E503.91801 ; infill
G1 X75.537 Y39.770 Z4.897 E504.18434 ; infill
G1 X75.537 Y38.028 Z4.686 E504.25145 ; infill
G1 X75.537 Y35.103 Z4.395 E504.36416 ; infill
G1 X75.537 Y33.654 Z4.292 E504.41999 ; infill
G1 X75.537 Y32.208 Z4.223 E504.47573 ; infill
G1 X75.537 Y30.755 Z4.192 E504.53168 ; infill
G1 X75.537 Y29.282 Z4.203 E504.58845 ; infill
G1 X75.537 Y27.795 Z4.260 E504.64575 ; infill
G1 X75.537 Y27.077 Z4.310 E504.67344 ; infill
G1 X75.078 Y27.160 Z4.310 E504.69140 ; infill
G1 X75.078 Y27.880 Z4.260 E504.71917 ; infill
G1 X75.078 Y29.383 Z4.203 E504.77705 ; infill
G1 X75.078 Y30.857 Z4.192 E504.83386 ; infill
G1 X75.078 Y32.316 Z4.223 E504.89007 ; infill
G1 X75.078 Y33.774 Z4.291 E504.94627 ; infill
G1 X75.078 Y35.225 Z4.394 E505.00218 ; infill
G1 X75.078 Y38.171 Z4.684 E505.11570 ; infill
G1 X75.078 Y39.933 Z4.895 E505.18358 ; infill
G1 X75.078 Y46.734 Z5.799 E505.44568 ; infill
G1 X75.078 Y49.535 Z6.150 E505.55362 ; infill
G1 X75.078 Y52.042 Z6.432 E505.65022 ; infill
G1 X75.078 Y54.529 Z6.677 E505.74605 ; infill
G1 X75.078 Y58.731 Z7.005 E505.90798 ; infill
G1 X75.078 Y62.134 Z7.188 E506.03907 ; infill
G1 X75.078 Y66.201 Z7.315 E506.19578 ; infill
G1 X75.078 Y69.259 Z7.356 E506.31361 ; infill
G1 X75.078 Y74.439 Z7.235 E506.51322 ; infill
G1 X75.078 Y81.481 Z7.033 E506.78453 ; infill
G1 X75.078 Y91.491 Z6.684 E507.17022 ; infill
G1 X75.078 Y98.509 Z6.386 E507.44063 ; infill
G1 X75.078 Y106.785 Z5.909 E507.75955 ; infill
G1 X75.078 Y109.518 Z5.827 E507.86485 ; infill
G1 X75.078 Y111.560 Z5.809 E507.94352 ; infill
G1 X75.078 Y114.514 Z5.823 E508.05734 ; infill
G1 X75.078 Y120.983 Z5.962 E508.30660 ; infill
G1 X75.078 Y124.622 Z6.003 E508.44682 ; infill
G1 X75.078 Y129.159 Z6.006 E508.62164 ; infill
G1 X75.078 Y132.026 Z5.954 E508.73210 ; infill
G1 X75.078 Y133.807 Z5.870 E508.80073 ; infill
G1 X75.078 Y136.529 Z5.695 E508.90559 ; infill
G1 X75.078 Y146.852 Z4.869 E509.30339 ; infill
G1 X75.078 Y149.213 Z4.699 E509.39435 ; infill
G1 X75.078 Y153.129 Z4.457 E509.54523 ; infill
G1 X74.620 Y153.057 Z4.455 E509.56312 ; infill
G1 X74.620 Y149.133 Z4.694 E509.71432 ; infill
G1 X74.620 Y146.764 Z4.864 E509.80559 ; infill
G1 X74.620 Y136.183 Z5.698 E510.21328 ; infill
G1 X74.620 Y132.514 Z5.902 E510.35467 ; infill
G1 X74.620 Y130.238 Z5.956 E510.44235 ; infill
G1 X74.620 Y126.311 Z5.964 E510.59366 ; infill
G1 X74.620 Y121.288 Z5.909 E510.78721 ; infill
G1 X74.620 Y116.201 Z5.779 E510.98324 ; infill
G1 X74.620 Y113.691 Z5.734 E511.07994 ; infill
G1 X74.620 Y110.549 Z5.728 E511.20099 ; infill
G1 X74.620 Y108.503 Z5.761 E511.27982 ; infill
G1 X74.620 Y105.307 Z5.908 E511.40297 ; infill
G1 X74.620 Y98.509 Z6.333 E511.66493 ; infill
G1 X74.620 Y92.336 Z6.609 E511.90277 ; infill
G1 X74.620 Y85.354 Z6.874 E512.17181 ; infill
G1 X74.620 Y80.550 Z7.031 E512.35690 ; infill
G1 X74.620 Y69.522 Z7.329 E512.78181 ; infill
G1 X74.620 Y65.172 Z7.261 E512.94944 ; infill
G1 X74.620 Y61.953 Z7.146 E513.07345 ; infill
G1 X74.620 Y58.364 Z6.945 E513.21176 ; infill
G1 X74.620 Y54.864 Z6.672 E513.34662 ; infill
G1 X74.620 Y52.338 Z6.427 E513.44394 ; infill
G1 X74.620 Y50.005 Z6.170 E513.53385 ; infill
G1 X74.620 Y47.069 Z5.809 E513.64698 ; infill
G1 X74.620 Y40.096 Z4.893 E513.91570 ; infill
G1 X74.620 Y38.326 Z4.682 E513.98390 ; infill
G1 X74.620 Y35.361 Z4.393 E514.09815 ; infill
G1 X74.620 Y33.894 Z4.290 E514.15467 ; infill
G1 X74.620 Y32.434 Z4.222 E514.21092 ; infill
G1 X74.620 Y30.960 Z4.191 E514.26772 ; infill
G1 X74.620 Y29.483 Z4.202 E514.32464 ; infill
G1 X74.620 Y27.980 Z4.260 E514.38257 ; infill
G1 X74.620 Y27.247 Z4.310 E514.41078 ; infill
G1 X74.161 Y27.346 Z4.310 E514.42886 ; infill
G1 X74.161 Y28.079 Z4.259 E514.45713 ; infill
G1 X74.161 Y29.583 Z4.202 E514.51509 ; infill
G1 X74.161 Y31.077 Z4.191 E514.57265 ; infill
G1 X74.161 Y32.553 Z4.221 E514.62950 ; infill
G1 X74.161 Y34.024 Z4.289 E514.68617 ; infill
G1 X74.161 Y35.500 Z4.391 E514.74305 ; infill
G1 X74.161 Y38.486 Z4.680 E514.85814 ; infill
G1 X74.161 Y40.273 Z4.891 E514.92697 ; infill
G1 X74.161 Y46.327 Z5.679 E515.16027 ; infill
G1 X74.161 Y49.818 Z6.111 E515.29481 ; infill
G1 X74.161 Y52.644 Z6.422 E515.40371 ; infill
G1 X74.161 Y55.212 Z6.666 E515.50265 ; infill
G1 X74.161 Y58.835 Z6.941 E515.64225 ; infill
G1 X74.161 Y62.324 Z7.129 E515.77669 ; infill
G1 X74.161 Y65.637 Z7.241 E515.90434 ; infill
G1 X74.161 Y69.576 Z7.299 E516.05613 ; infill
G1 X74.161 Y76.221 Z7.128 E516.31214 ; infill
G1 X74.161 Y81.652 Z6.964 E516.52143 ; infill
G1 X74.161 Y91.509 Z6.601 E516.90123 ; infill
G1 X74.161 Y98.509 Z6.281 E517.17092 ; infill
G1 X74.161 Y106.071 Z5.779 E517.46230 ; infill
G1 X74.161 Y108.504 Z5.672 E517.55605 ; infill
G1 X74.161 Y110.554 Z5.641 E517.63506 ; infill
G1 X74.161 Y113.691 Z5.654 E517.75593 ; infill
G1 X74.161 Y116.189 Z5.705 E517.85218 ; infill
G1 X74.161 Y121.593 Z5.855 E518.06041 ; infill
G1 X74.161 Y125.748 Z5.910 E518.22048 ; infill
G1 X74.161 Y129.308 Z5.920 E518.35768 ; infill
G1 X74.161 Y132.714 Z5.860 E518.48890 ; infill
G1 X74.161 Y134.420 Z5.780 E518.55465 ; infill
G1 X74.161 Y136.234 Z5.668 E518.62452 ; infill
G1 X74.161 Y146.661 Z4.859 E519.02631 ; infill
G1 X74.161 Y149.043 Z4.690 E519.11810 ; infill
G1 X74.161 Y152.971 Z4.453 E519.26945 ; infill
G1 X73.702 Y152.882 Z4.453 E519.28746 ; infill
G1 X73.702 Y148.951 Z4.685 E519.43890 ; infill
G1 X73.702 Y146.557 Z4.854 E519.53115 ; infill
G1 X73.702 Y139.228 Z5.425 E519.81356 ; infill
G1 X73.702 Y136.142 Z5.647 E519.93246 ; infill
G1 X73.702 Y134.727 Z5.735 E519.98700 ; infill
G1 X73.702 Y132.914 Z5.818 E520.05684 ; infill
G1 X73.702 Y130.379 Z5.868 E520.15453 ; infill
G1 X73.702 Y125.885 Z5.860 E520.32769 ; infill
G1 X73.702 Y120.755 Z5.774 E520.52533 ; infill
G1 X73.702 Y115.319 Z5.600 E520.73480 ; infill
G1 X73.702 Y113.692 Z5.565 E520.79749 ; infill
G1 X73.702 Y110.560 Z5.548 E520.91818 ; infill
G1 X73.702 Y108.504 Z5.582 E520.99739 ; infill
G1 X73.702 Y106.073 Z5.691 E521.09108 ; infill
G1 X73.702 Y98.509 Z6.224 E521.38253 ; infill
G1 X73.702 Y93.009 Z6.492 E521.59442 ; infill
G1 X73.702 Y86.923 Z6.743 E521.82895 ; infill
G1 X73.702 Y81.113 Z6.948 E522.05280 ; infill
G1 X73.702 Y74.030 Z7.157 E522.32573 ; infill
G1 X73.702 Y69.576 Z7.268 E522.49733 ; infill
G1 X73.702 Y65.856 Z7.213 E522.64068 ; infill
G1 X73.702 Y62.093 Z7.085 E522.78565 ; infill
G1 X73.702 Y58.492 Z6.883 E522.92441 ; infill
G1 X73.702 Y55.578 Z6.660 E523.03670 ; infill
G1 X73.702 Y52.969 Z6.417 E523.13721 ; infill
G1 X73.702 Y50.568 Z6.160 E523.22973 ; infill
G1 X73.702 Y47.472 Z5.789 E523.34904 ; infill
G1 X73.702 Y40.454 Z4.888 E523.61950 ; infill
G1 X73.702 Y37.140 Z4.521 E523.74722 ; infill
G1 X73.702 Y35.638 Z4.390 E523.80507 ; infill
G1 X73.702 Y34.160 Z4.288 E523.86201 ; infill
G1 X73.702 Y32.675 Z4.220 E523.91924 ; infill
G1 X73.702 Y31.194 Z4.190 E523.97630 ; infill
G1 X73.702 Y29.697 Z4.202 E524.03400 ; infill
G1 X73.702 Y28.179 Z4.259 E524.09248 ; infill
G1 X73.702 Y27.444 Z4.310 E524.12081 ; infill
G1 X73.243 Y27.542 Z4.310 E524.13888 ; infill
G1 X73.243 Y28.286 Z4.259 E524.16756 ; infill
G1 X73.243 Y29.813 Z4.202 E524.22637 ; infill
G1 X73.243 Y31.311 Z4.190 E524.28411 ; infill
G1 X73.243 Y32.810 Z4.220 E524.34187 ; infill
G1 X73.243 Y34.297 Z4.287 E524.39916 ; infill
G1 X73.243 Y35.794 Z4.389 E524.45686 ; infill
G1 X73.243 Y38.828 Z4.676 E524.57373 ; infill
G1 X73.243 Y40.642 Z4.886 E524.64364 ; infill
G1 X73.243 Y46.781 Z5.667 E524.88021 ; infill
G1 X73.243 Y50.131 Z6.071 E525.00930 ; infill
G1 X73.243 Y53.306 Z6.411 E525.13164 ; infill
G1 X73.243 Y55.964 Z6.653 E525.23406 ; infill
G1 X73.243 Y58.982 Z6.877 E525.35038 ; infill
G1 X73.243 Y62.506 Z7.067 E525.48614 ; infill
G1 X73.243 Y65.739 Z7.176 E525.61072 ; infill
G1 X73.243 Y69.576 Z7.236 E525.75857 ; infill
G1 X73.243 Y80.640 Z6.928 E526.18488 ; infill
G1 X73.243 Y84.893 Z6.780 E526.34876 ; infill
G1 X73.243 Y91.388 Z6.517 E526.59901 ; infill
G1 X73.243 Y98.509 Z6.166 E526.87337 ; infill
G1 X73.243 Y105.316 Z5.653 E527.13568 ; infill
G1 X73.243 Y106.837 Z5.556 E527.19429 ; infill
G1 X73.243 Y108.505 Z5.483 E527.25855 ; infill
G1 X73.243 Y110.566 Z5.452 E527.33796 ; infill
G1 X73.243 Y113.693 Z5.476 E527.45845 ; infill
G1 X73.243 Y116.166 Z5.543 E527.55374 ; infill
G1 X73.243 Y121.002 Z5.717 E527.74005 ; infill
G1 X73.243 Y126.022 Z5.810 E527.93351 ; infill
G1 X73.243 Y130.449 Z5.824 E528.10409 ; infill
G1 X73.243 Y133.114 Z5.776 E528.20677 ; infill
G1 X73.243 Y134.719 Z5.706 E528.26859 ; infill
G1 X73.243 Y136.615 Z5.587 E528.34165 ; infill
G1 X73.243 Y146.437 Z4.850 E528.72011 ; infill
G1 X73.243 Y148.848 Z4.681 E528.81302 ; infill
G1 X73.243 Y152.792 Z4.452 E528.96499 ; infill
G1 X72.784 Y152.703 Z4.451 E528.98300 ; infill
G1 X72.784 Y148.744 Z4.677 E529.13552 ; infill
G1 X72.784 Y138.592 Z5.424 E529.52672 ; infill
G1 X72.784 Y135.922 Z5.601 E529.62958 ; infill
G1 X72.784 Y133.707 Z5.720 E529.71493 ; infill
G1 X72.784 Y131.340 Z5.776 E529.80614 ; infill
G1 X72.784 Y126.160 Z5.760 E530.00574 ; infill
G1 X72.784 Y121.305 Z5.659 E530.19281 ; infill
G1 X72.784 Y115.301 Z5.429 E530.42415 ; infill
G1 X72.784 Y113.694 Z5.386 E530.48606 ; infill
G1 X72.784 Y110.572 Z5.356 E530.60636 ; infill
G1 X72.784 Y108.506 Z5.384 E530.68596 ; infill
G1 X72.784 Y107.508 Z5.421 E530.72440 ; infill
G1 X72.784 Y106.077 Z5.507 E530.77956 ; infill
G1 X72.784 Y98.509 Z6.104 E531.07117 ; infill
G1 X72.784 Y95.228 Z6.284 E531.19757 ; infill
G1 X72.784 Y90.670 Z6.500 E531.37320 ; infill
G1 X72.784 Y86.327 Z6.685 E531.54053 ; infill
G1 X72.784 Y81.751 Z6.854 E531.71687 ; infill
G1 X72.784 Y76.181 Z7.031 E531.93149 ; infill
G1 X72.784 Y69.576 Z7.205 E532.18597 ; infill
G1 X72.784 Y65.622 Z7.139 E532.33833 ; infill
G1 X72.784 Y62.888 Z7.046 E532.44366 ; infill
G1 X72.784 Y59.431 Z6.867 E532.57690 ; infill
G1 X72.784 Y56.367 Z6.647 E532.69494 ; infill
G1 X72.784 Y53.653 Z6.406 E532.79950 ; infill
G1 X72.784 Y51.091 Z6.140 E532.89825 ; infill
G1 X72.784 Y47.893 Z5.767 E533.02147 ; infill
G1 X72.784 Y40.842 Z4.884 E533.29318 ; infill
G1 X72.784 Y37.468 Z4.518 E533.42318 ; infill
G1 X72.784 Y35.951 Z4.388 E533.48167 ; infill
G1 X72.784 Y34.445 Z4.287 E533.53969 ; infill
G1 X72.784 Y32.945 Z4.219 E533.59747 ; infill
G1 X72.784 Y31.443 Z4.189 E533.65534 ; infill
G1 X72.784 Y29.929 Z4.201 E533.71370 ; infill
G1 X72.784 Y28.402 Z4.259 E533.77254 ; infill
G1 X72.784 Y27.649 Z4.310 E533.80156 ; infill
G1 X72.326 Y27.763 Z4.310 E533.81978 ; infill
G1 X72.326 Y28.517 Z4.259 E533.84882 ; infill
G1 X72.326 Y30.053 Z4.201 E533.90800 ; infill
G1 X72.326 Y31.577 Z4.189 E533.96673 ; infill
G1 X72.326 Y33.084 Z4.218 E534.02480 ; infill
G1 X72.326 Y34.599 Z4.286 E534.08318 ; infill
G1 X72.326 Y36.111 Z4.386 E534.14143 ; infill
G1 X72.326 Y39.196 Z4.673 E534.26031 ; infill
G1 X72.326 Y41.043 Z4.881 E534.33146 ; infill
G1 X72.326 Y47.248 Z5.651 E534.57058 ; infill
G1 X72.326 Y50.473 Z6.030 E534.69486 ; infill
G1 X72.326 Y54.023 Z6.400 E534.83168 ; infill
G1 X72.326 Y56.790 Z6.640 E534.93826 ; infill
G1 X72.326 Y59.947 Z6.860 E535.05993 ; infill
G1 X72.326 Y63.296 Z7.024 E535.18896 ; infill
G1 X72.326 Y66.508 Z7.125 E535.31274 ; infill
G1 X72.326 Y69.576 Z7.171 E535.43095 ; infill
G1 X72.326 Y76.299 Z6.991 E535.68997 ; infill
G1 X72.326 Y82.859 Z6.775 E535.94273 ; infill
G1 X72.326 Y88.143 Z6.566 E536.14635 ; infill
G1 X72.326 Y93.765 Z6.303 E536.36297 ; infill
G1 X72.326 Y98.509 Z6.040 E536.54574 ; infill
G1 X72.326 Y106.079 Z5.409 E536.83745 ; infill
G1 X72.326 Y107.509 Z5.322 E536.89253 ; infill
G1 X72.326 Y108.506 Z5.284 E536.93098 ; infill
G1 X72.326 Y110.577 Z5.257 E537.01076 ; infill
G1 X72.326 Y113.693 Z5.293 E537.13084 ; infill
G1 X72.326 Y115.290 Z5.341 E537.19236 ; infill
G1 X72.326 Y121.608 Z5.601 E537.43580 ; infill
G1 X72.326 Y125.622 Z5.695 E537.59047 ; infill
G1 X72.326 Y130.590 Z5.736 E537.78189 ; infill
G1 X72.326 Y133.113 Z5.703 E537.87908 ; infill
G1 X72.326 Y134.849 Z5.628 E537.94600 ; infill
G1 X72.326 Y137.560 Z5.466 E538.05044 ; infill
G1 X72.326 Y148.623 Z4.673 E538.47672 ; infill
G1 X72.326 Y152.596 Z4.448 E538.62982 ; infill
G1 X71.867 Y152.484 Z4.447 E538.64802 ; infill
G1 X71.867 Y148.502 Z4.669 E538.80146 ; infill
G1 X71.867 Y137.338 Z5.450 E539.23160 ; infill
G1 X71.867 Y134.705 Z5.596 E539.33304 ; infill
G1 X71.867 Y132.448 Z5.675 E539.42000 ; infill
G1 X71.867 Y131.116 Z5.689 E539.47133 ; infill
G1 X71.867 Y128.358 Z5.676 E539.57760 ; infill
G1 X71.867 Y125.105 Z5.626 E539.70296 ; infill
G1 X71.867 Y120.805 Z5.503 E539.86865 ; infill
G1 X71.867 Y115.279 Z5.252 E540.08155 ; infill
G1 X71.867 Y113.693 Z5.200 E540.14267 ; infill
G1 X71.867 Y110.582 Z5.157 E540.26254 ; infill
G1 X71.867 Y108.506 Z5.183 E540.34252 ; infill
G1 X71.867 Y107.508 Z5.221 E540.38098 ; infill
G1 X71.867 Y106.049 Z5.314 E540.43721 ; infill
G1 X71.867 Y98.509 Z5.972 E540.72776 ; infill
G1 X71.867 Y92.299 Z6.322 E540.96701 ; infill
G1 X71.867 Y86.498 Z6.590 E541.19054 ; infill
G1 X71.867 Y81.822 Z6.773 E541.37070 ; infill
G1 X71.867 Y76.319 Z6.953 E541.58274 ; infill
G1 X71.867 Y69.576 Z7.134 E541.84255 ; infill
G1 X71.867 Y66.417 Z7.084 E541.96426 ; infill
G1 X71.867 Y62.423 Z6.949 E542.11819 ; infill
G1 X71.867 Y59.670 Z6.799 E542.22426 ; infill
G1 X71.867 Y56.111 Z6.541 E542.36140 ; infill
G1 X71.867 Y54.407 Z6.394 E542.42703 ; infill
G1 X71.867 Y51.365 Z6.088 E542.54425 ; infill
G1 X71.867 Y48.332 Z5.743 E542.66113 ; infill
G1 X71.867 Y41.262 Z4.879 E542.93358 ; infill
G1 X71.867 Y39.395 Z4.671 E543.00554 ; infill
G1 X71.867 Y36.286 Z4.385 E543.12532 ; infill
G1 X71.867 Y34.754 Z4.285 E543.18437 ; infill
G1 X71.867 Y33.237 Z4.218 E543.24280 ; infill
G1 X71.867 Y31.711 Z4.188 E543.30162 ; infill
G1 X71.867 Y30.185 Z4.201 E543.36039 ; infill
G1 X71.867 Y28.632 Z4.259 E543.42023 ; infill
G1 X71.867 Y27.878 Z4.310 E543.44930 ; infill
G1 X71.408 Y27.992 Z4.311 E543.46752 ; infill
G1 X71.408 Y28.764 Z4.259 E543.49727 ; infill
G1 X71.408 Y30.318 Z4.200 E543.55714 ; infill
G1 X71.408 Y31.858 Z4.188 E543.61646 ; infill
G1 X71.408 Y33.390 Z4.217 E543.67550 ; infill
G1 X71.408 Y34.922 Z4.284 E543.73454 ; infill
G1 X71.408 Y36.461 Z4.384 E543.79384 ; infill
G1 X71.408 Y39.594 Z4.669 E543.91457 ; infill
G1 X71.408 Y41.483 Z4.876 E543.98734 ; infill
G1 X71.408 Y47.729 Z5.632 E544.22805 ; infill
G1 X71.408 Y50.844 Z5.989 E544.34807 ; infill
G1 X71.408 Y54.647 Z6.373 E544.49460 ; infill
G1 X71.408 Y56.735 Z6.550 E544.57508 ; infill
G1 X71.408 Y60.171 Z6.788 E544.70747 ; infill
G1 X71.408 Y63.133 Z6.938 E544.82161 ; infill
G1 X71.408 Y66.326 Z7.043 E544.94464 ; infill
G1 X71.408 Y69.576 Z7.096 E545.06986 ; infill
G1 X71.408 Y75.044 Z6.953 E545.28052 ; infill
G1 X71.408 Y80.747 Z6.770 E545.50026 ; infill
G1 X71.408 Y84.823 Z6.614 E545.65733 ; infill
G1 X71.408 Y90.836 Z6.341 E545.88901 ; infill
G1 X71.408 Y95.361 Z6.099 E546.06337 ; infill
G1 X71.408 Y98.509 Z5.900 E546.18466 ; infill
G1 X71.408 Y106.083 Z5.212 E546.47654 ; infill
G1 X71.408 Y107.508 Z5.120 E546.53141 ; infill
G1 X71.408 Y108.506 Z5.081 E546.56989 ; infill
G1 X71.408 Y110.586 Z5.060 E546.65002 ; infill
G1 X71.408 Y113.692 Z5.108 E546.76970 ; infill
G1 X71.408 Y115.269 Z5.164 E546.83045 ; infill
G1 X71.408 Y121.068 Z5.443 E547.05392 ; infill
G1 X71.408 Y124.472 Z5.551 E547.18507 ; infill
G1 X71.408 Y128.562 Z5.623 E547.34267 ; infill
G1 X71.408 Y132.169 Z5.632 E547.48166 ; infill
G1 X71.408 Y134.528 Z5.564 E547.57253 ; infill
G1 X71.408 Y137.120 Z5.430 E547.67242 ; infill
G1 X71.408 Y140.578 Z5.208 E547.80566 ; infill
G1 X71.408 Y148.361 Z4.665 E548.10555 ; infill
G1 X71.408 Y152.371 Z4.447 E548.26005 ; infill
G1 X70.949 Y152.258 Z4.446 E548.27825 ; infill
G1 X70.949 Y148.216 Z4.661 E548.43400 ; infill
G1 X70.949 Y137.520 Z5.374 E548.84615 ; infill
G1 X70.949 Y134.805 Z5.512 E548.95074 ; infill
G1 X70.949 Y132.338 Z5.581 E549.04582 ; infill
G1 X70.949 Y128.766 Z5.571 E549.18344 ; infill
G1 X70.949 Y125.376 Z5.512 E549.31407 ; infill
G1 X70.949 Y121.366 Z5.384 E549.46859 ; infill
G1 X70.949 Y115.255 Z5.077 E549.70402 ; infill
G1 X70.949 Y113.688 Z5.019 E549.76440 ; infill
G1 X70.949 Y110.588 Z4.966 E549.88386 ; infill
G1 X70.949 Y108.504 Z4.985 E549.96415 ; infill
G1 X70.949 Y106.896 Z5.054 E550.02613 ; infill
G1 X70.949 Y105.825 Z5.134 E550.06739 ; infill
G1 X70.949 Y101.486 Z5.561 E550.23458 ; infill
G1 X70.949 Y98.509 Z5.829 E550.34931 ; infill
G1 X70.949 Y92.570 Z6.191 E550.57811 ; infill
G1 X70.949 Y89.017 Z6.376 E550.71504 ; infill
G1 X70.949 Y81.898 Z6.684 E550.98935 ; infill
G1 X70.949 Y76.362 Z6.873 E551.20263 ; infill
G1 X70.949 Y69.576 Z7.059 E551.46411 ; infill
G1 X70.949 Y66.235 Z7.002 E551.59286 ; infill
G1 X70.949 Y62.744 Z6.879 E551.72735 ; infill
G1 X70.949 Y59.106 Z6.678 E551.86755 ; infill
G1 X70.949 Y56.377 Z6.477 E551.97267 ; infill
G1 X70.949 Y54.228 Z6.290 E552.05551 ; infill
G1 X70.949 Y51.729 Z6.041 E552.15178 ; infill
G1 X70.949 Y48.791 Z5.716 E552.26501 ; infill
G1 X70.949 Y41.716 Z4.874 E552.53764 ; infill
G1 X70.949 Y39.813 Z4.667 E552.61096 ; infill
G1 X70.949 Y36.646 Z4.382 E552.73300 ; infill
G1 X70.949 Y35.096 Z4.283 E552.79273 ; infill
G1 X70.949 Y33.547 Z4.216 E552.85241 ; infill
G1 X70.949 Y32.009 Z4.187 E552.91166 ; infill
G1 X70.949 Y30.455 Z4.200 E552.97156 ; infill
G1 X70.949 Y28.896 Z4.258 E553.03161 ; infill
G1 X70.949 Y28.121 Z4.311 E553.06148 ; infill
G1 X70.490 Y28.253 Z4.311 E553.07988 ; infill
G1 X70.490 Y29.028 Z4.258 E553.10974 ; infill
G1 X70.490 Y30.605 Z4.200 E553.17051 ; infill
G1 X70.490 Y32.161 Z4.187 E553.23045 ; infill
G1 X70.490 Y33.719 Z4.215 E553.29049 ; infill
G1 X70.490 Y35.269 Z4.282 E553.35022 ; infill
G1 X70.490 Y36.841 Z4.381 E553.41079 ; infill
G1 X70.490 Y40.032 Z4.665 E553.53374 ; infill
G1 X70.490 Y41.958 Z4.872 E553.60794 ; infill
G1 X70.490 Y50.489 Z5.865 E553.93668 ; infill
G1 X70.490 Y52.962 Z6.125 E554.03199 ; infill
G1 X70.490 Y56.020 Z6.405 E554.14980 ; infill
G1 X70.490 Y58.734 Z6.612 E554.25441 ; infill
G1 X70.490 Y62.455 Z6.824 E554.39776 ; infill
G1 X70.490 Y66.142 Z6.957 E554.53981 ; infill
G1 X70.490 Y69.576 Z7.020 E554.67216 ; infill
G1 X70.490 Y76.300 Z6.834 E554.93123 ; infill
G1 X70.490 Y81.249 Z6.664 E555.12192 ; infill
G1 X70.490 Y87.903 Z6.378 E555.37830 ; infill
G1 X70.490 Y92.678 Z6.127 E555.56230 ; infill
G1 X70.490 Y98.509 Z5.757 E555.78696 ; infill
G1 X70.490 Y105.725 Z5.045 E556.06503 ; infill
G1 X70.490 Y107.123 Z4.946 E556.11890 ; infill
G1 X70.490 Y108.502 Z4.889 E556.17202 ; infill
G1 X70.490 Y110.590 Z4.871 E556.25249 ; infill
G1 X70.490 Y113.685 Z4.929 E556.37173 ; infill
G1 X70.490 Y115.242 Z4.992 E556.43171 ; infill
G1 X70.490 Y121.663 Z5.325 E556.67912 ; infill
G1 X70.490 Y125.514 Z5.454 E556.82751 ; infill
G1 X70.490 Y128.970 Z5.519 E556.96068 ; infill
G1 X70.490 Y132.506 Z5.529 E557.09692 ; infill
G1 X70.490 Y134.569 Z5.478 E557.17643 ; infill
G1 X70.490 Y137.272 Z5.353 E557.28057 ; infill
G1 X70.490 Y140.736 Z5.144 E557.41405 ; infill
G1 X70.490 Y148.054 Z4.657 E557.69602 ; infill
G1 X70.490 Y152.137 Z4.444 E557.85335 ; infill
G1 X70.032 Y151.989 Z4.444 E557.87194 ; infill
G1 X70.032 Y147.880 Z4.653 E558.03026 ; infill
G1 X70.032 Y137.687 Z5.296 E558.42300 ; infill
G1 X70.032 Y134.826 Z5.426 E558.53323 ; infill
G1 X70.032 Y132.674 Z5.478 E558.61616 ; infill
G1 X70.032 Y129.095 Z5.465 E558.75406 ; infill
G1 X70.032 Y125.653 Z5.396 E558.88669 ; infill
G1 X70.032 Y121.960 Z5.266 E559.02899 ; infill
G1 X70.032 Y115.228 Z4.906 E559.28837 ; infill
G1 X70.032 Y113.679 Z4.846 E559.34806 ; infill
G1 X70.032 Y110.588 Z4.788 E559.46714 ; infill
G1 X70.032 Y108.498 Z4.800 E559.54769 ; infill
G1 X70.032 Y106.788 Z4.871 E559.61355 ; infill
G1 X70.032 Y105.340 Z4.985 E559.66935 ; infill
G1 X70.032 Y98.509 Z5.679 E559.93260 ; infill
G1 X70.032 Y95.184 Z5.911 E560.06069 ; infill
G1 X70.032 Y91.338 Z6.141 E560.20891 ; infill
G1 X70.032 Y86.409 Z6.396 E560.39881 ; infill
G1 X70.032 Y79.777 Z6.672 E560.65436 ; infill
G1 X70.032 Y74.135 Z6.857 E560.87174 ; infill
G1 X70.032 Y69.576 Z6.977 E561.04740 ; infill
G1 X70.032 Y66.048 Z6.912 E561.18333 ; infill
G1 X70.032 Y63.036 Z6.804 E561.29939 ; infill
G1 X70.032 Y59.302 Z6.604 E561.44329 ; infill
G1 X70.032 Y56.136 Z6.370 E561.56526 ; infill
G1 X70.032 Y53.362 Z6.119 E561.67217 ; infill
G1 X70.032 Y50.754 Z5.851 E561.77266 ; infill
G1 X70.032 Y42.206 Z4.869 E562.10206 ; infill
G1 X70.032 Y40.264 Z4.663 E562.17688 ; infill
G1 X70.032 Y37.036 Z4.380 E562.30125 ; infill
G1 X70.032 Y35.461 Z4.281 E562.36196 ; infill
G1 X70.032 Y33.891 Z4.215 E562.42244 ; infill
G1 X70.032 Y32.325 Z4.186 E562.48279 ; infill
G1 X70.032 Y30.756 Z4.199 E562.54324 ; infill
G1 X70.032 Y29.171 Z4.258 E562.60430 ; infill
G1 X70.032 Y28.385 Z4.311 E562.63459 ; infill
G1 X69.573 Y28.521 Z4.311 E562.65302 ; infill
G1 X69.573 Y29.321 Z4.258 E562.68386 ; infill
G1 X69.573 Y30.906 Z4.199 E562.74495 ; infill
G1 X69.573 Y32.496 Z4.186 E562.80618 ; infill
G1 X69.573 Y34.068 Z4.214 E562.86678 ; infill
G1 X69.573 Y35.654 Z4.280 E562.92789 ; infill
G1 X69.573 Y37.248 Z4.379 E562.98929 ; infill
G1 X69.573 Y40.504 Z4.661 E563.11477 ; infill
G1 X69.573 Y42.469 Z4.866 E563.19049 ; infill
G1 X69.573 Y51.223 Z5.856 E563.52780 ; infill
G1 X69.573 Y53.788 Z6.114 E563.62662 ; infill
G1 X69.573 Y56.626 Z6.363 E563.73600 ; infill
G1 X69.573 Y59.911 Z6.596 E563.86255 ; infill
G1 X69.573 Y63.521 Z6.778 E564.00167 ; infill
G1 X69.573 Y66.834 Z6.889 E564.12931 ; infill
G1 X69.573 Y69.576 Z6.934 E564.23498 ; infill
G1 X69.573 Y75.293 Z6.777 E564.45525 ; infill
G1 X69.573 Y79.814 Z6.622 E564.62944 ; infill
G1 X69.573 Y84.890 Z6.414 E564.82504 ; infill
G1 X69.573 Y89.999 Z6.155 E565.02190 ; infill
G1 X69.573 Y93.944 Z5.920 E565.17391 ; infill
G1 X69.573 Y98.509 Z5.599 E565.34978 ; infill
G1 X69.573 Y105.342 Z4.893 E565.61311 ; infill
G1 X69.573 Y106.786 Z4.783 E565.66872 ; infill
G1 X69.573 Y107.954 Z4.735 E565.71374 ; infill
G1 X69.573 Y109.529 Z4.705 E565.77443 ; infill
G1 X69.573 Y110.585 Z4.707 E565.81513 ; infill
G1 X69.573 Y113.670 Z4.767 E565.93399 ; infill
G1 X69.573 Y116.051 Z4.872 E566.02572 ; infill
G1 X69.573 Y121.162 Z5.158 E566.22266 ; infill
G1 X69.573 Y124.391 Z5.293 E566.34707 ; infill
G1 X69.573 Y128.403 Z5.399 E566.50168 ; infill
G1 X69.573 Y132.280 Z5.432 E566.65105 ; infill
G1 X69.573 Y134.527 Z5.392 E566.73762 ; infill
G1 X69.573 Y137.431 Z5.273 E566.84953 ; infill
G1 X69.573 Y139.795 Z5.143 E566.94060 ; infill
G1 X69.573 Y147.692 Z4.649 E567.24491 ; infill
G1 X69.573 Y151.840 Z4.443 E567.40472 ; infill
G1 X69.114 Y151.691 Z4.443 E567.42330 ; infill
G1 X69.114 Y147.485 Z4.645 E567.58537 ; infill
G1 X69.114 Y137.839 Z5.216 E567.95702 ; infill
G1 X69.114 Y134.762 Z5.340 E568.07559 ; infill
G1 X69.114 Y132.424 Z5.381 E568.16567 ; infill
G1 X69.114 Y128.612 Z5.345 E568.31256 ; infill
G1 X69.114 Y124.654 Z5.236 E568.46509 ; infill
G1 X69.114 Y121.450 Z5.103 E568.58854 ; infill
G1 X69.114 Y116.031 Z4.797 E568.79734 ; infill
G1 X69.114 Y113.661 Z4.689 E568.88863 ; infill
G1 X69.114 Y110.581 Z4.630 E569.00732 ; infill
G1 X69.114 Y108.486 Z4.637 E569.08806 ; infill
G1 X69.114 Y106.781 Z4.704 E569.15374 ; infill
G1 X69.114 Y105.274 Z4.809 E569.21181 ; infill
G1 X69.114 Y98.509 Z5.520 E569.47251 ; infill
G1 X69.114 Y94.385 Z5.819 E569.63139 ; infill
G1 X69.114 Y89.202 Z6.137 E569.83111 ; infill
G1 X69.114 Y83.311 Z6.433 E570.05811 ; infill
G1 X69.114 Y79.850 Z6.571 E570.19143 ; infill
G1 X69.114 Y74.684 Z6.751 E570.39051 ; infill
G1 X69.114 Y69.576 Z6.891 E570.58731 ; infill
G1 X69.114 Y66.820 Z6.842 E570.69349 ; infill
G1 X69.114 Y63.363 Z6.722 E570.82673 ; infill
G1 X69.114 Y60.571 Z6.587 E570.93428 ; infill
G1 X69.114 Y57.145 Z6.356 E571.06631 ; infill
G1 X69.114 Y52.537 Z5.944 E571.24384 ; infill
G1 X69.114 Y49.768 Z5.654 E571.35057 ; infill
G1 X69.114 Y42.734 Z4.864 E571.62162 ; infill
G1 X69.114 Y39.094 Z4.505 E571.76186 ; infill
G1 X69.114 Y37.464 Z4.377 E571.82466 ; infill
G1 X69.114 Y35.850 Z4.278 E571.88685 ; infill
G1 X69.114 Y34.261 Z4.213 E571.94809 ; infill
G1 X69.114 Y32.666 Z4.185 E572.00952 ; infill
G1 X69.114 Y31.076 Z4.199 E572.07080 ; infill
G1 X69.114 Y29.471 Z4.258 E572.13265 ; infill
G1 X69.114 Y28.677 Z4.310 E572.16324 ; infill
G1 X68.655 Y28.834 Z4.310 E572.18191 ; infill
G1 X68.655 Y29.626 Z4.258 E572.21245 ; infill
G1 X68.655 Y31.246 Z4.198 E572.27486 ; infill
G1 X68.655 Y32.849 Z4.185 E572.33663 ; infill
G1 X68.655 Y34.453 Z4.212 E572.39845 ; infill
G1 X68.655 Y36.065 Z4.277 E572.46056 ; infill
G1 X68.655 Y37.683 Z4.376 E572.52290 ; infill
G1 X68.655 Y41.012 Z4.656 E572.65117 ; infill
G1 X68.655 Y52.018 Z5.846 E573.07528 ; infill
G1 X68.655 Y54.692 Z6.102 E573.17829 ; infill
G1 X68.655 Y57.665 Z6.347 E573.29287 ; infill
G1 X68.655 Y61.049 Z6.564 E573.42327 ; infill
G1 X68.655 Y63.204 Z6.666 E573.50628 ; infill
G1 X68.655 Y66.113 Z6.775 E573.61837 ; infill
G1 X68.655 Y69.576 Z6.844 E573.75181 ; infill
G1 X68.655 Y75.334 Z6.680 E573.97365 ; infill
G1 X68.655 Y81.647 Z6.452 E574.21691 ; infill
G1 X68.655 Y87.303 Z6.181 E574.43483 ; infill
G1 X68.655 Y91.031 Z5.965 E574.57850 ; infill
G1 X68.655 Y94.804 Z5.719 E574.72386 ; infill
G1 X68.655 Y98.258 Z5.459 E574.85695 ; infill
G1 X68.655 Y104.431 Z4.805 E575.09483 ; infill
G1 X68.655 Y106.082 Z4.669 E575.15844 ; infill
G1 X68.655 Y107.482 Z4.597 E575.21240 ; infill
G1 X68.655 Y108.476 Z4.575 E575.25067 ; infill
G1 X68.655 Y110.572 Z4.569 E575.33145 ; infill
G1 X68.655 Y113.648 Z4.624 E575.44997 ; infill
G1 X68.655 Y115.313 Z4.685 E575.51412 ; infill
G1 X68.655 Y121.738 Z5.047 E575.76168 ; infill
G1 X68.655 Y124.801 Z5.179 E575.87969 ; infill
G1 X68.655 Y128.821 Z5.291 E576.03460 ; infill
G1 X68.655 Y132.569 Z5.330 E576.17902 ; infill
G1 X68.655 Y135.026 Z5.287 E576.27369 ; infill
G1 X68.655 Y137.550 Z5.192 E576.37096 ; infill
G1 X68.655 Y147.268 Z4.640 E576.74539 ; infill
G1 X68.655 Y151.542 Z4.440 E576.91009 ; infill
G1 X68.196 Y151.367 Z4.438 E576.92901 ; infill
G1 X68.196 Y147.023 Z4.636 E577.09638 ; infill
G1 X68.196 Y137.930 Z5.135 E577.44678 ; infill
G1 X68.196 Y135.316 Z5.234 E577.54750 ; infill
G1 X68.196 Y132.739 Z5.279 E577.64676 ; infill
G1 X68.196 Y131.434 Z5.275 E577.69705 ; infill
G1 X68.196 Y128.048 Z5.218 E577.82753 ; infill
G1 X68.196 Y124.934 Z5.121 E577.94752 ; infill
G1 X68.196 Y122.026 Z4.991 E578.05958 ; infill
G1 X68.196 Y116.818 Z4.698 E578.26022 ; infill
G1 X68.196 Y113.633 Z4.564 E578.38296 ; infill
G1 X68.196 Y110.563 Z4.508 E578.50125 ; infill
G1 X68.196 Y108.465 Z4.515 E578.58209 ; infill
G1 X68.196 Y107.473 Z4.538 E578.62032 ; infill
G1 X68.196 Y105.808 Z4.613 E578.68444 ; infill
G1 X68.196 Y104.591 Z4.715 E578.73135 ; infill
G1 X68.196 Y103.649 Z4.802 E578.76767 ; infill
G1 X68.196 Y98.509 Z5.355 E578.96574 ; infill
G1 X68.196 Y97.723 Z5.421 E578.99599 ; infill
G1 X68.196 Y93.645 Z5.725 E579.15312 ; infill
G1 X68.196 Y90.221 Z5.949 E579.28505 ; infill
G1 X68.196 Y85.918 Z6.194 E579.45088 ; infill
G1 X68.196 Y79.924 Z6.470 E579.68183 ; infill
G1 X68.196 Y74.728 Z6.649 E579.88201 ; infill
G1 X68.196 Y69.576 Z6.795 E580.08054 ; infill
G1 X68.196 Y66.676 Z6.741 E580.19230 ; infill
G1 X68.196 Y63.046 Z6.610 E580.33217 ; infill
G1 X68.196 Y60.033 Z6.453 E580.44823 ; infill
G1 X68.196 Y57.369 Z6.272 E580.55091 ; infill
G1 X68.196 Y55.181 Z6.096 E580.63520 ; infill
G1 X68.196 Y52.978 Z5.892 E580.72008 ; infill
G1 X68.196 Y50.284 Z5.619 E580.82391 ; infill
G1 X68.196 Y43.307 Z4.859 E581.09274 ; infill
G1 X68.196 Y39.581 Z4.502 E581.23631 ; infill
G1 X68.196 Y37.922 Z4.374 E581.30026 ; infill
G1 X68.196 Y36.280 Z4.276 E581.36351 ; infill
G1 X68.196 Y34.653 Z4.212 E581.42619 ; infill
G1 X68.196 Y33.040 Z4.184 E581.48834 ; infill
G1 X68.196 Y31.416 Z4.198 E581.55094 ; infill
G1 X68.196 Y29.795 Z4.258 E581.61338 ; infill
G1 X68.196 Y28.990 Z4.311 E581.64440 ; infill
G1 X67.738 Y29.147 Z4.311 E581.66308 ; infill
G1 X67.738 Y29.964 Z4.257 E581.69459 ; infill
G1 X67.738 Y31.602 Z4.198 E581.75771 ; infill
G1 X67.738 Y33.232 Z4.184 E581.82048 ; infill
G1 X67.738 Y34.867 Z4.211 E581.88351 ; infill
G1 X67.738 Y36.503 Z4.275 E581.94653 ; infill
G1 X67.738 Y38.160 Z4.373 E582.01038 ; infill
G1 X67.738 Y41.557 Z4.652 E582.14128 ; infill
G1 X67.738 Y52.578 Z5.805 E582.56595 ; infill
G1 X67.738 Y55.701 Z6.090 E582.68627 ; infill
G1 X67.738 Y58.032 Z6.270 E582.77612 ; infill
G1 X67.738 Y59.802 Z6.388 E582.84430 ; infill
G1 X67.738 Y62.945 Z6.557 E582.96539 ; infill
G1 X67.738 Y66.601 Z6.687 E583.10629 ; infill
G1 X67.738 Y69.576 Z6.746 E583.22092 ; infill
G1 X67.738 Y75.039 Z6.590 E583.43139 ; infill
G1 X67.738 Y78.982 Z6.452 E583.58333 ; infill
G1 X67.738 Y84.503 Z6.208 E583.79608 ; infill
G1 X67.738 Y88.980 Z5.958 E583.96856 ; infill
G1 X67.738 Y92.486 Z5.730 E584.10366 ; infill
G1 X67.738 Y97.189 Z5.382 E584.28487 ; infill
G1 X67.738 Y98.509 Z5.272 E584.33572 ; infill
G1 X67.738 Y102.896 Z4.800 E584.50479 ; infill
G1 X67.738 Y104.947 Z4.609 E584.58381 ; infill
G1 X67.738 Y107.463 Z4.478 E584.68077 ; infill
G1 X67.738 Y110.551 Z4.457 E584.79975 ; infill
G1 X67.738 Y113.618 Z4.503 E584.91790 ; infill
G1 X67.738 Y115.963 Z4.598 E585.00826 ; infill
G1 X67.738 Y121.261 Z4.887 E585.21240 ; infill
G1 X67.738 Y125.067 Z5.064 E585.35908 ; infill
G1 X67.738 Y128.262 Z5.165 E585.48215 ; infill
G1 X67.738 Y132.279 Z5.228 E585.63694 ; infill
G1 X67.738 Y134.941 Z5.198 E585.73950 ; infill
G1 X67.738 Y137.605 Z5.110 E585.84218 ; infill
G1 X67.738 Y141.724 Z4.908 E586.00089 ; infill
G1 X67.738 Y146.770 Z4.631 E586.19529 ; infill
G1 X67.738 Y151.183 Z4.438 E586.36536 ; infill
G1 X67.279 Y150.983 Z4.437 E586.38465 ; infill
G1 X67.279 Y146.484 Z4.627 E586.55799 ; infill
G1 X67.279 Y137.959 Z5.055 E586.88646 ; infill
G1 X67.279 Y135.209 Z5.145 E586.99243 ; infill
G1 X67.279 Y133.138 Z5.175 E587.07224 ; infill
G1 X67.279 Y131.530 Z5.169 E587.13421 ; infill
G1 X67.279 Y128.475 Z5.113 E587.25190 ; infill
G1 X67.279 Y125.836 Z5.031 E587.35358 ; infill
G1 X67.279 Y122.549 Z4.889 E587.48024 ; infill
G1 X67.279 Y115.938 Z4.539 E587.73499 ; infill
G1 X67.279 Y114.339 Z4.477 E587.79657 ; infill
G1 X67.279 Y110.537 Z4.415 E587.94309 ; infill
G1 X67.279 Y108.440 Z4.417 E588.02390 ; infill
G1 X67.279 Y106.949 Z4.446 E588.08131 ; infill
G1 X67.279 Y106.066 Z4.482 E588.11535 ; infill
G1 X67.279 Y104.177 Z4.605 E588.18814 ; infill
G1 X67.279 Y102.159 Z4.799 E588.26589 ; infill
G1 X67.279 Y98.509 Z5.189 E588.40656 ; infill
G1 X67.279 Y96.513 Z5.355 E588.48347 ; infill
G1 X67.279 Y91.329 Z5.736 E588.68321 ; infill
G1 X67.279 Y87.729 Z5.967 E588.82193 ; infill
G1 X67.279 Y83.022 Z6.221 E589.00327 ; infill
G1 X67.279 Y78.867 Z6.400 E589.16339 ; infill
G1 X67.279 Y75.397 Z6.528 E589.29709 ; infill
G1 X67.279 Y69.576 Z6.697 E589.52137 ; infill
G1 X67.279 Y66.527 Z6.632 E589.63885 ; infill
G1 X67.279 Y63.910 Z6.545 E589.73969 ; infill
G1 X67.279 Y59.610 Z6.325 E589.90539 ; infill
G1 X67.279 Y56.775 Z6.124 E590.01460 ; infill
G1 X67.279 Y52.174 Z5.716 E590.19189 ; infill
G1 X67.279 Y41.844 Z4.650 E590.58995 ; infill
G1 X67.279 Y38.411 Z4.372 E590.72224 ; infill
G1 X67.279 Y36.740 Z4.274 E590.78661 ; infill
G1 X67.279 Y35.081 Z4.210 E590.85053 ; infill
G1 X67.279 Y33.435 Z4.183 E590.91396 ; infill
G1 X67.279 Y31.793 Z4.198 E590.97724 ; infill
G1 X67.279 Y30.133 Z4.257 E591.04118 ; infill
G1 X67.279 Y29.303 Z4.311 E591.07317 ; infill
G1 X66.820 Y29.478 Z4.311 E591.09209 ; infill
G1 X66.820 Y30.322 Z4.257 E591.12462 ; infill
G1 X66.820 Y31.983 Z4.197 E591.18860 ; infill
G1 X66.820 Y33.648 Z4.183 E591.25275 ; infill
G1 X66.820 Y35.306 Z4.209 E591.31665 ; infill
G1 X66.820 Y36.978 Z4.273 E591.38105 ; infill
G1 X66.820 Y38.672 Z4.370 E591.44635 ; infill
G1 X66.820 Y42.142 Z4.648 E591.58005 ; infill
G1 X66.820 Y53.065 Z5.751 E592.00095 ; infill
G1 X66.820 Y57.480 Z6.124 E592.17107 ; infill
G1 X66.820 Y60.361 Z6.316 E592.28209 ; infill
G1 X66.820 Y64.003 Z6.493 E592.42239 ; infill
G1 X66.820 Y66.453 Z6.577 E592.51679 ; infill
G1 X66.820 Y69.576 Z6.642 E592.63714 ; infill
G1 X66.820 Y74.249 Z6.511 E592.81721 ; infill
G1 X66.820 Y78.904 Z6.342 E592.99655 ; infill
G1 X66.820 Y82.297 Z6.195 E593.12728 ; infill
G1 X66.820 Y86.447 Z5.976 E593.28721 ; infill
G1 X66.820 Y90.174 Z5.741 E593.43079 ; infill
G1 X66.820 Y94.536 Z5.427 E593.59888 ; infill
G1 X66.820 Y98.509 Z5.107 E593.75195 ; infill
G1 X66.820 Y103.451 Z4.603 E593.94240 ; infill
G1 X66.820 Y105.550 Z4.457 E594.02326 ; infill
G1 X66.820 Y106.968 Z4.405 E594.07789 ; infill
G1 X66.820 Y110.519 Z4.383 E594.21474 ; infill
G1 X66.820 Y114.448 Z4.437 E594.36611 ; infill
G1 X66.820 Y116.621 Z4.517 E594.44985 ; infill
G1 X66.820 Y122.801 Z4.840 E594.68799 ; infill
G1 X66.820 Y125.337 Z4.951 E594.78567 ; infill
G1 X66.820 Y128.689 Z5.060 E594.91483 ; infill
G1 X66.820 Y132.628 Z5.124 E595.06662 ; infill
G1 X66.820 Y134.765 Z5.106 E595.14897 ; infill
G1 X66.820 Y137.594 Z5.027 E595.25796 ; infill
G1 X66.820 Y140.643 Z4.899 E595.37543 ; infill
G1 X66.820 Y148.979 Z4.496 E595.69666 ; infill
G1 X66.820 Y150.770 Z4.436 E595.76567 ; infill
G1 X66.361 Y150.541 Z4.434 E595.78543 ; infill
G1 X66.361 Y148.728 Z4.493 E595.85528 ; infill
G1 X66.361 Y140.561 Z4.869 E596.16995 ; infill
G1 X66.361 Y137.926 Z4.973 E596.27151 ; infill
G1 X66.361 Y135.747 Z5.039 E596.35547 ; infill
G1 X66.361 Y133.536 Z5.071 E596.44063 ; infill
G1 X66.361 Y131.357 Z5.060 E596.52462 ; infill
G1 X66.361 Y126.162 Z4.926 E596.72478 ; infill
G1 X66.361 Y124.045 Z4.839 E596.80634 ; infill
G1 X66.361 Y117.796 Z4.522 E597.04714 ; infill
G1 X66.361 Y114.287 Z4.400 E597.18234 ; infill
G1 X66.361 Y109.440 Z4.358 E597.36909 ; infill
G1 X66.361 Y107.684 Z4.364 E597.43675 ; infill
G1 X66.361 Y106.176 Z4.394 E597.49487 ; infill
G1 X66.361 Y104.765 Z4.454 E597.54923 ; infill
G1 X66.361 Y102.747 Z4.602 E597.62698 ; infill
G1 X66.361 Y98.509 Z5.025 E597.79030 ; infill
G1 X66.361 Y94.568 Z5.345 E597.94213 ; infill
G1 X66.361 Y89.525 Z5.712 E598.13644 ; infill
G1 X66.361 Y85.613 Z5.957 E598.28718 ; infill
G1 X66.361 Y78.941 Z6.284 E598.54426 ; infill
G1 X66.361 Y74.268 Z6.452 E598.72433 ; infill
G1 X66.361 Y69.576 Z6.587 E598.90511 ; infill
G1 X66.361 Y66.378 Z6.523 E599.02832 ; infill
G1 X66.361 Y63.870 Z6.430 E599.12499 ; infill
G1 X66.361 Y60.814 Z6.285 E599.24271 ; infill
G1 X66.361 Y57.456 Z6.069 E599.37211 ; infill
G1 X66.361 Y52.688 Z5.665 E599.55585 ; infill
G1 X66.361 Y42.453 Z4.646 E599.95021 ; infill
G1 X66.361 Y38.934 Z4.369 E600.08582 ; infill
G1 X66.361 Y37.230 Z4.272 E600.15148 ; infill
G1 X66.361 Y35.543 Z4.209 E600.21649 ; infill
G1 X66.361 Y33.860 Z4.182 E600.28131 ; infill
G1 X66.361 Y32.188 Z4.197 E600.34574 ; infill
G1 X66.361 Y30.512 Z4.257 E600.41033 ; infill
G1 X66.361 Y29.667 Z4.311 E600.44288 ; infill
G1 X65.902 Y29.856 Z4.311 E600.46200 ; infill
G1 X65.902 Y30.701 Z4.257 E600.49457 ; infill
G1 X65.902 Y32.400 Z4.197 E600.56002 ; infill
G1 X65.902 Y34.087 Z4.182 E600.62502 ; infill
G1 X65.902 Y35.779 Z4.208 E600.69022 ; infill
G1 X65.902 Y37.491 Z4.271 E600.75618 ; infill
G1 X65.902 Y39.219 Z4.367 E600.82276 ; infill
G1 X65.902 Y42.770 Z4.643 E600.95958 ; infill
G1 X65.902 Y52.310 Z5.578 E601.32720 ; infill
G1 X65.902 Y54.919 Z5.813 E601.42773 ; infill
G1 X65.902 Y57.915 Z6.046 E601.54318 ; infill
G1 X65.902 Y61.436 Z6.261 E601.67885 ; infill
G1 X65.902 Y63.736 Z6.368 E601.76748 ; infill
G1 X65.902 Y67.409 Z6.493 E601.90900 ; infill
G1 X65.902 Y69.576 Z6.532 E601.99249 ; infill
G1 X65.902 Y77.970 Z6.265 E602.31592 ; infill
G1 X65.902 Y82.401 Z6.064 E602.48665 ; infill
G1 X65.902 Y85.675 Z5.885 E602.61280 ; infill
G1 X65.902 Y89.586 Z5.633 E602.76348 ; infill
G1 X65.902 Y94.601 Z5.263 E602.95675 ; infill
G1 X65.902 Y98.509 Z4.948 E603.10730 ; infill
G1 X65.902 Y102.053 Z4.601 E603.24387 ; infill
G1 X65.902 Y103.664 Z4.480 E603.30594 ; infill
G1 X65.902 Y105.112 Z4.398 E603.36174 ; infill
G1 X65.902 Y106.039 Z4.369 E603.39746 ; infill
G1 X65.902 Y108.204 Z4.343 E603.48088 ; infill
G1 X65.902 Y110.521 Z4.342 E603.57017 ; infill
G1 X65.902 Y115.082 Z4.388 E603.74588 ; infill
G1 X65.902 Y118.951 Z4.527 E603.89498 ; infill
G1 X65.902 Y126.348 Z4.877 E604.17998 ; infill
G1 X65.902 Y130.925 Z4.997 E604.35635 ; infill
G1 X65.902 Y132.977 Z5.021 E604.43542 ; infill
G1 X65.902 Y136.015 Z4.986 E604.55248 ; infill
G1 X65.902 Y138.938 Z4.898 E604.66510 ; infill
G1 X65.902 Y148.440 Z4.490 E605.03122 ; infill
G1 X65.902 Y150.293 Z4.434 E605.10261 ; infill
G1 X65.444 Y150.041 Z4.431 E605.12277 ; infill
G1 X65.444 Y148.152 Z4.487 E605.19556 ; infill
G1 X65.444 Y138.765 Z4.866 E605.55725 ; infill
G1 X65.444 Y136.284 Z4.933 E605.65285 ; infill
G1 X65.444 Y133.935 Z4.967 E605.74335 ; infill
G1 X65.444 Y131.605 Z4.956 E605.83315 ; infill
G1 X65.444 Y127.414 Z4.859 E605.99463 ; infill
G1 X65.444 Y123.544 Z4.701 E606.14374 ; infill
G1 X65.444 Y120.078 Z4.532 E606.27730 ; infill
G1 X65.444 Y116.306 Z4.393 E606.42262 ; infill
G1 X65.444 Y114.121 Z4.352 E606.50681 ; infill
G1 X65.444 Y112.012 Z4.340 E606.58809 ; infill
G1 X65.444 Y107.024 Z4.336 E606.78026 ; infill
G1 X65.444 Y105.516 Z4.358 E606.83836 ; infill
G1 X65.444 Y103.373 Z4.450 E606.92096 ; infill
G1 X65.444 Y101.358 Z4.600 E606.99857 ; infill
G1 X65.444 Y98.509 Z4.881 E607.10838 ; infill
G1 X65.444 Y96.576 Z5.031 E607.18285 ; infill
G1 X65.444 Y89.950 Z5.534 E607.43816 ; infill
G1 X65.444 Y85.737 Z5.813 E607.60051 ; infill
G1 X65.444 Y82.370 Z6.003 E607.73024 ; infill
G1 X65.444 Y77.852 Z6.206 E607.90431 ; infill
G1 X65.444 Y74.305 Z6.336 E608.04098 ; infill
G1 X65.444 Y69.576 Z6.472 E608.22319 ; infill
G1 X65.444 Y67.357 Z6.431 E608.30871 ; infill
G1 X65.444 Y63.603 Z6.306 E608.45333 ; infill
G1 X65.444 Y61.250 Z6.192 E608.54400 ; infill
G1 X65.444 Y58.617 Z6.037 E608.64544 ; infill
G1 X65.444 Y55.568 Z5.812 E608.76295 ; infill
G1 X65.444 Y53.219 Z5.610 E608.85343 ; infill
G1 X65.444 Y43.107 Z4.641 E609.24311 ; infill
G1 X65.444 Y39.505 Z4.366 E609.38190 ; infill
G1 X65.444 Y37.751 Z4.270 E609.44945 ; infill
G1 X65.444 Y36.032 Z4.207 E609.51571 ; infill
G1 X65.444 Y34.322 Z4.181 E609.58159 ; infill
G1 X65.444 Y32.612 Z4.196 E609.64750 ; infill
G1 X65.444 Y30.907 Z4.257 E609.71319 ; infill
G1 X65.444 Y30.045 Z4.311 E609.74640 ; infill
G1 X64.985 Y30.234 Z4.312 E609.76552 ; infill
G1 X64.985 Y31.117 Z4.257 E609.79958 ; infill
G1 X64.985 Y32.837 Z4.196 E609.86585 ; infill
G1 X64.985 Y34.557 Z4.180 E609.93212 ; infill
G1 X64.985 Y36.292 Z4.206 E609.99895 ; infill
G1 X64.985 Y38.036 Z4.269 E610.06617 ; infill
G1 X64.985 Y39.802 Z4.364 E610.13420 ; infill
G1 X64.985 Y43.443 Z4.639 E610.27452 ; infill
G1 X64.985 Y52.866 Z5.525 E610.63757 ; infill
G1 X64.985 Y56.126 Z5.800 E610.76322 ; infill
G1 X64.985 Y58.374 Z5.962 E610.84982 ; infill
G1 X64.985 Y61.064 Z6.123 E610.95348 ; infill
G1 X64.985 Y64.238 Z6.272 E611.07578 ; infill
G1 X64.985 Y67.304 Z6.369 E611.19391 ; infill
G1 X64.985 Y69.576 Z6.412 E611.28146 ; infill
G1 X64.985 Y73.557 Z6.301 E611.43485 ; infill
G1 X64.985 Y77.888 Z6.141 E611.60174 ; infill
G1 X64.985 Y80.852 Z6.012 E611.71592 ; infill
G1 X64.985 Y84.724 Z5.804 E611.86512 ; infill
G1 X64.985 Y87.885 Z5.602 E611.98691 ; infill
G1 X64.985 Y91.666 Z5.330 E612.13259 ; infill
G1 X64.985 Y97.408 Z4.884 E612.35384 ; infill
G1 X64.985 Y98.509 Z4.814 E612.39626 ; infill
G1 X64.985 Y100.663 Z4.599 E612.47928 ; infill
G1 X64.985 Y102.710 Z4.449 E612.55816 ; infill
G1 X64.985 Y104.777 Z4.356 E612.63780 ; infill
G1 X64.985 Y108.078 Z4.329 E612.76500 ; infill
G1 X64.985 Y115.700 Z4.359 E613.05866 ; infill
G1 X64.985 Y119.267 Z4.457 E613.19613 ; infill
G1 X64.985 Y123.780 Z4.662 E613.37001 ; infill
G1 X64.985 Y127.616 Z4.811 E613.51780 ; infill
G1 X64.985 Y131.729 Z4.904 E613.67627 ; infill
G1 X64.985 Y133.326 Z4.917 E613.73783 ; infill
G1 X64.985 Y135.725 Z4.898 E613.83027 ; infill
G1 X64.985 Y138.344 Z4.841 E613.93119 ; infill
G1 X64.985 Y147.821 Z4.483 E614.29634 ; infill
G1 X64.985 Y149.752 Z4.431 E614.37074 ; infill
G1 X64.526 Y149.463 Z4.429 E614.39163 ; infill
G1 X64.526 Y147.489 Z4.480 E614.46770 ; infill
G1 X64.526 Y138.771 Z4.789 E614.80360 ; infill
G1 X64.526 Y136.687 Z4.840 E614.88391 ; infill
G1 X64.526 Y134.280 Z4.868 E614.97663 ; infill
G1 X64.526 Y131.816 Z4.855 E615.07159 ; infill
G1 X64.526 Y127.903 Z4.766 E615.22237 ; infill
G1 X64.526 Y124.798 Z4.656 E615.34200 ; infill
G1 X64.526 Y120.345 Z4.460 E615.51359 ; infill
G1 X64.526 Y116.643 Z4.358 E615.65623 ; infill
G1 X64.526 Y114.570 Z4.338 E615.73609 ; infill
G1 X64.526 Y106.623 Z4.328 E616.04231 ; infill
G1 X64.526 Y104.103 Z4.355 E616.13940 ; infill
G1 X64.526 Y102.055 Z4.448 E616.21831 ; infill
G1 X64.526 Y99.959 Z4.600 E616.29906 ; infill
G1 X64.526 Y98.509 Z4.747 E616.35496 ; infill
G1 X64.526 Y96.937 Z4.847 E616.41552 ; infill
G1 X64.526 Y89.772 Z5.393 E616.69160 ; infill
G1 X64.526 Y84.158 Z5.767 E616.90793 ; infill
G1 X64.526 Y77.925 Z6.076 E617.14808 ; infill
G1 X64.526 Y73.455 Z6.239 E617.32029 ; infill
G1 X64.526 Y69.576 Z6.351 E617.46977 ; infill
G1 X64.526 Y67.251 Z6.307 E617.55934 ; infill
G1 X64.526 Y64.854 Z6.234 E617.65173 ; infill
G1 X64.526 Y60.878 Z6.053 E617.80491 ; infill
G1 X64.526 Y58.130 Z5.886 E617.91079 ; infill
G1 X64.526 Y53.770 Z5.551 E618.07882 ; infill
G1 X64.526 Y43.807 Z4.636 E618.46270 ; infill
G1 X64.526 Y40.113 Z4.363 E618.60504 ; infill
G1 X64.526 Y38.321 Z4.268 E618.67407 ; infill
G1 X64.526 Y36.552 Z4.205 E618.74226 ; infill
G1 X64.526 Y34.809 Z4.180 E618.80940 ; infill
G1 X64.526 Y33.072 Z4.196 E618.87634 ; infill
G1 X64.526 Y31.328 Z4.256 E618.94352 ; infill
G1 X64.526 Y30.427 Z4.312 E618.97823 ; infill
G1 X64.067 Y30.652 Z4.312 E618.99791 ; infill
G1 X64.067 Y31.552 Z4.256 E619.03258 ; infill
G1 X64.067 Y33.306 Z4.195 E619.10018 ; infill
G1 X64.067 Y35.068 Z4.179 E619.16807 ; infill
G1 X64.067 Y36.835 Z4.204 E619.23615 ; infill
G1 X64.067 Y38.617 Z4.267 E619.30480 ; infill
G1 X64.067 Y40.424 Z4.361 E619.37445 ; infill
G1 X64.067 Y44.171 Z4.634 E619.51883 ; infill
G1 X64.067 Y53.437 Z5.468 E619.87586 ; infill
G1 X64.067 Y57.887 Z5.811 E620.04733 ; infill
G1 X64.067 Y60.689 Z5.981 E620.15529 ; infill
G1 X64.067 Y63.191 Z6.102 E620.25171 ; infill
G1 X64.067 Y67.088 Z6.242 E620.40184 ; infill
G1 X64.067 Y69.576 Z6.286 E620.49773 ; infill
G1 X64.067 Y76.766 Z6.058 E620.77477 ; infill
G1 X64.067 Y82.829 Z5.773 E621.00837 ; infill
G1 X64.067 Y88.019 Z5.444 E621.20835 ; infill
G1 X64.067 Y96.339 Z4.820 E621.52892 ; infill
G1 X64.067 Y98.509 Z4.679 E621.61253 ; infill
G1 X64.067 Y99.348 Z4.593 E621.64490 ; infill
G1 X64.067 Y102.431 Z4.393 E621.76367 ; infill
G1 X64.067 Y104.524 Z4.332 E621.84433 ; infill
G1 X64.067 Y108.113 Z4.346 E621.98262 ; infill
G1 X63.879 Y107.308 Z4.345 E622.01448 ; infill
G1 X63.608 Y106.547 Z4.342 E622.04562 ; infill
G1 X63.608 Y105.018 Z4.326 E622.10452 ; infill
G1 X63.608 Y102.833 Z4.353 E622.18873 ; infill
G1 X63.608 Y100.745 Z4.447 E622.26917 ; infill
G1 X63.608 Y95.474 Z4.813 E622.47226 ; infill
G1 X63.608 Y88.088 Z5.363 E622.75688 ; infill
G1 X63.608 Y82.685 Z5.709 E622.96505 ; infill
G1 X63.608 Y79.194 Z5.886 E623.09954 ; infill
G1 X63.608 Y75.633 Z6.035 E623.23678 ; infill
G1 X63.608 Y69.576 Z6.220 E623.47014 ; infill
G1 X63.608 Y67.144 Z6.176 E623.56387 ; infill
G1 X63.608 Y64.640 Z6.097 E623.66035 ; infill
G1 X63.608 Y61.378 Z5.953 E623.78604 ; infill
G1 X63.608 Y58.636 Z5.798 E623.89169 ; infill
G1 X63.608 Y55.497 Z5.578 E624.01263 ; infill
G1 X63.608 Y53.104 Z5.385 E624.10485 ; infill
G1 X63.608 Y44.559 Z4.632 E624.43409 ; infill
G1 X63.608 Y40.762 Z4.360 E624.58041 ; infill
G1 X63.608 Y38.927 Z4.265 E624.65109 ; infill
G1 X63.608 Y37.119 Z4.204 E624.72076 ; infill
G1 X63.608 Y35.327 Z4.179 E624.78982 ; infill
G1 X63.608 Y33.555 Z4.195 E624.85810 ; infill
G1 X63.608 Y31.785 Z4.256 E624.92630 ; infill
G1 X63.608 Y30.876 Z4.312 E624.96131 ; infill
G1 X63.150 Y31.101 Z4.312 E624.98099 ; infill
G1 X63.150 Y32.018 Z4.256 E625.01634 ; infill
G1 X63.150 Y33.813 Z4.195 E625.08549 ; infill
G1 X63.150 Y35.607 Z4.178 E625.15462 ; infill
G1 X63.150 Y37.410 Z4.203 E625.22411 ; infill
G1 X63.150 Y39.238 Z4.264 E625.29453 ; infill
G1 X63.150 Y41.099 Z4.358 E625.36625 ; infill
G1 X63.150 Y44.952 Z4.629 E625.51472 ; infill
G1 X63.150 Y54.024 Z5.406 E625.86427 ; infill
G1 X63.150 Y58.407 Z5.722 E626.03315 ; infill
G1 X63.150 Y61.203 Z5.880 E626.14088 ; infill
G1 X63.150 Y64.533 Z6.028 E626.26917 ; infill
G1 X63.150 Y67.089 Z6.107 E626.36765 ; infill
G1 X63.150 Y69.576 Z6.154 E626.46351 ; infill
G1 X63.150 Y73.192 Z6.052 E626.60282 ; infill
G1 X63.150 Y76.833 Z5.918 E626.74314 ; infill
G1 X63.150 Y79.897 Z5.784 E626.86118 ; infill
G1 X63.150 Y82.746 Z5.633 E626.97097 ; infill
G1 X63.150 Y87.522 Z5.327 E627.15497 ; infill
G1 X63.150 Y94.608 Z4.806 E627.42802 ; infill
G1 X63.150 Y100.082 Z4.447 E627.63895 ; infill
G1 X63.150 Y101.159 Z4.392 E627.68042 ; infill
G1 X63.150 Y103.270 Z4.330 E627.76177 ; infill
G1 X63.150 Y105.613 Z4.340 E627.85206 ; infill
G1 X62.899 Y105.174 Z4.339 E627.87155 ; infill
G1 X62.691 Y104.866 Z4.338 E627.88588 ; infill
G1 X62.691 Y102.665 Z4.329 E627.97068 ; infill
G1 X62.691 Y100.520 Z4.391 E628.05330 ; infill
G1 X62.691 Y97.446 Z4.560 E628.17175 ; infill
G1 X62.691 Y93.737 Z4.799 E628.31467 ; infill
G1 X62.691 Y86.141 Z5.347 E628.60738 ; infill
G1 X62.691 Y81.652 Z5.621 E628.78033 ; infill
G1 X62.691 Y78.242 Z5.790 E628.91174 ; infill
G1 X62.691 Y75.650 Z5.895 E629.01161 ; infill
G1 X62.691 Y69.576 Z6.084 E629.24563 ; infill
G1 X62.691 Y67.033 Z6.039 E629.34361 ; infill
G1 X62.691 Y64.424 Z5.957 E629.44417 ; infill
G1 X62.691 Y59.166 Z5.704 E629.64676 ; infill
G1 X62.691 Y54.919 Z5.418 E629.81041 ; infill
G1 X62.691 Y45.369 Z4.627 E630.17838 ; infill
G1 X62.691 Y43.382 Z4.479 E630.25494 ; infill
G1 X62.691 Y41.454 Z4.357 E630.32921 ; infill
G1 X62.691 Y39.571 Z4.263 E630.40176 ; infill
G1 X62.691 Y37.721 Z4.202 E630.47307 ; infill
G1 X62.691 Y35.890 Z4.178 E630.54359 ; infill
G1 X62.691 Y34.071 Z4.194 E630.61371 ; infill
G1 X62.691 Y32.262 Z4.256 E630.68341 ; infill
G1 X62.691 Y31.325 Z4.312 E630.71950 ; infill
G1 X62.232 Y31.550 Z4.313 E630.73918 ; infill
G1 X62.232 Y32.519 Z4.256 E630.77653 ; infill
G1 X62.232 Y34.345 Z4.194 E630.84689 ; infill
G1 X62.232 Y36.176 Z4.177 E630.91743 ; infill
G1 X62.232 Y38.031 Z4.201 E630.98891 ; infill
G1 X62.232 Y39.909 Z4.262 E631.06128 ; infill
G1 X62.232 Y41.820 Z4.355 E631.13492 ; infill
G1 X62.232 Y43.777 Z4.477 E631.21031 ; infill
G1 X62.232 Y45.794 Z4.624 E631.28802 ; infill
G1 X62.232 Y54.628 Z5.338 E631.62844 ; infill
G1 X62.232 Y58.953 Z5.628 E631.79509 ; infill
G1 X62.232 Y60.853 Z5.731 E631.86827 ; infill
G1 X62.232 Y64.313 Z5.884 E632.00159 ; infill
G1 X62.232 Y66.978 Z5.970 E632.10429 ; infill
G1 X62.232 Y69.576 Z6.013 E632.20440 ; infill
G1 X62.232 Y75.678 Z5.824 E632.43951 ; infill
G1 X62.232 Y81.650 Z5.548 E632.66964 ; infill
G1 X62.232 Y86.213 Z5.268 E632.84544 ; infill
G1 X62.232 Y92.867 Z4.792 E633.10181 ; infill
G1 X62.232 Y96.659 Z4.554 E633.24794 ; infill
G1 X62.232 Y99.878 Z4.391 E633.37196 ; infill
G1 X62.232 Y102.066 Z4.329 E633.45627 ; infill
G1 X62.232 Y104.212 Z4.337 E633.53895 ; infill
G1 X61.773 Y103.608 Z4.336 E633.56818 ; infill
G1 X61.773 Y101.467 Z4.328 E633.65067 ; infill
G1 X61.773 Y100.360 Z4.351 E633.69333 ; infill
G1 X61.773 Y97.196 Z4.483 E633.81520 ; infill
G1 X61.773 Y95.883 Z4.545 E633.86583 ; infill
G1 X61.773 Y91.996 Z4.785 E634.01559 ; infill
G1 X61.773 Y85.197 Z5.260 E634.27758 ; infill
G1 X61.773 Y80.585 Z5.531 E634.45526 ; infill
G1 X61.773 Y74.518 Z5.795 E634.68902 ; infill
G1 X61.773 Y69.576 Z5.941 E634.87945 ; infill
G1 X61.773 Y66.920 Z5.895 E634.98178 ; infill
G1 X61.773 Y64.202 Z5.810 E635.08654 ; infill
G1 X61.773 Y62.421 Z5.738 E635.15515 ; infill
G1 X61.773 Y58.741 Z5.551 E635.29695 ; infill
G1 X61.773 Y54.338 Z5.258 E635.46660 ; infill
G1 X61.773 Y46.243 Z4.622 E635.77850 ; infill
G1 X61.773 Y44.185 Z4.475 E635.85783 ; infill
G1 X61.773 Y42.195 Z4.354 E635.93450 ; infill
G1 X61.773 Y40.257 Z4.261 E636.00915 ; infill
G1 X61.773 Y38.358 Z4.200 E636.08233 ; infill
G1 X61.773 Y36.485 Z4.177 E636.15450 ; infill
G1 X61.773 Y34.628 Z4.194 E636.22607 ; infill
G1 X61.773 Y32.776 Z4.255 E636.29742 ; infill
G1 X61.773 Y31.805 Z4.313 E636.33482 ; infill
G1 X61.314 Y32.069 Z4.313 E636.35520 ; infill
G1 X61.314 Y33.042 Z4.255 E636.39270 ; infill
G1 X61.314 Y34.910 Z4.193 E636.46470 ; infill
G1 X61.314 Y36.794 Z4.176 E636.53730 ; infill
G1 X61.314 Y38.695 Z4.199 E636.61054 ; infill
G1 X61.314 Y40.623 Z4.259 E636.68483 ; infill
G1 X61.314 Y42.591 Z4.352 E636.76063 ; infill
G1 X61.314 Y44.612 Z4.473 E636.83850 ; infill
G1 X61.314 Y54.046 Z5.181 E637.20203 ; infill
G1 X61.314 Y56.393 Z5.343 E637.29246 ; infill
G1 X61.314 Y59.529 Z5.529 E637.41330 ; infill
G1 X61.314 Y62.339 Z5.665 E637.52155 ; infill
G1 X61.314 Y65.491 Z5.784 E637.64300 ; infill
G1 X61.314 Y69.576 Z5.866 E637.80042 ; infill
G1 X61.314 Y75.014 Z5.702 E638.00994 ; infill
G1 X61.314 Y80.642 Z5.453 E638.22680 ; infill
G1 X61.314 Y85.269 Z5.181 E638.40508 ; infill
G1 X61.314 Y91.123 Z4.778 E638.63067 ; infill
G1 X61.314 Y95.106 Z4.537 E638.78413 ; infill
G1 X61.314 Y96.805 Z4.457 E638.84957 ; infill
G1 X61.314 Y99.737 Z4.351 E638.96255 ; infill
G1 X61.314 Y100.868 Z4.328 E639.00612 ; infill
G1 X61.314 Y103.048 Z4.336 E639.09012 ; infill
G1 X60.856 Y102.488 Z4.336 E639.11801 ; infill
G1 X60.856 Y100.266 Z4.328 E639.20361 ; infill
G1 X60.856 Y96.146 Z4.445 E639.36237 ; infill
G1 X60.856 Y94.325 Z4.528 E639.43253 ; infill
G1 X60.856 Y90.250 Z4.772 E639.58956 ; infill
G1 X60.856 Y86.432 Z5.035 E639.73664 ; infill
G1 X60.856 Y80.324 Z5.394 E639.97200 ; infill
G1 X60.856 Y75.509 Z5.609 E640.15753 ; infill
G1 X60.856 Y69.576 Z5.790 E640.38613 ; infill
G1 X60.856 Y65.406 Z5.710 E640.54682 ; infill
G1 X60.856 Y62.192 Z5.589 E640.67064 ; infill
G1 X60.856 Y59.332 Z5.452 E640.78084 ; infill
G1 X60.856 Y54.978 Z5.189 E640.94862 ; infill
G1 X60.856 Y45.050 Z4.471 E641.33116 ; infill
G1 X60.856 Y42.988 Z4.350 E641.41060 ; infill
G1 X60.856 Y40.989 Z4.258 E641.48762 ; infill
G1 X60.856 Y39.034 Z4.198 E641.56295 ; infill
G1 X60.856 Y37.113 Z4.175 E641.63698 ; infill
G1 X60.856 Y35.213 Z4.193 E641.71020 ; infill
G1 X60.856 Y33.323 Z4.255 E641.78300 ; infill
G1 X60.856 Y32.332 Z4.313 E641.82121 ; infill
G1 X60.397 Y32.595 Z4.313 E641.84159 ; infill
G1 X60.397 Y33.605 Z4.255 E641.88050 ; infill
G1 X60.397 Y35.521 Z4.193 E641.95433 ; infill
G1 X60.397 Y37.450 Z4.175 E642.02863 ; infill
G1 X60.397 Y39.400 Z4.198 E642.10380 ; infill
G1 X60.397 Y41.385 Z4.257 E642.18027 ; infill
G1 X60.397 Y43.417 Z4.349 E642.25856 ; infill
G1 X60.397 Y45.513 Z4.469 E642.33931 ; infill
G1 X60.397 Y54.706 Z5.112 E642.69355 ; infill
G1 X60.397 Y59.134 Z5.376 E642.86416 ; infill
G1 X60.397 Y62.046 Z5.513 E642.97637 ; infill
G1 X60.397 Y65.318 Z5.633 E643.10246 ; infill
G1 X60.397 Y69.576 Z5.713 E643.26652 ; infill
G1 X60.397 Y74.544 Z5.569 E643.45794 ; infill
G1 X60.397 Y79.536 Z5.359 E643.65027 ; infill
G1 X60.397 Y85.414 Z5.029 E643.87676 ; infill
G1 X60.397 Y89.357 Z4.766 E644.02871 ; infill
G1 X60.397 Y93.542 Z4.519 E644.18996 ; infill
G1 X60.397 Y95.411 Z4.436 E644.26196 ; infill
G1 X60.397 Y99.663 Z4.327 E644.42581 ; infill
G1 X60.397 Y101.949 Z4.337 E644.51389 ; infill
G1 X59.938 Y101.415 Z4.338 E644.54101 ; infill
G1 X59.938 Y100.242 Z4.323 E644.58622 ; infill
G1 X59.938 Y98.104 Z4.340 E644.66861 ; infill
G1 X59.938 Y94.673 Z4.428 E644.80079 ; infill
G1 X59.938 Y92.757 Z4.511 E644.87462 ; infill
G1 X59.938 Y88.457 Z4.760 E645.04033 ; infill
G1 X59.938 Y84.361 Z5.023 E645.19816 ; infill
G1 X59.938 Y79.588 Z5.281 E645.38205 ; infill
G1 X59.938 Y74.569 Z5.491 E645.57543 ; infill
G1 X59.938 Y69.576 Z5.635 E645.76782 ; infill
G1 X59.938 Y65.231 Z5.556 E645.93524 ; infill
G1 X59.938 Y61.898 Z5.436 E646.06366 ; infill
G1 X59.938 Y58.935 Z5.299 E646.17783 ; infill
G1 X59.938 Y55.636 Z5.113 E646.30497 ; infill
G1 X59.938 Y45.988 Z4.467 E646.67671 ; infill
G1 X59.938 Y41.781 Z4.256 E646.83879 ; infill
G1 X59.938 Y39.766 Z4.197 E646.91644 ; infill
G1 X59.938 Y37.786 Z4.174 E646.99273 ; infill
G1 X59.938 Y35.830 Z4.192 E647.06811 ; infill
G1 X59.938 Y33.896 Z4.255 E647.14262 ; infill
G1 X59.938 Y32.858 Z4.314 E647.18260 ; infill
G1 X59.479 Y33.148 Z4.314 E647.20351 ; infill
G1 X59.479 Y34.203 Z4.255 E647.24417 ; infill
G1 X59.479 Y36.164 Z4.192 E647.31971 ; infill
G1 X59.479 Y38.142 Z4.174 E647.39594 ; infill
G1 X59.479 Y40.150 Z4.196 E647.47329 ; infill
G1 X59.479 Y42.199 Z4.254 E647.55227 ; infill
G1 X59.479 Y46.490 Z4.464 E647.71760 ; infill
G1 X59.479 Y55.382 Z5.038 E648.06023 ; infill
G1 X59.479 Y59.771 Z5.273 E648.22934 ; infill
G1 X59.479 Y65.144 Z5.479 E648.43634 ; infill
G1 X59.479 Y69.576 Z5.556 E648.60713 ; infill
G1 X59.479 Y74.595 Z5.413 E648.80049 ; infill
G1 X59.479 Y78.864 Z5.239 E648.96501 ; infill
G1 X59.479 Y83.272 Z5.015 E649.13485 ; infill
G1 X59.479 Y91.971 Z4.503 E649.47005 ; infill
G1 X59.479 Y93.932 Z4.419 E649.54560 ; infill
G1 X59.479 Y97.483 Z4.333 E649.68241 ; infill
G1 X59.479 Y99.660 Z4.322 E649.76629 ; infill
G1 X59.479 Y100.882 Z4.338 E649.81337 ; infill
G1 X59.020 Y100.348 Z4.339 E649.84049 ; infill
G1 X59.020 Y96.862 Z4.326 E649.97481 ; infill
G1 X59.020 Y93.189 Z4.411 E650.11634 ; infill
G1 X59.020 Y91.181 Z4.495 E650.19370 ; infill
G1 X59.020 Y83.340 Z4.942 E650.49581 ; infill
G1 X59.020 Y78.439 Z5.184 E650.68466 ; infill
G1 X59.020 Y74.525 Z5.338 E650.83549 ; infill
G1 X59.020 Y69.576 Z5.476 E651.02616 ; infill
G1 X59.020 Y68.070 Z5.464 E651.08418 ; infill
G1 X59.020 Y65.055 Z5.402 E651.20036 ; infill
G1 X59.020 Y59.589 Z5.197 E651.41098 ; infill
G1 X59.020 Y55.129 Z4.965 E651.58281 ; infill
G1 X59.020 Y47.011 Z4.462 E651.89561 ; infill
G1 X59.020 Y42.629 Z4.253 E652.06446 ; infill
G1 X59.020 Y40.547 Z4.195 E652.14470 ; infill
G1 X59.020 Y38.508 Z4.173 E652.22326 ; infill
G1 X59.020 Y36.500 Z4.191 E652.30064 ; infill
G1 X59.020 Y34.511 Z4.254 E652.37727 ; infill
G1 X59.020 Y33.452 Z4.314 E652.41808 ; infill
G1 X58.562 Y33.755 Z4.314 E652.43928 ; infill
G1 X58.562 Y34.830 Z4.254 E652.48070 ; infill
G1 X58.562 Y36.841 Z4.191 E652.55817 ; infill
G1 X58.562 Y38.876 Z4.172 E652.63659 ; infill
G1 X58.562 Y40.949 Z4.194 E652.71646 ; infill
G1 X58.562 Y43.074 Z4.252 E652.79833 ; infill
G1 X58.562 Y45.270 Z4.342 E652.88294 ; infill
G1 X58.562 Y47.559 Z4.460 E652.97114 ; infill
G1 X58.562 Y54.876 Z4.895 E653.25310 ; infill
G1 X58.562 Y59.405 Z5.123 E653.42760 ; infill
G1 X58.562 Y64.966 Z5.325 E653.64184 ; infill
G1 X58.562 Y68.039 Z5.385 E653.76028 ; infill
G1 X58.562 Y69.576 Z5.395 E653.81950 ; infill
G1 X58.562 Y74.646 Z5.257 E654.01484 ; infill
G1 X58.562 Y79.748 Z5.052 E654.21145 ; infill
G1 X58.562 Y90.384 Z4.487 E654.62125 ; infill
G1 X58.562 Y92.444 Z4.402 E654.70062 ; infill
G1 X58.562 Y94.381 Z4.347 E654.77524 ; infill
G1 X58.562 Y96.211 Z4.320 E654.84578 ; infill
G1 X58.562 Y99.814 Z4.339 E654.98460 ; infill
G1 X58.103 Y99.280 Z4.342 E655.01172 ; infill
G1 X58.103 Y97.702 Z4.316 E655.07253 ; infill
G1 X58.103 Y95.556 Z4.313 E655.15520 ; infill
G1 X58.103 Y93.679 Z4.339 E655.22753 ; infill
G1 X58.103 Y91.693 Z4.394 E655.30405 ; infill
G1 X58.103 Y89.571 Z4.479 E655.38584 ; infill
G1 X58.103 Y82.277 Z4.861 E655.66686 ; infill
G1 X58.103 Y78.534 Z5.034 E655.81110 ; infill
G1 X58.103 Y74.074 Z5.198 E655.98294 ; infill
G1 X58.103 Y69.576 Z5.314 E656.15625 ; infill
G1 X58.103 Y68.008 Z5.306 E656.21669 ; infill
G1 X58.103 Y64.876 Z5.248 E656.33735 ; infill
G1 X58.103 Y59.222 Z5.049 E656.55522 ; infill
G1 X58.103 Y55.843 Z4.890 E656.68541 ; infill
G1 X58.103 Y48.138 Z4.457 E656.98227 ; infill
G1 X58.103 Y43.540 Z4.250 E657.15943 ; infill
G1 X58.103 Y41.379 Z4.193 E657.24271 ; infill
G1 X58.103 Y39.273 Z4.172 E657.32388 ; infill
G1 X58.103 Y37.205 Z4.191 E657.40353 ; infill
G1 X58.103 Y35.165 Z4.254 E657.48216 ; infill
G1 X58.103 Y34.059 Z4.314 E657.52476 ; infill
G1 X57.644 Y34.366 Z4.315 E657.54603 ; infill
G1 X57.644 Y35.499 Z4.254 E657.58970 ; infill
G1 X57.644 Y37.570 Z4.190 E657.66949 ; infill
G1 X57.644 Y39.669 Z4.171 E657.75037 ; infill
G1 X57.644 Y41.810 Z4.192 E657.83284 ; infill
G1 X57.644 Y44.018 Z4.249 E657.91794 ; infill
G1 X57.644 Y46.320 Z4.338 E658.00663 ; infill
G1 X57.644 Y56.794 Z4.879 E658.41021 ; infill
G1 X57.644 Y61.149 Z5.059 E658.57801 ; infill
G1 X57.644 Y66.384 Z5.205 E658.77972 ; infill
G1 X57.644 Y69.576 Z5.234 E658.90273 ; infill
G1 X57.644 Y73.403 Z5.141 E659.05019 ; infill
G1 X57.644 Y78.582 Z4.962 E659.24971 ; infill
G1 X57.644 Y88.745 Z4.472 E659.64132 ; infill
G1 X57.644 Y90.941 Z4.386 E659.72592 ; infill
G1 X57.644 Y92.973 Z4.331 E659.80423 ; infill
G1 X57.644 Y94.899 Z4.306 E659.87843 ; infill
G1 X57.644 Y96.722 Z4.307 E659.94868 ; infill
G1 X57.644 Y98.746 Z4.348 E660.02668 ; infill
G1 X57.185 Y98.212 Z4.346 E660.05381 ; infill
G1 X57.185 Y96.105 Z4.302 E660.13500 ; infill
G1 X57.185 Y94.237 Z4.299 E660.20700 ; infill
G1 X57.185 Y92.265 Z4.324 E660.28295 ; infill
G1 X57.185 Y90.170 Z4.379 E660.36370 ; infill
G1 X57.185 Y87.887 Z4.464 E660.45167 ; infill
G1 X57.185 Y84.777 Z4.619 E660.57149 ; infill
G1 X57.185 Y77.332 Z4.941 E660.85836 ; infill
G1 X57.185 Y73.510 Z5.062 E661.00563 ; infill
G1 X57.185 Y69.576 Z5.154 E661.15719 ; infill
G1 X57.185 Y66.322 Z5.128 E661.28259 ; infill
G1 X57.185 Y60.998 Z4.985 E661.48772 ; infill
G1 X57.185 Y56.576 Z4.809 E661.65809 ; infill
G1 X57.185 Y46.872 Z4.336 E662.03202 ; infill
G1 X57.185 Y44.526 Z4.247 E662.12242 ; infill
G1 X57.185 Y42.272 Z4.191 E662.20928 ; infill
G1 X57.185 Y40.086 Z4.170 E662.29349 ; infill
G1 X57.185 Y37.951 Z4.190 E662.37576 ; infill
G1 X57.185 Y35.851 Z4.254 E662.45667 ; infill
G1 X57.185 Y34.711 Z4.315 E662.50057 ; infill
G1 X56.726 Y35.057 Z4.315 E662.52271 ; infill
G1 X56.726 Y36.214 Z4.254 E662.56729 ; infill
G1 X56.726 Y38.346 Z4.190 E662.64945 ; infill
G1 X56.726 Y40.516 Z4.170 E662.73305 ; infill
G1 X56.726 Y42.739 Z4.190 E662.81869 ; infill
G1 X56.726 Y45.045 Z4.246 E662.90754 ; infill
G1 X56.726 Y47.476 Z4.334 E663.00123 ; infill
G1 X56.726 Y55.141 Z4.692 E663.29655 ; infill
G1 X56.726 Y60.847 Z4.915 E663.51642 ; infill
G1 X56.726 Y66.260 Z5.052 E663.72497 ; infill
G1 X56.726 Y69.576 Z5.076 E663.85277 ; infill
G1 X56.726 Y73.791 Z4.983 E664.01519 ; infill
G1 X56.726 Y77.373 Z4.869 E664.15318 ; infill
G1 X56.726 Y89.392 Z4.371 E664.61631 ; infill
G1 X56.726 Y91.549 Z4.316 E664.69941 ; infill
G1 X56.726 Y93.572 Z4.292 E664.77736 ; infill
G1 X56.726 Y95.489 Z4.297 E664.85120 ; infill
G1 X56.726 Y97.679 Z4.341 E664.93559 ; infill
G1 X56.268 Y97.145 Z4.338 E664.96271 ; infill
G1 X56.268 Y94.868 Z4.291 E665.05044 ; infill
G1 X56.268 Y92.903 Z4.285 E665.12615 ; infill
G1 X56.268 Y90.831 Z4.309 E665.20598 ; infill
G1 X56.268 Y86.113 Z4.449 E665.38778 ; infill
G1 X56.268 Y82.526 Z4.607 E665.52599 ; infill
G1 X56.268 Y76.098 Z4.843 E665.77365 ; infill
G1 X56.268 Y72.628 Z4.941 E665.90737 ; infill
G1 X56.268 Y69.576 Z4.998 E666.02496 ; infill
G1 X56.268 Y66.197 Z4.977 E666.15516 ; infill
G1 X56.268 Y60.696 Z4.846 E666.36713 ; infill
G1 X56.268 Y56.144 Z4.682 E666.54252 ; infill
G1 X56.268 Y48.097 Z4.332 E666.85257 ; infill
G1 X56.268 Y45.599 Z4.244 E666.94883 ; infill
G1 X56.268 Y43.233 Z4.189 E667.03999 ; infill
G1 X56.268 Y40.954 Z4.169 E667.12780 ; infill
G1 X56.268 Y38.742 Z4.189 E667.21304 ; infill
G1 X56.268 Y36.577 Z4.253 E667.29644 ; infill
G1 X56.268 Y35.403 Z4.315 E667.34171 ; infill
G1 X55.809 Y35.748 Z4.315 E667.36384 ; infill
G1 X55.809 Y36.966 Z4.253 E667.41078 ; infill
G1 X55.809 Y39.169 Z4.189 E667.49566 ; infill
G1 X55.809 Y41.422 Z4.168 E667.58244 ; infill
G1 X55.809 Y43.742 Z4.188 E667.67184 ; infill
G1 X55.809 Y46.171 Z4.243 E667.76545 ; infill
G1 X55.809 Y48.762 Z4.329 E667.86529 ; infill
G1 X55.809 Y57.136 Z4.667 E668.18793 ; infill
G1 X55.809 Y60.545 Z4.778 E668.31927 ; infill
G1 X55.809 Y64.422 Z4.877 E668.46869 ; infill
G1 X55.809 Y67.848 Z4.918 E668.60066 ; infill
G1 X55.809 Y69.576 Z4.920 E668.66727 ; infill
G1 X55.809 Y74.355 Z4.825 E668.85139 ; infill
G1 X55.809 Y81.341 Z4.599 E669.12060 ; infill
G1 X55.809 Y85.155 Z4.442 E669.26752 ; infill
G1 X55.809 Y90.088 Z4.302 E669.45763 ; infill
G1 X55.809 Y92.230 Z4.279 E669.54015 ; infill
G1 X55.809 Y94.244 Z4.286 E669.61774 ; infill
G1 X55.809 Y96.611 Z4.337 E669.70895 ; infill
G1 X55.350 Y96.077 Z4.335 E669.73607 ; infill
G1 X55.350 Y93.616 Z4.281 E669.83091 ; infill
G1 X55.350 Y91.549 Z4.272 E669.91055 ; infill
G1 X55.350 Y89.345 Z4.294 E669.99545 ; infill
G1 X55.350 Y86.916 Z4.349 E670.08906 ; infill
G1 X55.350 Y80.119 Z4.588 E670.35094 ; infill
G1 X55.350 Y74.636 Z4.746 E670.56222 ; infill
G1 X55.350 Y72.179 Z4.806 E670.65688 ; infill
G1 X55.350 Y69.576 Z4.844 E670.75718 ; infill
G1 X55.350 Y66.072 Z4.834 E670.89220 ; infill
G1 X55.350 Y60.394 Z4.714 E671.11097 ; infill
G1 X55.350 Y54.445 Z4.518 E671.34021 ; infill
G1 X55.350 Y49.475 Z4.327 E671.53170 ; infill
G1 X55.350 Y46.780 Z4.241 E671.63557 ; infill
G1 X55.350 Y44.277 Z4.187 E671.73200 ; infill
G1 X55.350 Y41.889 Z4.168 E671.82400 ; infill
G1 X55.350 Y39.599 Z4.188 E671.91225 ; infill
G1 X55.350 Y37.361 Z4.253 E671.99848 ; infill
G1 X55.350 Y36.126 Z4.316 E672.04605 ; infill
G1 X54.891 Y36.518 Z4.316 E672.06929 ; infill
G1 X54.891 Y37.760 Z4.253 E672.11717 ; infill
G1 X54.891 Y40.046 Z4.188 E672.20522 ; infill
G1 X54.891 Y42.395 Z4.167 E672.29576 ; infill
G1 X54.891 Y44.833 Z4.185 E672.38969 ; infill
G1 X54.891 Y47.422 Z4.240 E672.48943 ; infill
G1 X54.891 Y50.228 Z4.324 E672.59755 ; infill
G1 X54.891 Y55.500 Z4.510 E672.80072 ; infill
G1 X54.891 Y60.244 Z4.653 E672.98350 ; infill
G1 X54.891 Y64.240 Z4.738 E673.13747 ; infill
G1 X54.891 Y67.783 Z4.776 E673.27397 ; infill
G1 X54.891 Y69.576 Z4.775 E673.34307 ; infill
G1 X54.891 Y76.199 Z4.643 E673.59825 ; infill
G1 X54.891 Y80.170 Z4.533 E673.75127 ; infill
G1 X54.891 Y83.069 Z4.426 E673.86295 ; infill
G1 X54.891 Y88.558 Z4.287 E674.07448 ; infill
G1 X54.891 Y90.862 Z4.266 E674.16324 ; infill
G1 X54.891 Y92.983 Z4.276 E674.24496 ; infill
G1 X54.891 Y95.541 Z4.334 E674.34353 ; infill
G1 X54.432 Y94.999 Z4.334 E674.37089 ; infill
G1 X54.432 Y92.345 Z4.271 E674.47314 ; infill
G1 X54.432 Y90.152 Z4.260 E674.55764 ; infill
G1 X54.432 Y87.767 Z4.280 E674.64954 ; infill
G1 X54.432 Y81.916 Z4.418 E674.87499 ; infill
G1 X54.432 Y76.231 Z4.589 E675.09404 ; infill
G1 X54.432 Y69.576 Z4.707 E675.35047 ; infill
G1 X54.432 Y65.947 Z4.697 E675.49029 ; infill
G1 X54.432 Y62.337 Z4.644 E675.62941 ; infill
G1 X54.432 Y56.543 Z4.497 E675.85264 ; infill
G1 X54.432 Y48.092 Z4.238 E676.17827 ; infill
G1 X54.432 Y45.421 Z4.184 E676.28121 ; infill
G1 X54.432 Y42.904 Z4.166 E676.37816 ; infill
G1 X54.432 Y40.512 Z4.187 E676.47034 ; infill
G1 X54.432 Y38.188 Z4.253 E676.55988 ; infill
G1 X54.432 Y36.909 Z4.316 E676.60916 ; infill
G1 X53.974 Y37.301 Z4.316 E676.63240 ; infill
G1 X53.974 Y38.616 Z4.252 E676.68309 ; infill
G1 X53.974 Y40.983 Z4.187 E676.77429 ; infill
G1 X53.974 Y43.450 Z4.165 E676.86934 ; infill
G1 X53.974 Y46.031 Z4.183 E676.96881 ; infill
G1 X53.974 Y48.827 Z4.236 E677.07654 ; infill
G1 X53.974 Y59.945 Z4.536 E677.50492 ; infill
G1 X53.974 Y64.060 Z4.615 E677.66345 ; infill
G1 X53.974 Y67.719 Z4.643 E677.80443 ; infill
G1 X53.974 Y71.078 Z4.623 E677.93387 ; infill
G1 X53.974 Y74.910 Z4.564 E678.08153 ; infill
G1 X53.974 Y84.105 Z4.326 E678.43581 ; infill
G1 X53.974 Y86.947 Z4.273 E678.54532 ; infill
G1 X53.974 Y89.443 Z4.253 E678.64149 ; infill
G1 X53.974 Y91.698 Z4.266 E678.72840 ; infill
G1 X53.974 Y94.457 Z4.333 E678.83470 ; infill
G1 X53.515 Y93.915 Z4.331 E678.86206 ; infill
G1 X53.515 Y91.048 Z4.261 E678.97256 ; infill
G1 X53.515 Y88.685 Z4.247 E679.06360 ; infill
G1 X53.515 Y86.083 Z4.266 E679.16384 ; infill
G1 X53.515 Y83.048 Z4.318 E679.28079 ; infill
G1 X53.515 Y73.578 Z4.534 E679.64568 ; infill
G1 X53.515 Y70.895 Z4.570 E679.74907 ; infill
G1 X53.515 Y67.686 Z4.581 E679.87269 ; infill
G1 X53.515 Y63.969 Z4.554 E680.01592 ; infill
G1 X53.515 Y59.798 Z4.485 E680.17665 ; infill
G1 X53.515 Y49.603 Z4.234 E680.56948 ; infill
G1 X53.515 Y46.688 Z4.182 E680.68177 ; infill
G1 X53.515 Y44.007 Z4.165 E680.78509 ; infill
G1 X53.515 Y41.492 Z4.187 E680.88200 ; infill
G1 X53.515 Y39.066 Z4.252 E680.97546 ; infill
G1 X53.515 Y37.721 Z4.316 E681.02728 ; infill
G1 X53.056 Y38.166 Z4.316 E681.05188 ; infill
G1 X53.056 Y39.531 Z4.252 E681.10451 ; infill
G1 X53.056 Y42.000 Z4.186 E681.19963 ; infill
G1 X53.056 Y44.603 Z4.164 E681.29993 ; infill
G1 X53.056 Y47.364 Z4.180 E681.40630 ; infill
G1 X53.056 Y61.987 Z4.476 E681.96974 ; infill
G1 X53.056 Y67.655 Z4.519 E682.18812 ; infill
G1 X53.056 Y70.901 Z4.515 E682.31321 ; infill
G1 X53.056 Y73.066 Z4.488 E682.39664 ; infill
G1 X53.056 Y85.178 Z4.259 E682.86331 ; infill
G1 X53.056 Y87.925 Z4.241 E682.96918 ; infill
G1 X53.056 Y90.370 Z4.256 E683.06338 ; infill
G1 X53.056 Y93.371 Z4.330 E683.17900 ; infill
G1 X52.597 Y92.811 Z4.329 E683.20689 ; infill
G1 X52.597 Y89.693 Z4.252 E683.32705 ; infill
G1 X52.597 Y87.138 Z4.235 E683.42548 ; infill
G1 X52.597 Y84.220 Z4.252 E683.53793 ; infill
G1 X52.597 Y70.907 Z4.460 E684.05089 ; infill
G1 X52.597 Y65.701 Z4.464 E684.25147 ; infill
G1 X52.597 Y59.505 Z4.389 E684.49023 ; infill
G1 X52.597 Y48.112 Z4.179 E684.92919 ; infill
G1 X52.597 Y45.215 Z4.163 E685.04082 ; infill
G1 X52.597 Y42.550 Z4.186 E685.14352 ; infill
G1 X52.597 Y40.002 Z4.252 E685.24167 ; infill
G1 X52.597 Y38.610 Z4.316 E685.29533 ; infill
G1 X52.138 Y39.054 Z4.317 E685.31993 ; infill
G1 X52.138 Y40.509 Z4.252 E685.37601 ; infill
G1 X52.138 Y43.106 Z4.185 E685.47606 ; infill
G1 X52.138 Y45.879 Z4.162 E685.58290 ; infill
G1 X52.138 Y48.900 Z4.178 E685.69932 ; infill
G1 X52.138 Y59.360 Z4.349 E686.10236 ; infill
G1 X52.138 Y65.640 Z4.413 E686.34434 ; infill
G1 X52.138 Y70.913 Z4.405 E686.54749 ; infill
G1 X52.138 Y83.192 Z4.245 E687.02061 ; infill
G1 X52.138 Y86.309 Z4.229 E687.14074 ; infill
G1 X52.138 Y88.974 Z4.247 E687.24342 ; infill
G1 X52.138 Y92.252 Z4.329 E687.36970 ; infill
G1 X51.680 Y91.686 Z4.328 E687.39776 ; infill
G1 X51.680 Y88.246 Z4.242 E687.53032 ; infill
G1 X51.680 Y85.442 Z4.223 E687.63836 ; infill
G1 X51.680 Y82.089 Z4.237 E687.76755 ; infill
G1 X51.680 Y72.501 Z4.341 E688.13698 ; infill
G1 X51.680 Y65.581 Z4.368 E688.40364 ; infill
G1 X51.680 Y61.644 Z4.341 E688.55530 ; infill
G1 X51.680 Y49.740 Z4.176 E689.01400 ; infill
G1 X51.680 Y46.558 Z4.161 E689.13661 ; infill
G1 X51.680 Y43.703 Z4.185 E689.24660 ; infill
G1 X51.680 Y41.016 Z4.251 E689.35013 ; infill
G1 X51.680 Y39.536 Z4.317 E689.40716 ; infill
G1 X51.221 Y40.040 Z4.317 E689.43342 ; infill
G1 X51.221 Y41.562 Z4.251 E689.49205 ; infill
G1 X51.221 Y44.314 Z4.184 E689.59811 ; infill
G1 X51.221 Y47.308 Z4.160 E689.71346 ; infill
G1 X51.221 Y50.682 Z4.174 E689.84347 ; infill
G1 X51.221 Y59.074 Z4.277 E690.16683 ; infill
G1 X51.221 Y65.521 Z4.328 E690.41525 ; infill
G1 X51.221 Y72.290 Z4.307 E690.67604 ; infill
G1 X51.221 Y80.893 Z4.229 E691.00753 ; infill
G1 X51.221 Y84.515 Z4.217 E691.14707 ; infill
G1 X51.221 Y87.505 Z4.238 E691.26229 ; infill
G1 X51.221 Y91.093 Z4.327 E691.40053 ; infill
G1 X50.762 Y90.499 Z4.327 E691.42944 ; infill
G1 X50.762 Y86.719 Z4.233 E691.57509 ; infill
G1 X50.762 Y83.529 Z4.211 E691.69798 ; infill
G1 X50.762 Y69.576 Z4.287 E692.23561 ; infill
G1 X50.762 Y65.462 Z4.288 E692.39412 ; infill
G1 X50.762 Y61.421 Z4.269 E692.54983 ; infill
G1 X50.762 Y51.719 Z4.172 E692.92369 ; infill
G1 X50.762 Y48.097 Z4.159 E693.06325 ; infill
G1 X50.762 Y44.975 Z4.184 E693.18353 ; infill
G1 X50.762 Y42.116 Z4.251 E693.29367 ; infill
G1 X50.762 Y40.544 Z4.317 E693.35425 ; infill
G1 X50.303 Y41.067 Z4.317 E693.38107 ; infill
G1 X50.303 Y42.705 Z4.251 E693.44416 ; infill
G1 X50.303 Y45.650 Z4.183 E693.55763 ; infill
G1 X50.303 Y48.936 Z4.158 E693.68427 ; infill
G1 X50.303 Y65.405 Z4.257 E694.31882 ; infill
G1 X50.303 Y82.475 Z4.204 E694.97656 ; infill
G1 X50.303 Y85.886 Z4.229 E695.10799 ; infill
G1 X50.303 Y89.905 Z4.326 E695.26284 ; infill
G1 X49.844 Y89.298 Z4.326 E695.29217 ; infill
G1 X49.844 Y88.038 Z4.283 E695.34070 ; infill
G1 X49.844 Y85.011 Z4.224 E695.45735 ; infill
G1 X49.844 Y81.337 Z4.197 E695.59892 ; infill
G1 X49.844 Y65.348 Z4.229 E696.21498 ; infill
G1 X49.844 Y49.878 Z4.157 E696.81104 ; infill
G1 X49.844 Y46.396 Z4.183 E696.94524 ; infill
G1 X49.844 Y43.314 Z4.251 E697.06397 ; infill
G1 X49.844 Y41.641 Z4.317 E697.12844 ; infill
G1 X49.386 Y42.214 Z4.317 E697.15674 ; infill
G1 X49.386 Y43.960 Z4.250 E697.22401 ; infill
G1 X49.386 Y47.169 Z4.182 E697.34766 ; infill
G1 X49.386 Y50.906 Z4.156 E697.49166 ; infill
G1 X49.386 Y63.194 Z4.199 E697.96512 ; infill
G1 X49.386 Y80.090 Z4.190 E698.61613 ; infill
G1 X49.386 Y84.086 Z4.219 E698.77009 ; infill
G1 X49.386 Y87.302 Z4.281 E698.89402 ; infill
G1 X49.386 Y88.654 Z4.325 E698.94613 ; infill
G1 X48.927 Y88.005 Z4.326 E698.97676 ; infill
G1 X48.927 Y86.530 Z4.278 E699.03360 ; infill
G1 X48.927 Y83.102 Z4.214 E699.16568 ; infill
G1 X48.927 Y78.704 Z4.182 E699.33515 ; infill
G1 X48.927 Y63.114 Z4.183 E699.93585 ; infill
G1 X48.927 Y52.052 Z4.154 E700.36208 ; infill
G1 X48.927 Y48.009 Z4.181 E700.51785 ; infill
G1 X48.927 Y44.633 Z4.250 E700.64794 ; infill
G1 X48.927 Y42.803 Z4.318 E700.71843 ; infill
G1 X48.468 Y43.462 Z4.318 E700.74936 ; infill
G1 X48.468 Y45.357 Z4.250 E700.82237 ; infill
G1 X48.468 Y48.928 Z4.181 E700.95999 ; infill
G1 X48.468 Y53.357 Z4.153 E701.13062 ; infill
G1 X48.468 Y77.135 Z4.174 E702.04684 ; infill
G1 X48.468 Y82.047 Z4.209 E702.23608 ; infill
G1 X48.468 Y85.724 Z4.275 E702.37775 ; infill
G1 X48.468 Y87.303 Z4.325 E702.43862 ; infill
G1 X48.009 Y86.598 Z4.326 E702.47104 ; infill
G1 X48.009 Y84.858 Z4.272 E702.53809 ; infill
G1 X48.009 Y80.889 Z4.204 E702.69100 ; infill
G1 X48.009 Y69.576 Z4.146 E703.12690 ; infill
G1 X48.009 Y54.873 Z4.151 E703.69344 ; infill
G1 X48.009 Y49.923 Z4.180 E703.88415 ; infill
G1 X48.009 Y46.104 Z4.249 E704.03132 ; infill
G1 X48.009 Y44.120 Z4.318 E704.10775 ; infill
G1 X47.710 Y44.549 Z4.318 E704.12788 ; infill
G1 X47.550 Y44.817 Z4.318 E704.13991 ; infill
G1 X47.550 Y46.935 Z4.249 E704.22151 ; infill
G1 X47.550 Y51.023 Z4.179 E704.37905 ; infill
G1 X47.550 Y56.751 Z4.149 E704.59974 ; infill
G1 X47.550 Y69.576 Z4.140 E705.09391 ; infill
G1 X47.550 Y79.616 Z4.198 E705.48075 ; infill
G1 X47.550 Y83.942 Z4.269 E705.64745 ; infill
G1 X47.550 Y85.841 Z4.325 E705.72060 ; infill
G1 X47.092 Y85.048 Z4.325 E705.75589 ; infill
G1 X47.092 Y82.969 Z4.266 E705.83601 ; infill
G1 X47.092 Y78.199 Z4.192 E706.01981 ; infill
G1 X47.092 Y69.576 Z4.134 E706.35204 ; infill
G1 X47.092 Y59.034 Z4.146 E706.75823 ; infill
G1 X47.092 Y52.269 Z4.178 E707.01891 ; infill
G1 X47.092 Y47.810 Z4.249 E707.19073 ; infill
G1 X47.092 Y45.585 Z4.318 E707.27646 ; infill
G1 X46.633 Y46.353 Z4.319 E707.31093 ; infill
G1 X46.633 Y48.752 Z4.249 E707.40337 ; infill
G1 X46.633 Y53.712 Z4.177 E707.59448 ; infill
G1 X46.633 Y67.892 Z4.136 E708.14085 ; infill
G1 X46.633 Y76.579 Z4.185 E708.47556 ; infill
G1 X46.633 Y81.925 Z4.263 E708.68155 ; infill
G1 X46.633 Y84.219 Z4.325 E708.76997 ; infill
G1 X46.174 Y83.316 Z4.324 E708.80899 ; infill
G1 X46.174 Y80.791 Z4.260 E708.90629 ; infill
G1 X46.174 Y75.409 Z4.186 E709.11365 ; infill
G1 X46.174 Y68.291 Z4.141 E709.38793 ; infill
G1 X46.174 Y55.455 Z4.176 E709.88252 ; infill
G1 X46.174 Y49.815 Z4.248 E710.09984 ; infill
G1 X46.174 Y47.228 Z4.319 E710.19952 ; infill
G1 X45.715 Y48.128 Z4.319 E710.23846 ; infill
G1 X45.715 Y50.989 Z4.248 E710.34869 ; infill
G1 X45.715 Y57.448 Z4.174 E710.59756 ; infill
G1 X45.715 Y69.279 Z4.148 E711.05341 ; infill
G1 X45.715 Y77.692 Z4.231 E711.37760 ; infill
G1 X45.715 Y82.368 Z4.324 E711.55774 ; infill
G1 X45.256 Y81.352 Z4.324 E711.60069 ; infill
G1 X45.256 Y76.352 Z4.230 E711.79333 ; infill
G1 X45.256 Y68.109 Z4.159 E712.11094 ; infill
G1 X45.256 Y57.365 Z4.193 E712.52494 ; infill
G1 X45.256 Y52.314 Z4.247 E712.71953 ; infill
G1 X45.256 Y49.175 Z4.319 E712.84050 ; infill
G1 X44.959 Y49.857 Z4.319 E712.86916 ; infill
G1 X44.797 Y50.291 Z4.319 E712.88702 ; infill
G1 X44.797 Y53.841 Z4.247 E713.02381 ; infill
G1 X44.797 Y57.244 Z4.213 E713.15494 ; infill
G1 X44.797 Y67.146 Z4.171 E713.53647 ; infill
G1 X44.797 Y69.984 Z4.179 E713.64580 ; infill
G1 X44.797 Y75.032 Z4.231 E713.84030 ; infill
G1 X44.797 Y80.209 Z4.324 E714.03980 ; infill
G1 X44.583 Y79.674 Z4.323 E714.06202 ; infill
G1 X44.339 Y78.972 Z4.323 E714.09065 ; infill
G1 X44.339 Y74.620 Z4.244 E714.25835 ; infill
G1 X44.339 Y69.855 Z4.196 E714.44194 ; infill
G1 X44.339 Y67.122 Z4.192 E714.54723 ; infill
G1 X44.339 Y57.124 Z4.233 E714.93248 ; infill
G1 X44.339 Y51.528 Z4.319 E715.14809 ; infill
G1 X43.880 Y52.985 Z4.319 E715.20693 ; infill
G1 X43.880 Y57.966 Z4.245 E715.39887 ; infill
G1 X43.880 Y67.099 Z4.212 E715.75075 ; infill
G1 X43.880 Y72.179 Z4.237 E715.94651 ; infill
G1 X43.880 Y77.596 Z4.322 E716.15522 ; infill
G1 X43.534 Y76.446 Z4.322 E716.20147 ; infill
G1 X43.421 Y76.008 Z4.321 E716.21889 ; infill
G1 X43.421 Y70.370 Z4.245 E716.43614 ; infill
G1 X43.421 Y67.075 Z4.232 E716.56311 ; infill
G1 X43.421 Y61.165 Z4.244 E716.79084 ; infill
G1 X43.421 Y54.646 Z4.319 E717.04203 ; infill
G1 X42.962 Y56.672 Z4.318 E717.12208 ; infill
G1 X42.962 Y62.139 Z4.267 E717.33274 ; infill
G1 X42.962 Y66.959 Z4.257 E717.51846 ; infill
G1 X42.962 Y69.665 Z4.266 E717.62271 ; infill
G1 X42.962 Y74.101 Z4.320 E717.79365 ; infill
G1 X42.815 Y73.425 Z4.320 E717.82030 ; infill
G1 X42.503 Y71.612 Z4.318 E717.89118 ; infill
G1 X42.503 Y66.747 Z4.287 E718.07864 ; infill
G1 X42.503 Y59.309 Z4.318 E718.36524 ; infill
G1 X42.406 Y59.961 Z4.319 E718.39067 ; infill
G1 X42.193 Y61.940 Z4.318 E718.46736 ; infill
G1 X42.067 Y64.012 Z4.318 E718.54733 ; infill
G1 X42.045 Y66.210 Z4.318 E718.63203 ; infill
G1 X42.045 Y66.188 Z4.318 E718.63289 ; infill
G1 E716.63289 F2400.00000 ; retract extruder 0
G92 E0 ; reset extrusion distance
; Filament-specific end gcode 
;END gcode for filament

M104 S0 ; turn off temperature
G28 X0  ; home X axis
M84     ; disable motors
